department,courseNumber,courseTitle,instructorName,instructorGPA,instructorRating,instructorDifficulty,instructorLastTaught,sections,scrapedAt
CS,1110,Course 1110,Arohi Khargonkar,3.40,3.7,2.9,Fall 2026,mowefr 11:00am - 11:50am; mowefr 9:00am - 9:50am,2026-08-04T02:50:16.534Z
CS,1112,Course 1112,Nada Basit,3.91,4.5,2.0,Fall 2026,mowefr 12:30pm - 1:45pm; mowefr 2:00pm - 3:15pm,2026-08-04T02:50:19.467Z
CS,2100,Course 2100,Briana Morrison,3.49,3.0,2.9,Fall 2026,mowefr 11:00am - 11:50am; mowefr 2:00pm - 2:50pm,2026-08-04T02:50:25.294Z
CS,2120,Course 2120,Rohan Chandra,2.73,1.7,4.6,Fall 2026,tuth 11:00am - 12:15pm,2026-08-04T02:50:28.210Z
CS,2120,Course 2120,Sarah Elder,3.45,3.2,2.5,Fall 2026,mowefr 1:00pm - 1:50pm,2026-08-04T02:50:28.210Z
CS,2130,Course 2130,Xinyao Yi,2.67,4.1,4.3,Fall 2026,mowefr 1:00pm - 1:50pm; mowefr 12:00pm - 12:50pm,2026-08-04T02:50:31.129Z
CS,2910,Course 2910,Nada Basit,3.96,2.5,1.0,Fall 2026,N/A,2026-08-04T02:50:34.024Z
CS,2910,Course 2910,Angela Orebaugh,—,—,—,Fall 2026,N/A,2026-08-04T02:50:34.024Z
CS,3100,Course 3100,Aaron Bloomfield,2.93,3.0,4.1,Fall 2026,tuth 12:30pm - 1:45pm,2026-08-04T02:50:39.829Z
CS,3100,Course 3100,Robbie Hott,3.45,4.1,4.4,Fall 2026,tuth 9:30am - 10:45am,2026-08-04T02:50:39.829Z
CS,3120,Course 3120,Mark Floryan,3.09,3.2,4.2,Fall 2026,tuth 9:30am - 10:45am; tuth 11:00am - 12:15pm,2026-08-04T02:50:42.718Z
CS,3130,Course 3130,Charles Reiss,3.19,3.0,4.7,Fall 2026,tuth 2:00pm - 3:15pm,2026-08-04T02:50:45.614Z
CS,3140,Course 3140,Derrick Stone,3.43,2.3,2.7,Fall 2026,tuth 3:30pm - 4:45pm; tuth 2:00pm - 3:15pm,2026-08-04T02:50:48.524Z
CS,3205,Course 3205,Panagiotis Apostolellis,3.60,2.0,3.3,Fall 2026,tuth 3:30pm - 4:45pm,2026-08-04T02:50:51.456Z
CS,3240,Course 3240,Sarah Elder,3.84,—,—,Fall 2026,mowefr 12:00pm - 12:50pm,2026-08-04T02:50:54.388Z
CS,3250,Course 3250,Upsorn Praphamontripong,3.44,3.8,2.3,Fall 2026,mowefr 1:00pm - 1:50pm,2026-08-04T02:50:57.305Z
CS,3250,Course 3250,Wenxi Wang,3.84,2.3,2.0,Fall 2026,tuth 5:00pm - 6:15pm,2026-08-04T02:50:57.305Z
CS,3710,Course 3710,Angela Orebaugh,3.84,4.8,1.4,Fall 2026,mowefr 10:00am - 10:50am; mowefr 11:00am - 11:50am,2026-08-04T02:51:03.151Z
CS,4444,Course 4444,Adwait Jog,3.81,5.0,4.0,Fall 2026,tuth 12:30pm - 1:45pm,2026-08-04T02:51:06.068Z
CS,4457,Course 4457,Charles Reiss,3.12,1.0,4.0,Fall 2026,tuth 12:30pm - 1:45pm,2026-08-04T02:51:08.973Z
CS,4501,Course 4501,Jack Davidson,3.45,—,—,Fall 2026,mowe 3:30pm - 4:45pm,2026-08-04T02:51:11.873Z
CS,4501,Course 4501,Yixin Sun,3.54,3.3,2.8,Fall 2026,mowe 2:00pm - 3:15pm,2026-08-04T02:51:11.873Z
CS,4501,Course 4501,Panagiotis Apostolellis,3.64,3.7,4.0,Fall 2026,tuth 2:00pm - 3:15pm,2026-08-04T02:51:11.873Z
CS,4501,Course 4501,Sebastian Elbaum,3.77,—,—,Fall 2026,tuth 11:00am - 12:15pm,2026-08-04T02:51:11.873Z
CS,4501,Course 4501,Miaomiao Zhang,3.64,5.0,4.0,Fall 2026,mowe 2:00pm - 3:15pm,2026-08-04T02:51:11.873Z
CS,4501,Course 4501,Tianhao Wang,3.74,—,—,Fall 2026,tuth 2:00pm - 3:15pm,2026-08-04T02:51:11.873Z
CS,4501,Course 4501,Jing Yang,—,—,—,Fall 2026,tuth 12:30pm - 1:45pm,2026-08-04T02:51:11.873Z
CS,4620,Course 4620,Matthew Dwyer,3.65,5.0,4.0,Fall 2026,tuth 9:30am - 10:45am,2026-08-04T02:51:14.773Z
CS,4630,Course 4630,Wajih Hassan,3.33,4.0,4.0,Fall 2026,tuth 3:30pm - 4:45pm,2026-08-04T02:51:17.678Z
CS,4710,Course 4710,Lu Feng,3.95,2.5,2.0,Fall 2026,tuth 2:00pm - 3:15pm,2026-08-04T02:51:20.591Z
CS,4710,Course 4710,Ferdinando Fioretto,3.86,3.0,3.0,Fall 2026,mowe 3:30pm - 4:45pm,2026-08-04T02:51:20.591Z
CS,4720,Course 4720,Subigya Nepal,—,—,—,Fall 2026,tuth 3:30pm - 4:45pm,2026-08-04T02:51:23.490Z
CS,4730,Course 4730,Mark Sherriff,3.66,5.0,3.0,Fall 2026,mowefr 11:00am - 11:50am,2026-08-04T02:51:26.389Z
CS,4740,Course 4740,Chang Lou,3.63,4.8,4.5,Fall 2026,mowe 2:00pm - 3:15pm,2026-08-04T02:51:29.308Z
CS,4750,Course 4750,Upsorn Praphamontripong,3.73,3.8,2.1,Fall 2026,mowefr 10:00am - 10:50am,2026-08-04T02:51:32.229Z
CS,4771,Course 4771,Shangtong Zhang,3.92,—,—,Fall 2026,mowefr 2:00pm - 2:50pm,2026-08-04T02:51:35.134Z
CS,4774,Course 4774,Yanjun Qi,3.77,—,—,Fall 2026,tuth 3:30pm - 4:45pm,2026-08-04T02:51:38.037Z
CS,4971,Course 4971,Mark Sherriff,3.88,—,—,Fall 2026,N/A,2026-08-04T02:51:40.936Z
CS,4980,Course 4980,Mark Sherriff,3.51,—,—,Fall 2026,N/A,2026-08-04T02:51:43.878Z
CS,4980,Course 4980,Aaron Bloomfield,3.71,—,—,Fall 2026,N/A,2026-08-04T02:51:43.878Z
CS,4980,Course 4980,David Evans,3.81,—,—,Fall 2026,N/A,2026-08-04T02:51:43.878Z
CS,4980,Course 4980,Jack Davidson,3.81,—,—,Fall 2026,N/A,2026-08-04T02:51:43.878Z
CS,4980,Course 4980,Kevin Skadron,4.00,—,—,Fall 2026,N/A,2026-08-04T02:51:43.878Z
CS,4980,Course 4980,Kevin Sullivan,3.70,—,—,Fall 2026,N/A,2026-08-04T02:51:43.878Z
CS,4980,Course 4980,Laura Barnes,—,—,—,Fall 2026,N/A,2026-08-04T02:51:43.878Z
CS,4980,Course 4980,Yixin Sun,—,—,—,Fall 2026,N/A,2026-08-04T02:51:43.878Z
CS,4980,Course 4980,Nada Basit,3.98,—,—,Fall 2026,N/A,2026-08-04T02:51:43.878Z
CS,4980,Course 4980,Mark Floryan,3.98,—,—,Fall 2026,N/A,2026-08-04T02:51:43.878Z
CS,4980,Course 4980,Yanjun Qi,3.85,—,—,Fall 2026,N/A,2026-08-04T02:51:43.878Z
CS,4980,Course 4980,Angela Orebaugh,—,—,—,Fall 2026,N/A,2026-08-04T02:51:43.878Z
CS,4980,Course 4980,Charles Reiss,3.85,—,—,Fall 2026,N/A,2026-08-04T02:51:43.878Z
CS,4980,Course 4980,Haiying Shen,3.88,—,—,Fall 2026,N/A,2026-08-04T02:51:43.878Z
CS,4980,Course 4980,Homa Alemzadeh,4.00,—,—,Fall 2026,N/A,2026-08-04T02:51:43.878Z
CS,4980,Course 4980,Farzad Hassanzadeh,4.00,—,—,Fall 2026,N/A,2026-08-04T02:51:43.878Z
CS,4980,Course 4980,Nicola Bezzo,—,—,—,Fall 2026,N/A,2026-08-04T02:51:43.878Z
CS,4980,Course 4980,Lu Feng,4.00,—,—,Fall 2026,N/A,2026-08-04T02:51:43.878Z
CS,4980,Course 4980,Madhur Behl,3.91,—,—,Fall 2026,N/A,2026-08-04T02:51:43.878Z
CS,4980,Course 4980,Raymond Pettit,—,—,—,Fall 2026,N/A,2026-08-04T02:51:43.878Z
CS,4980,Course 4980,Panagiotis Apostolellis,—,—,—,Fall 2026,N/A,2026-08-04T02:51:43.878Z
CS,4980,Course 4980,Ashish Venkat,—,—,—,Fall 2026,N/A,2026-08-04T02:51:43.878Z
CS,4980,Course 4980,Sebastian Elbaum,4.00,—,—,Fall 2026,N/A,2026-08-04T02:51:43.878Z
CS,4980,Course 4980,Yangfeng Ji,4.00,—,—,Fall 2026,N/A,2026-08-04T02:51:43.878Z
CS,4980,Course 4980,Aidong Zhang,4.00,—,—,Fall 2026,N/A,2026-08-04T02:51:43.878Z
CS,4980,Course 4980,Rich Nguyen,3.88,—,—,Fall 2026,N/A,2026-08-04T02:51:43.878Z
CS,4980,Course 4980,Tariq Iqbal,—,—,—,Fall 2026,N/A,2026-08-04T02:51:43.878Z
CS,4980,Course 4980,Jundong Li,—,—,—,Fall 2026,N/A,2026-08-04T02:51:43.878Z
CS,4980,Course 4980,Anil Vullikanti,—,—,—,Fall 2026,N/A,2026-08-04T02:51:43.878Z
CS,4980,Course 4980,Madhav Marathe,4.00,—,—,Fall 2026,N/A,2026-08-04T02:51:43.878Z
CS,4980,Course 4980,Afsaneh Doryab,—,—,—,Fall 2026,N/A,2026-08-04T02:51:43.878Z
CS,4980,Course 4980,Felix Lin,—,—,—,Fall 2026,N/A,2026-08-04T02:51:43.878Z
CS,4980,Course 4980,Briana Morrison,—,—,—,Fall 2026,N/A,2026-08-04T02:51:43.878Z
CS,4980,Course 4980,Robbie Hott,—,—,—,Fall 2026,N/A,2026-08-04T02:51:43.878Z
CS,4980,Course 4980,Geoffrey Fox,—,—,—,Fall 2026,N/A,2026-08-04T02:51:43.878Z
CS,4980,Course 4980,Tianhao Wang,—,—,—,Fall 2026,N/A,2026-08-04T02:51:43.878Z
CS,4980,Course 4980,Wajih Hassan,—,—,—,Fall 2026,N/A,2026-08-04T02:51:43.878Z
CS,4980,Course 4980,Yen-Ling Kuo,—,—,—,Fall 2026,N/A,2026-08-04T02:51:43.878Z
CS,4980,Course 4980,Ferdinando Fioretto,—,—,—,Fall 2026,N/A,2026-08-04T02:51:43.878Z
CS,4980,Course 4980,Kun Qian,—,—,—,Fall 2026,N/A,2026-08-04T02:51:43.878Z
CS,4980,Course 4980,Mathews Jacob,—,—,—,Fall 2026,N/A,2026-08-04T02:51:43.878Z
CS,4980,Course 4980,Matheus Ferreira,—,—,—,Fall 2026,N/A,2026-08-04T02:51:43.878Z
CS,4980,Course 4980,Rohan Chandra,—,—,—,Fall 2026,N/A,2026-08-04T02:51:43.878Z
CS,4993,Course 4993,Mark Sherriff,3.78,—,—,Fall 2026,N/A,2026-08-04T02:51:46.829Z
CS,4993,Course 4993,Aaron Bloomfield,3.93,—,—,Fall 2026,N/A,2026-08-04T02:51:46.829Z
CS,4993,Course 4993,David Evans,4.00,—,—,Fall 2026,N/A,2026-08-04T02:51:46.829Z
CS,4993,Course 4993,Jack Davidson,3.33,—,—,Fall 2026,N/A,2026-08-04T02:51:46.829Z
CS,4993,Course 4993,Kevin Skadron,3.66,—,—,Fall 2026,N/A,2026-08-04T02:51:46.829Z
CS,4993,Course 4993,Kevin Sullivan,3.04,—,—,Fall 2026,N/A,2026-08-04T02:51:46.829Z
CS,4993,Course 4993,Scott Acton,—,—,—,Fall 2026,N/A,2026-08-04T02:51:46.829Z
CS,4993,Course 4993,Yixin Sun,—,—,—,Fall 2026,N/A,2026-08-04T02:51:46.829Z
CS,4993,Course 4993,Nada Basit,4.00,—,—,Fall 2026,N/A,2026-08-04T02:51:46.829Z
CS,4993,Course 4993,Mark Floryan,3.97,—,—,Fall 2026,N/A,2026-08-04T02:51:46.829Z
CS,4993,Course 4993,Yanjun Qi,3.88,—,—,Fall 2026,N/A,2026-08-04T02:51:46.829Z
CS,4993,Course 4993,Angela Orebaugh,3.25,—,—,Fall 2026,N/A,2026-08-04T02:51:46.829Z
CS,4993,Course 4993,Samira Khan,4.00,—,—,Fall 2026,N/A,2026-08-04T02:51:46.829Z
CS,4993,Course 4993,Haiying Shen,4.00,—,—,Fall 2026,N/A,2026-08-04T02:51:46.829Z
CS,4993,Course 4993,Homa Alemzadeh,4.00,—,—,Fall 2026,N/A,2026-08-04T02:51:46.829Z
CS,4993,Course 4993,Lu Feng,4.00,—,—,Fall 2026,N/A,2026-08-04T02:51:46.829Z
CS,4993,Course 4993,Madhur Behl,3.90,—,—,Fall 2026,N/A,2026-08-04T02:51:46.829Z
CS,4993,Course 4993,Raymond Pettit,—,—,—,Fall 2026,N/A,2026-08-04T02:51:46.829Z
CS,4993,Course 4993,Panagiotis Apostolellis,3.89,—,—,Fall 2026,N/A,2026-08-04T02:51:46.829Z
CS,4993,Course 4993,Ashish Venkat,—,—,—,Fall 2026,N/A,2026-08-04T02:51:46.829Z
CS,4993,Course 4993,Sebastian Elbaum,4.00,5.0,4.0,Fall 2026,N/A,2026-08-04T02:51:46.829Z
CS,4993,Course 4993,Yangfeng Ji,4.00,—,—,Fall 2026,N/A,2026-08-04T02:51:46.829Z
CS,4993,Course 4993,Aidong Zhang,—,—,—,Fall 2026,N/A,2026-08-04T02:51:46.829Z
CS,4993,Course 4993,Rich Nguyen,—,—,—,Fall 2026,N/A,2026-08-04T02:51:46.829Z
CS,4993,Course 4993,Miaomiao Zhang,—,—,—,Fall 2026,N/A,2026-08-04T02:51:46.829Z
CS,4993,Course 4993,Brad Campbell,—,—,—,Fall 2026,N/A,2026-08-04T02:51:46.829Z
CS,4993,Course 4993,Tariq Iqbal,—,—,—,Fall 2026,N/A,2026-08-04T02:51:46.829Z
CS,4993,Course 4993,Jundong Li,—,—,—,Fall 2026,N/A,2026-08-04T02:51:46.829Z
CS,4993,Course 4993,Anil Vullikanti,—,—,—,Fall 2026,N/A,2026-08-04T02:51:46.829Z
CS,4993,Course 4993,Madhav Marathe,4.00,—,—,Fall 2026,N/A,2026-08-04T02:51:46.829Z
CS,4993,Course 4993,Afsaneh Doryab,—,—,—,Fall 2026,N/A,2026-08-04T02:51:46.829Z
CS,4993,Course 4993,Felix Lin,—,—,—,Fall 2026,N/A,2026-08-04T02:51:46.829Z
CS,4993,Course 4993,Briana Morrison,—,—,—,Fall 2026,N/A,2026-08-04T02:51:46.829Z
CS,4993,Course 4993,Robbie Hott,3.00,—,—,Fall 2026,N/A,2026-08-04T02:51:46.829Z
CS,4993,Course 4993,Judy Fox,3.53,—,—,Fall 2026,N/A,2026-08-04T02:51:46.829Z
CS,4993,Course 4993,Geoffrey Fox,—,—,—,Fall 2026,N/A,2026-08-04T02:51:46.829Z
CS,4993,Course 4993,Tianhao Wang,—,—,—,Fall 2026,N/A,2026-08-04T02:51:46.829Z
CS,4993,Course 4993,Shangtong Zhang,—,—,—,Fall 2026,N/A,2026-08-04T02:51:46.829Z
CS,4993,Course 4993,Wajih Hassan,—,—,—,Fall 2026,N/A,2026-08-04T02:51:46.829Z
CS,4993,Course 4993,Yue Cheng,—,—,—,Fall 2026,N/A,2026-08-04T02:51:46.829Z
CS,4993,Course 4993,Adwait Jog,—,—,—,Fall 2026,N/A,2026-08-04T02:51:46.829Z
CS,4993,Course 4993,Yen-Ling Kuo,—,—,—,Fall 2026,N/A,2026-08-04T02:51:46.829Z
CS,4993,Course 4993,Hyojoon Kim,—,—,—,Fall 2026,N/A,2026-08-04T02:51:46.829Z
CS,4993,Course 4993,Wei-Kai Lin,—,—,—,Fall 2026,N/A,2026-08-04T02:51:46.829Z
CS,4993,Course 4993,Chang Lou,—,—,—,Fall 2026,N/A,2026-08-04T02:51:46.829Z
CS,4993,Course 4993,Ferdinando Fioretto,—,—,—,Fall 2026,N/A,2026-08-04T02:51:46.829Z
CS,4993,Course 4993,Tom Hartvigsen,—,—,—,Fall 2026,N/A,2026-08-04T02:51:46.829Z
CS,4993,Course 4993,Kun Qian,—,—,—,Fall 2026,N/A,2026-08-04T02:51:46.829Z
CS,4993,Course 4993,Rohan Chandra,—,—,—,Fall 2026,N/A,2026-08-04T02:51:46.829Z
CS,4993,Course 4993,Chirag Agarwal,—,—,—,Fall 2026,N/A,2026-08-04T02:51:46.829Z
CS,4993,Course 4993,Kenneth Bilchick,—,—,—,Fall 2026,N/A,2026-08-04T02:51:46.829Z
CS,4998,Course 4998,Mark Sherriff,4.00,—,—,Fall 2026,N/A,2026-08-04T02:51:49.769Z
CS,4998,Course 4998,David Evans,4.00,—,—,Fall 2026,N/A,2026-08-04T02:51:49.769Z
CS,4998,Course 4998,Kevin Skadron,—,—,—,Fall 2026,N/A,2026-08-04T02:51:49.769Z
CS,4998,Course 4998,Yixin Sun,—,—,—,Fall 2026,N/A,2026-08-04T02:51:49.769Z
CS,4998,Course 4998,Yanjun Qi,4.00,—,—,Fall 2026,N/A,2026-08-04T02:51:49.769Z
CS,4998,Course 4998,Angela Orebaugh,—,—,—,Fall 2026,N/A,2026-08-04T02:51:49.769Z
CS,4998,Course 4998,Homa Alemzadeh,—,—,—,Fall 2026,N/A,2026-08-04T02:51:49.769Z
CS,4998,Course 4998,Panagiotis Apostolellis,4.00,—,—,Fall 2026,N/A,2026-08-04T02:51:49.769Z
CS,4998,Course 4998,Ashish Venkat,4.00,—,—,Fall 2026,N/A,2026-08-04T02:51:49.769Z
CS,4998,Course 4998,Sebastian Elbaum,—,—,—,Fall 2026,N/A,2026-08-04T02:51:49.769Z
CS,4998,Course 4998,Yangfeng Ji,—,—,—,Fall 2026,N/A,2026-08-04T02:51:49.769Z
CS,4998,Course 4998,Aidong Zhang,—,—,—,Fall 2026,N/A,2026-08-04T02:51:49.769Z
CS,4998,Course 4998,Rich Nguyen,—,—,—,Fall 2026,N/A,2026-08-04T02:51:49.769Z
CS,4998,Course 4998,Tom Fletcher,—,—,—,Fall 2026,N/A,2026-08-04T02:51:49.769Z
CS,4998,Course 4998,Brad Campbell,—,—,—,Fall 2026,N/A,2026-08-04T02:51:49.769Z
CS,4998,Course 4998,Tariq Iqbal,—,—,—,Fall 2026,N/A,2026-08-04T02:51:49.769Z
CS,4998,Course 4998,Jundong Li,—,—,—,Fall 2026,N/A,2026-08-04T02:51:49.769Z
CS,4998,Course 4998,Anil Vullikanti,—,—,—,Fall 2026,N/A,2026-08-04T02:51:49.769Z
CS,4998,Course 4998,Madhav Marathe,—,—,—,Fall 2026,N/A,2026-08-04T02:51:49.769Z
CS,4998,Course 4998,Afsaneh Doryab,—,—,—,Fall 2026,N/A,2026-08-04T02:51:49.769Z
CS,4998,Course 4998,Briana Morrison,—,—,—,Fall 2026,N/A,2026-08-04T02:51:49.769Z
CS,4998,Course 4998,Robbie Hott,—,—,—,Fall 2026,N/A,2026-08-04T02:51:49.769Z
CS,4998,Course 4998,Judy Fox,—,—,—,Fall 2026,N/A,2026-08-04T02:51:49.769Z
CS,4998,Course 4998,Shangtong Zhang,—,—,—,Fall 2026,N/A,2026-08-04T02:51:49.769Z
CS,4998,Course 4998,Chen-Yu Wei,—,—,—,Fall 2026,N/A,2026-08-04T02:51:49.769Z
CS,4998,Course 4998,Wei-Kai Lin,—,—,—,Fall 2026,N/A,2026-08-04T02:51:49.769Z
CS,4998,Course 4998,Ferdinando Fioretto,—,—,—,Fall 2026,N/A,2026-08-04T02:51:49.769Z
CS,4998,Course 4998,Yu Meng,—,—,—,Fall 2026,N/A,2026-08-04T02:51:49.769Z
CS,4998,Course 4998,Wenxi Wang,—,—,—,Fall 2026,N/A,2026-08-04T02:51:49.769Z
CS,4998,Course 4998,Zezhou Cheng,—,—,—,Fall 2026,N/A,2026-08-04T02:51:49.769Z
CS,6111,Course 6111,Haiying Shen,3.76,—,—,Fall 2026,mowe 2:00pm - 3:15pm,2026-08-04T02:51:52.689Z
CS,6160,Course 6160,Wei-Kai Lin,—,—,—,Fall 2026,mowe 2:00pm - 3:15pm,2026-08-04T02:51:55.621Z
CS,6190,Course 6190,Sandhya Dwarkadas,3.89,1.3,1.0,Fall 2026,tuth 3:30pm - 4:45pm,2026-08-04T02:51:58.521Z
CS,6222,Course 6222,Jack Doerner,3.69,—,—,Fall 2026,tuth 2:00pm - 3:15pm,2026-08-04T02:52:01.423Z
CS,6316,Course 6316,Aidong Zhang,3.86,—,—,Fall 2026,mowe 2:00pm - 3:15pm,2026-08-04T02:52:04.323Z
CS,6354,Course 6354,Kevin Skadron,3.33,—,—,Fall 2026,tuth 2:00pm - 3:15pm,2026-08-04T02:52:07.234Z
CS,6457,Course 6457,Hyojoon Kim,—,—,—,Fall 2026,tuth 9:30am - 10:45am,2026-08-04T02:52:10.134Z
CS,6501,Course 6501,Kevin Sullivan,3.87,1.3,1.0,Fall 2026,mowe 11:00am - 12:15pm,2026-08-04T02:52:13.049Z
CS,6501,Course 6501,Farzad Hassanzadeh,3.55,—,—,Fall 2026,tuth 12:30pm - 1:45pm,2026-08-04T02:52:13.049Z
CS,6501,Course 6501,Miaomiao Zhang,3.88,—,—,Fall 2026,mowe 2:00pm - 3:15pm,2026-08-04T02:52:13.049Z
CS,6501,Course 6501,Tom Fletcher,3.96,—,—,Fall 2026,tuth 9:30am - 10:45am,2026-08-04T02:52:13.049Z
CS,6501,Course 6501,Yen-Ling Kuo,3.73,—,—,Fall 2026,mowe 9:30am - 10:45am,2026-08-04T02:52:13.049Z
CS,6501,Course 6501,Chen-Yu Wei,3.98,—,—,Fall 2026,mowe 11:00am - 12:15pm,2026-08-04T02:52:13.049Z
CS,6501,Course 6501,Kun Qian,4.00,—,—,Fall 2026,mowe 3:30pm - 4:45pm,2026-08-04T02:52:13.049Z
CS,6501,Course 6501,Zezhou Cheng,3.89,—,—,Fall 2026,mowe 5:00pm - 6:15pm,2026-08-04T02:52:13.049Z
CS,6501,Course 6501,Matheus Ferreira,3.50,—,—,Fall 2026,fr 2:00pm - 4:30pm,2026-08-04T02:52:13.049Z
CS,6501,Course 6501,Chen Chen,3.96,—,—,Fall 2026,mowe 9:30am - 10:45am,2026-08-04T02:52:13.049Z
CS,6501,Course 6501,Jing Yang,—,—,—,Fall 2026,tuth 12:30pm - 1:45pm,2026-08-04T02:52:13.049Z
CS,6501,Course 6501,Qizhe Cai,4.00,—,—,Fall 2026,tuth 12:30pm - 1:45pm,2026-08-04T02:52:13.049Z
CS,6501,Course 6501,Zhe Zeng,3.65,—,—,Fall 2026,mowe 3:30pm - 4:45pm,2026-08-04T02:52:13.049Z
CS,6501,Course 6501,Xi Peng,—,—,—,Fall 2026,mowe 11:00am - 12:15pm,2026-08-04T02:52:13.049Z
CS,6770,Course 6770,Yangfeng Ji,3.81,—,—,Fall 2026,tuth 11:00am - 12:15pm,2026-08-04T02:52:18.898Z
CS,6780,Course 6780,Kun Qian,—,—,—,Fall 2026,mowe 12:30pm - 1:45pm,2026-08-04T02:52:21.795Z
CS,6890,Course 6890,Mark Sherriff,—,—,—,Fall 2026,N/A,2026-08-04T02:52:24.724Z
CS,6890,Course 6890,David Evans,—,—,—,Fall 2026,N/A,2026-08-04T02:52:24.724Z
CS,6890,Course 6890,Jack Davidson,—,—,—,Fall 2026,N/A,2026-08-04T02:52:24.724Z
CS,6890,Course 6890,Kevin Skadron,—,—,—,Fall 2026,N/A,2026-08-04T02:52:24.724Z
CS,6890,Course 6890,Kevin Sullivan,—,—,—,Fall 2026,N/A,2026-08-04T02:52:24.724Z
CS,6890,Course 6890,Yixin Sun,—,—,—,Fall 2026,N/A,2026-08-04T02:52:24.724Z
CS,6890,Course 6890,Yanjun Qi,—,—,—,Fall 2026,N/A,2026-08-04T02:52:24.724Z
CS,6890,Course 6890,Samira Khan,—,—,—,Fall 2026,N/A,2026-08-04T02:52:24.724Z
CS,6890,Course 6890,Charles Reiss,—,—,—,Fall 2026,N/A,2026-08-04T02:52:24.724Z
CS,6890,Course 6890,Haiying Shen,—,—,—,Fall 2026,N/A,2026-08-04T02:52:24.724Z
CS,6890,Course 6890,Homa Alemzadeh,—,—,—,Fall 2026,N/A,2026-08-04T02:52:24.724Z
CS,6890,Course 6890,Farzad Hassanzadeh,—,—,—,Fall 2026,N/A,2026-08-04T02:52:24.724Z
CS,6890,Course 6890,Lu Feng,—,—,—,Fall 2026,N/A,2026-08-04T02:52:24.724Z
CS,6890,Course 6890,Derrick Stone,—,—,—,Fall 2026,N/A,2026-08-04T02:52:24.724Z
CS,6890,Course 6890,Madhur Behl,—,—,—,Fall 2026,N/A,2026-08-04T02:52:24.724Z
CS,6890,Course 6890,Raymond Pettit,—,—,—,Fall 2026,N/A,2026-08-04T02:52:24.724Z
CS,6890,Course 6890,Panagiotis Apostolellis,—,—,—,Fall 2026,N/A,2026-08-04T02:52:24.724Z
CS,6890,Course 6890,Ashish Venkat,—,—,—,Fall 2026,N/A,2026-08-04T02:52:24.724Z
CS,6890,Course 6890,Sebastian Elbaum,—,—,—,Fall 2026,N/A,2026-08-04T02:52:24.724Z
CS,6890,Course 6890,Yangfeng Ji,—,—,—,Fall 2026,N/A,2026-08-04T02:52:24.724Z
CS,6890,Course 6890,Aidong Zhang,—,—,—,Fall 2026,N/A,2026-08-04T02:52:24.724Z
CS,6890,Course 6890,Rich Nguyen,—,—,—,Fall 2026,N/A,2026-08-04T02:52:24.724Z
CS,6890,Course 6890,Miaomiao Zhang,—,—,—,Fall 2026,N/A,2026-08-04T02:52:24.724Z
CS,6890,Course 6890,Jundong Li,—,—,—,Fall 2026,N/A,2026-08-04T02:52:24.724Z
CS,6890,Course 6890,Madhav Marathe,—,—,—,Fall 2026,N/A,2026-08-04T02:52:24.724Z
CS,6890,Course 6890,Felix Lin,—,—,—,Fall 2026,N/A,2026-08-04T02:52:24.724Z
CS,6890,Course 6890,Mohammad Mahmoody,—,—,—,Fall 2026,N/A,2026-08-04T02:52:24.724Z
CS,6890,Course 6890,Robbie Hott,—,—,—,Fall 2026,N/A,2026-08-04T02:52:24.724Z
CS,6890,Course 6890,Geoffrey Fox,—,—,—,Fall 2026,N/A,2026-08-04T02:52:24.724Z
CS,6890,Course 6890,Tianhao Wang,—,—,—,Fall 2026,N/A,2026-08-04T02:52:24.724Z
CS,6890,Course 6890,Shangtong Zhang,—,—,—,Fall 2026,N/A,2026-08-04T02:52:24.724Z
CS,6890,Course 6890,Wajih Hassan,—,—,—,Fall 2026,N/A,2026-08-04T02:52:24.724Z
CS,6890,Course 6890,Yue Cheng,—,—,—,Fall 2026,N/A,2026-08-04T02:52:24.724Z
CS,6890,Course 6890,Adwait Jog,—,—,—,Fall 2026,N/A,2026-08-04T02:52:24.724Z
CS,6890,Course 6890,Yen-Ling Kuo,—,—,—,Fall 2026,N/A,2026-08-04T02:52:24.724Z
CS,6890,Course 6890,Hyojoon Kim,—,—,—,Fall 2026,N/A,2026-08-04T02:52:24.724Z
CS,6890,Course 6890,Chen-Yu Wei,—,—,—,Fall 2026,N/A,2026-08-04T02:52:24.724Z
CS,6890,Course 6890,Wei-Kai Lin,—,—,—,Fall 2026,N/A,2026-08-04T02:52:24.724Z
CS,6890,Course 6890,Chang Lou,—,—,—,Fall 2026,N/A,2026-08-04T02:52:24.724Z
CS,6890,Course 6890,Ferdinando Fioretto,—,—,—,Fall 2026,N/A,2026-08-04T02:52:24.724Z
CS,6890,Course 6890,Yu Meng,—,—,—,Fall 2026,N/A,2026-08-04T02:52:24.724Z
CS,6890,Course 6890,Zezhou Cheng,—,—,—,Fall 2026,N/A,2026-08-04T02:52:24.724Z
CS,6890,Course 6890,Hadi Daneshmand,—,—,—,Fall 2026,N/A,2026-08-04T02:52:24.724Z
CS,6993,Course 6993,Kevin Sullivan,—,—,—,Fall 2026,N/A,2026-08-04T02:52:27.634Z
CS,6993,Course 6993,Homa Alemzadeh,—,—,—,Fall 2026,N/A,2026-08-04T02:52:27.634Z
CS,6993,Course 6993,Raymond Pettit,—,—,—,Fall 2026,N/A,2026-08-04T02:52:27.634Z
CS,6993,Course 6993,Panagiotis Apostolellis,—,—,—,Fall 2026,N/A,2026-08-04T02:52:27.634Z
CS,6993,Course 6993,Afsaneh Doryab,—,—,—,Fall 2026,N/A,2026-08-04T02:52:27.634Z
CS,6993,Course 6993,Yue Cheng,—,—,—,Fall 2026,N/A,2026-08-04T02:52:27.634Z
CS,6993,Course 6993,Wenxi Wang,—,—,—,Fall 2026,N/A,2026-08-04T02:52:27.634Z
CS,7993,Course 7993,Jack Davidson,4.00,—,—,Fall 2026,N/A,2026-08-04T02:52:30.552Z
CS,7993,Course 7993,Kevin Skadron,3.84,—,—,Fall 2026,N/A,2026-08-04T02:52:30.552Z
CS,7993,Course 7993,Kevin Sullivan,4.00,—,—,Fall 2026,N/A,2026-08-04T02:52:30.552Z
CS,7993,Course 7993,Yixin Sun,—,—,—,Fall 2026,N/A,2026-08-04T02:52:30.552Z
CS,7993,Course 7993,Nada Basit,4.00,—,—,Fall 2026,N/A,2026-08-04T02:52:30.552Z
CS,7993,Course 7993,Yanjun Qi,3.93,—,—,Fall 2026,N/A,2026-08-04T02:52:30.552Z
CS,7993,Course 7993,Samira Khan,4.00,—,—,Fall 2026,N/A,2026-08-04T02:52:30.552Z
CS,7993,Course 7993,Haiying Shen,3.81,—,—,Fall 2026,N/A,2026-08-04T02:52:30.552Z
CS,7993,Course 7993,Homa Alemzadeh,—,—,—,Fall 2026,N/A,2026-08-04T02:52:30.552Z
CS,7993,Course 7993,Lu Feng,4.00,—,—,Fall 2026,N/A,2026-08-04T02:52:30.552Z
CS,7993,Course 7993,Madhur Behl,3.94,—,—,Fall 2026,N/A,2026-08-04T02:52:30.552Z
CS,7993,Course 7993,Raymond Pettit,—,—,—,Fall 2026,N/A,2026-08-04T02:52:30.552Z
CS,7993,Course 7993,Ashish Venkat,—,—,—,Fall 2026,N/A,2026-08-04T02:52:30.552Z
CS,7993,Course 7993,Sebastian Elbaum,3.70,—,—,Fall 2026,N/A,2026-08-04T02:52:30.552Z
CS,7993,Course 7993,Yangfeng Ji,4.00,—,—,Fall 2026,N/A,2026-08-04T02:52:30.552Z
CS,7993,Course 7993,Aidong Zhang,—,—,—,Fall 2026,N/A,2026-08-04T02:52:30.552Z
CS,7993,Course 7993,Matthew Dwyer,—,—,—,Fall 2026,N/A,2026-08-04T02:52:30.552Z
CS,7993,Course 7993,Miaomiao Zhang,—,—,—,Fall 2026,N/A,2026-08-04T02:52:30.552Z
CS,7993,Course 7993,Brad Campbell,—,—,—,Fall 2026,N/A,2026-08-04T02:52:30.552Z
CS,7993,Course 7993,Jundong Li,—,—,—,Fall 2026,N/A,2026-08-04T02:52:30.552Z
CS,7993,Course 7993,Anil Vullikanti,4.00,—,—,Fall 2026,N/A,2026-08-04T02:52:30.552Z
CS,7993,Course 7993,Madhav Marathe,4.00,—,—,Fall 2026,N/A,2026-08-04T02:52:30.552Z
CS,7993,Course 7993,Afsaneh Doryab,—,—,—,Fall 2026,N/A,2026-08-04T02:52:30.552Z
CS,7993,Course 7993,Felix Lin,—,—,—,Fall 2026,N/A,2026-08-04T02:52:30.552Z
CS,7993,Course 7993,Robbie Hott,—,—,—,Fall 2026,N/A,2026-08-04T02:52:30.552Z
CS,7993,Course 7993,Judy Fox,—,—,—,Fall 2026,N/A,2026-08-04T02:52:30.552Z
CS,7993,Course 7993,Geoffrey Fox,—,—,—,Fall 2026,N/A,2026-08-04T02:52:30.552Z
CS,7993,Course 7993,Tianhao Wang,—,—,—,Fall 2026,N/A,2026-08-04T02:52:30.552Z
CS,7993,Course 7993,Shangtong Zhang,—,—,—,Fall 2026,N/A,2026-08-04T02:52:30.552Z
CS,7993,Course 7993,Yue Cheng,—,—,—,Fall 2026,N/A,2026-08-04T02:52:30.552Z
CS,7993,Course 7993,Yen-Ling Kuo,—,—,—,Fall 2026,N/A,2026-08-04T02:52:30.552Z
CS,7993,Course 7993,Hyojoon Kim,—,—,—,Fall 2026,N/A,2026-08-04T02:52:30.552Z
CS,7993,Course 7993,Chen-Yu Wei,—,—,—,Fall 2026,N/A,2026-08-04T02:52:30.552Z
CS,7993,Course 7993,Wei-Kai Lin,—,—,—,Fall 2026,N/A,2026-08-04T02:52:30.552Z
CS,7993,Course 7993,Chang Lou,—,—,—,Fall 2026,N/A,2026-08-04T02:52:30.552Z
CS,7993,Course 7993,Ferdinando Fioretto,—,—,—,Fall 2026,N/A,2026-08-04T02:52:30.552Z
CS,7993,Course 7993,Hadi Daneshmand,—,—,—,Fall 2026,N/A,2026-08-04T02:52:30.552Z
CS,7995,Course 7995,Mark Sherriff,—,—,—,Fall 2026,N/A,2026-08-04T02:52:33.472Z
CS,7995,Course 7995,David Evans,4.00,—,—,Fall 2026,N/A,2026-08-04T02:52:33.472Z
CS,7995,Course 7995,Kevin Skadron,3.93,—,—,Fall 2026,N/A,2026-08-04T02:52:33.472Z
CS,7995,Course 7995,Nada Basit,4.00,—,—,Fall 2026,N/A,2026-08-04T02:52:33.472Z
CS,7995,Course 7995,Homa Alemzadeh,—,—,—,Fall 2026,N/A,2026-08-04T02:52:33.472Z
CS,7995,Course 7995,Madhur Behl,4.00,—,—,Fall 2026,N/A,2026-08-04T02:52:33.472Z
CS,7995,Course 7995,Ashish Venkat,—,—,—,Fall 2026,N/A,2026-08-04T02:52:33.472Z
CS,7995,Course 7995,Sebastian Elbaum,4.00,—,—,Fall 2026,N/A,2026-08-04T02:52:33.472Z
CS,7995,Course 7995,David Wu,—,—,—,Fall 2026,N/A,2026-08-04T02:52:33.472Z
CS,7995,Course 7995,Aidong Zhang,—,—,—,Fall 2026,N/A,2026-08-04T02:52:33.472Z
CS,7995,Course 7995,Miaomiao Zhang,—,—,—,Fall 2026,N/A,2026-08-04T02:52:33.472Z
CS,7995,Course 7995,Haifeng Xu,—,—,—,Fall 2026,N/A,2026-08-04T02:52:33.472Z
CS,7995,Course 7995,Anil Vullikanti,—,—,—,Fall 2026,N/A,2026-08-04T02:52:33.472Z
CS,7995,Course 7995,Madhav Marathe,—,—,—,Fall 2026,N/A,2026-08-04T02:52:33.472Z
CS,7995,Course 7995,Afsaneh Doryab,—,—,—,Fall 2026,N/A,2026-08-04T02:52:33.472Z
CS,7995,Course 7995,Mohammad Mahmoody,4.00,—,—,Fall 2026,N/A,2026-08-04T02:52:33.472Z
CS,7995,Course 7995,Shangtong Zhang,—,—,—,Fall 2026,N/A,2026-08-04T02:52:33.472Z
CS,7995,Course 7995,Sandhya Dwarkadas,—,—,—,Fall 2026,N/A,2026-08-04T02:52:33.472Z
CS,7995,Course 7995,Yen-Ling Kuo,—,—,—,Fall 2026,N/A,2026-08-04T02:52:33.472Z
CS,7995,Course 7995,Hyojoon Kim,—,—,—,Fall 2026,N/A,2026-08-04T02:52:33.472Z
CS,7995,Course 7995,Chen-Yu Wei,—,—,—,Fall 2026,N/A,2026-08-04T02:52:33.472Z
CS,7995,Course 7995,Wei-Kai Lin,—,—,—,Fall 2026,N/A,2026-08-04T02:52:33.472Z
CS,7995,Course 7995,Chang Lou,—,—,—,Fall 2026,N/A,2026-08-04T02:52:33.472Z
CS,7995,Course 7995,Ferdinando Fioretto,—,—,—,Fall 2026,N/A,2026-08-04T02:52:33.472Z
CS,7995,Course 7995,Hadi Daneshmand,—,—,—,Fall 2026,N/A,2026-08-04T02:52:33.472Z
CS,8897,Course 8897,Mark Sherriff,1.30,—,—,Fall 2026,N/A,2026-08-04T02:52:36.392Z
CS,8897,Course 8897,Aaron Bloomfield,—,—,—,Fall 2026,N/A,2026-08-04T02:52:36.392Z
CS,8897,Course 8897,David Evans,—,—,—,Fall 2026,N/A,2026-08-04T02:52:36.392Z
CS,8897,Course 8897,Jack Davidson,—,—,—,Fall 2026,N/A,2026-08-04T02:52:36.392Z
CS,8897,Course 8897,Kevin Sullivan,1.30,—,—,Fall 2026,N/A,2026-08-04T02:52:36.392Z
CS,8897,Course 8897,Yixin Sun,—,—,—,Fall 2026,N/A,2026-08-04T02:52:36.392Z
CS,8897,Course 8897,Nada Basit,—,—,—,Fall 2026,N/A,2026-08-04T02:52:36.392Z
CS,8897,Course 8897,Mark Floryan,—,—,—,Fall 2026,N/A,2026-08-04T02:52:36.392Z
CS,8897,Course 8897,Yanjun Qi,—,—,—,Fall 2026,N/A,2026-08-04T02:52:36.392Z
CS,8897,Course 8897,Samira Khan,—,—,—,Fall 2026,N/A,2026-08-04T02:52:36.392Z
CS,8897,Course 8897,Upsorn Praphamontripong,—,—,—,Fall 2026,N/A,2026-08-04T02:52:36.392Z
CS,8897,Course 8897,Charles Reiss,—,—,—,Fall 2026,N/A,2026-08-04T02:52:36.392Z
CS,8897,Course 8897,Haiying Shen,—,—,—,Fall 2026,N/A,2026-08-04T02:52:36.392Z
CS,8897,Course 8897,Homa Alemzadeh,—,—,—,Fall 2026,N/A,2026-08-04T02:52:36.392Z
CS,8897,Course 8897,Farzad Hassanzadeh,—,—,—,Fall 2026,N/A,2026-08-04T02:52:36.392Z
CS,8897,Course 8897,Lu Feng,—,—,—,Fall 2026,N/A,2026-08-04T02:52:36.392Z
CS,8897,Course 8897,Madhur Behl,—,—,—,Fall 2026,N/A,2026-08-04T02:52:36.392Z
CS,8897,Course 8897,Raymond Pettit,—,—,—,Fall 2026,N/A,2026-08-04T02:52:36.392Z
CS,8897,Course 8897,Ashish Venkat,—,—,—,Fall 2026,N/A,2026-08-04T02:52:36.392Z
CS,8897,Course 8897,Sebastian Elbaum,—,—,—,Fall 2026,N/A,2026-08-04T02:52:36.392Z
CS,8897,Course 8897,Yangfeng Ji,—,—,—,Fall 2026,N/A,2026-08-04T02:52:36.392Z
CS,8897,Course 8897,Matthew Dwyer,—,—,—,Fall 2026,N/A,2026-08-04T02:52:36.392Z
CS,8897,Course 8897,Rich Nguyen,—,—,—,Fall 2026,N/A,2026-08-04T02:52:36.392Z
CS,8897,Course 8897,Miaomiao Zhang,—,—,—,Fall 2026,N/A,2026-08-04T02:52:36.392Z
CS,8897,Course 8897,Tom Fletcher,—,—,—,Fall 2026,N/A,2026-08-04T02:52:36.392Z
CS,8897,Course 8897,Brad Campbell,—,—,—,Fall 2026,N/A,2026-08-04T02:52:36.392Z
CS,8897,Course 8897,Afsaneh Doryab,—,—,—,Fall 2026,N/A,2026-08-04T02:52:36.392Z
CS,8897,Course 8897,Kai-wei Chang,—,—,—,Fall 2026,N/A,2026-08-04T02:52:36.392Z
CS,8897,Course 8897,Felix Lin,—,—,—,Fall 2026,N/A,2026-08-04T02:52:36.392Z
CS,8897,Course 8897,Mohammad Mahmoody,—,—,—,Fall 2026,N/A,2026-08-04T02:52:36.392Z
CS,8897,Course 8897,Briana Morrison,—,—,—,Fall 2026,N/A,2026-08-04T02:52:36.392Z
CS,8897,Course 8897,Robbie Hott,—,—,—,Fall 2026,N/A,2026-08-04T02:52:36.392Z
CS,8897,Course 8897,Geoffrey Fox,—,—,—,Fall 2026,N/A,2026-08-04T02:52:36.392Z
CS,8897,Course 8897,Tianhao Wang,—,—,—,Fall 2026,N/A,2026-08-04T02:52:36.392Z
CS,8897,Course 8897,Shangtong Zhang,—,—,—,Fall 2026,N/A,2026-08-04T02:52:36.392Z
CS,8897,Course 8897,Wajih Hassan,—,—,—,Fall 2026,N/A,2026-08-04T02:52:36.392Z
CS,8897,Course 8897,Yue Cheng,—,—,—,Fall 2026,N/A,2026-08-04T02:52:36.392Z
CS,8897,Course 8897,Sandhya Dwarkadas,—,—,—,Fall 2026,N/A,2026-08-04T02:52:36.392Z
CS,8897,Course 8897,Adwait Jog,—,—,—,Fall 2026,N/A,2026-08-04T02:52:36.392Z
CS,8897,Course 8897,Yen-Ling Kuo,—,—,—,Fall 2026,N/A,2026-08-04T02:52:36.392Z
CS,8897,Course 8897,Arohi Khargonkar,—,—,—,Fall 2026,N/A,2026-08-04T02:52:36.392Z
CS,8897,Course 8897,Hyojoon Kim,—,—,—,Fall 2026,N/A,2026-08-04T02:52:36.392Z
CS,8897,Course 8897,Chen-Yu Wei,—,—,—,Fall 2026,N/A,2026-08-04T02:52:36.392Z
CS,8897,Course 8897,Wei-Kai Lin,—,—,—,Fall 2026,N/A,2026-08-04T02:52:36.392Z
CS,8897,Course 8897,Chang Lou,—,—,—,Fall 2026,N/A,2026-08-04T02:52:36.392Z
CS,8897,Course 8897,Ferdinando Fioretto,—,—,—,Fall 2026,N/A,2026-08-04T02:52:36.392Z
CS,8897,Course 8897,Yu Meng,—,—,—,Fall 2026,N/A,2026-08-04T02:52:36.392Z
CS,8897,Course 8897,Kun Qian,—,—,—,Fall 2026,N/A,2026-08-04T02:52:36.392Z
CS,8897,Course 8897,Wenxi Wang,—,—,—,Fall 2026,N/A,2026-08-04T02:52:36.392Z
CS,8897,Course 8897,Henry Kautz,—,—,—,Fall 2026,N/A,2026-08-04T02:52:36.392Z
CS,8897,Course 8897,Zezhou Cheng,—,—,—,Fall 2026,N/A,2026-08-04T02:52:36.392Z
CS,8897,Course 8897,Matheus Ferreira,—,—,—,Fall 2026,N/A,2026-08-04T02:52:36.392Z
CS,8897,Course 8897,Chen Chen,—,—,—,Fall 2026,N/A,2026-08-04T02:52:36.392Z
CS,8897,Course 8897,Rohan Chandra,—,—,—,Fall 2026,N/A,2026-08-04T02:52:36.392Z
CS,8897,Course 8897,Sarah Elder,—,—,—,Fall 2026,N/A,2026-08-04T02:52:36.392Z
CS,8897,Course 8897,Qizhe Cai,—,—,—,Fall 2026,N/A,2026-08-04T02:52:36.392Z
CS,8897,Course 8897,Zhe Zeng,—,—,—,Fall 2026,N/A,2026-08-04T02:52:36.392Z
CS,8897,Course 8897,Jack Doerner,—,—,—,Fall 2026,N/A,2026-08-04T02:52:36.392Z
CS,8999,Course 8999,Mark Sherriff,—,—,—,Fall 2026,N/A,2026-08-04T02:52:39.319Z
CS,8999,Course 8999,Aaron Bloomfield,—,—,—,Fall 2026,N/A,2026-08-04T02:52:39.319Z
CS,8999,Course 8999,David Evans,1.30,—,—,Fall 2026,N/A,2026-08-04T02:52:39.319Z
CS,8999,Course 8999,Jack Davidson,—,—,—,Fall 2026,N/A,2026-08-04T02:52:39.319Z
CS,8999,Course 8999,Kevin Skadron,—,—,—,Fall 2026,N/A,2026-08-04T02:52:39.319Z
CS,8999,Course 8999,Kevin Sullivan,—,—,—,Fall 2026,N/A,2026-08-04T02:52:39.319Z
CS,8999,Course 8999,Yixin Sun,—,—,—,Fall 2026,N/A,2026-08-04T02:52:39.319Z
CS,8999,Course 8999,Yanjun Qi,—,—,—,Fall 2026,N/A,2026-08-04T02:52:39.319Z
CS,8999,Course 8999,Samira Khan,—,—,—,Fall 2026,N/A,2026-08-04T02:52:39.319Z
CS,8999,Course 8999,Charles Reiss,—,—,—,Fall 2026,N/A,2026-08-04T02:52:39.319Z
CS,8999,Course 8999,Haiying Shen,—,—,—,Fall 2026,N/A,2026-08-04T02:52:39.319Z
CS,8999,Course 8999,Homa Alemzadeh,—,—,—,Fall 2026,N/A,2026-08-04T02:52:39.319Z
CS,8999,Course 8999,Farzad Hassanzadeh,—,—,—,Fall 2026,N/A,2026-08-04T02:52:39.319Z
CS,8999,Course 8999,Lu Feng,—,—,—,Fall 2026,N/A,2026-08-04T02:52:39.319Z
CS,8999,Course 8999,Madhur Behl,—,—,—,Fall 2026,N/A,2026-08-04T02:52:39.319Z
CS,8999,Course 8999,Ashish Venkat,—,—,—,Fall 2026,N/A,2026-08-04T02:52:39.319Z
CS,8999,Course 8999,Yonghwi Kwon,—,—,—,Fall 2026,N/A,2026-08-04T02:52:39.319Z
CS,8999,Course 8999,Sebastian Elbaum,—,—,—,Fall 2026,N/A,2026-08-04T02:52:39.319Z
CS,8999,Course 8999,Yangfeng Ji,—,—,—,Fall 2026,N/A,2026-08-04T02:52:39.319Z
CS,8999,Course 8999,Aidong Zhang,—,—,—,Fall 2026,N/A,2026-08-04T02:52:39.319Z
CS,8999,Course 8999,Matthew Dwyer,—,—,—,Fall 2026,N/A,2026-08-04T02:52:39.319Z
CS,8999,Course 8999,Rich Nguyen,—,—,—,Fall 2026,N/A,2026-08-04T02:52:39.319Z
CS,8999,Course 8999,Miaomiao Zhang,—,—,—,Fall 2026,N/A,2026-08-04T02:52:39.319Z
CS,8999,Course 8999,Tom Fletcher,—,—,—,Fall 2026,N/A,2026-08-04T02:52:39.319Z
CS,8999,Course 8999,Brad Campbell,—,—,—,Fall 2026,N/A,2026-08-04T02:52:39.319Z
CS,8999,Course 8999,Tariq Iqbal,—,—,—,Fall 2026,N/A,2026-08-04T02:52:39.319Z
CS,8999,Course 8999,Jundong Li,—,—,—,Fall 2026,N/A,2026-08-04T02:52:39.319Z
CS,8999,Course 8999,Anil Vullikanti,—,—,—,Fall 2026,N/A,2026-08-04T02:52:39.319Z
CS,8999,Course 8999,Madhav Marathe,—,—,—,Fall 2026,N/A,2026-08-04T02:52:39.319Z
CS,8999,Course 8999,Afsaneh Doryab,—,—,—,Fall 2026,N/A,2026-08-04T02:52:39.319Z
CS,8999,Course 8999,Kai-wei Chang,—,—,—,Fall 2026,N/A,2026-08-04T02:52:39.319Z
CS,8999,Course 8999,Felix Lin,—,—,—,Fall 2026,N/A,2026-08-04T02:52:39.319Z
CS,8999,Course 8999,Mohammad Mahmoody,—,—,—,Fall 2026,N/A,2026-08-04T02:52:39.319Z
CS,8999,Course 8999,Judy Fox,—,—,—,Fall 2026,N/A,2026-08-04T02:52:39.319Z
CS,8999,Course 8999,Geoffrey Fox,—,—,—,Fall 2026,N/A,2026-08-04T02:52:39.319Z
CS,8999,Course 8999,Tianhao Wang,—,—,—,Fall 2026,N/A,2026-08-04T02:52:39.319Z
CS,8999,Course 8999,Shangtong Zhang,—,—,—,Fall 2026,N/A,2026-08-04T02:52:39.319Z
CS,8999,Course 8999,Wajih Hassan,—,—,—,Fall 2026,N/A,2026-08-04T02:52:39.319Z
CS,8999,Course 8999,Yue Cheng,—,—,—,Fall 2026,N/A,2026-08-04T02:52:39.319Z
CS,8999,Course 8999,Sandhya Dwarkadas,—,—,—,Fall 2026,N/A,2026-08-04T02:52:39.319Z
CS,8999,Course 8999,Adwait Jog,—,—,—,Fall 2026,N/A,2026-08-04T02:52:39.319Z
CS,8999,Course 8999,Yen-Ling Kuo,—,—,—,Fall 2026,N/A,2026-08-04T02:52:39.319Z
CS,8999,Course 8999,Hyojoon Kim,—,—,—,Fall 2026,N/A,2026-08-04T02:52:39.319Z
CS,8999,Course 8999,Chen-Yu Wei,—,—,—,Fall 2026,N/A,2026-08-04T02:52:39.319Z
CS,8999,Course 8999,Wei-Kai Lin,—,—,—,Fall 2026,N/A,2026-08-04T02:52:39.319Z
CS,8999,Course 8999,Chang Lou,—,—,—,Fall 2026,N/A,2026-08-04T02:52:39.319Z
CS,8999,Course 8999,Ferdinando Fioretto,—,—,—,Fall 2026,N/A,2026-08-04T02:52:39.319Z
CS,8999,Course 8999,Yu Meng,—,—,—,Fall 2026,N/A,2026-08-04T02:52:39.319Z
CS,8999,Course 8999,Kun Qian,—,—,—,Fall 2026,N/A,2026-08-04T02:52:39.319Z
CS,8999,Course 8999,Wenxi Wang,—,—,—,Fall 2026,N/A,2026-08-04T02:52:39.319Z
CS,8999,Course 8999,Henry Kautz,—,—,—,Fall 2026,N/A,2026-08-04T02:52:39.319Z
CS,8999,Course 8999,Zezhou Cheng,—,—,—,Fall 2026,N/A,2026-08-04T02:52:39.319Z
CS,8999,Course 8999,Matheus Ferreira,—,—,—,Fall 2026,N/A,2026-08-04T02:52:39.319Z
CS,8999,Course 8999,Chen Chen,—,—,—,Fall 2026,N/A,2026-08-04T02:52:39.319Z
CS,8999,Course 8999,Rohan Chandra,—,—,—,Fall 2026,N/A,2026-08-04T02:52:39.319Z
CS,8999,Course 8999,Hadi Daneshmand,—,—,—,Fall 2026,N/A,2026-08-04T02:52:39.319Z
CS,8999,Course 8999,Qizhe Cai,—,—,—,Fall 2026,N/A,2026-08-04T02:52:39.319Z
CS,8999,Course 8999,Zhe Zeng,—,—,—,Fall 2026,N/A,2026-08-04T02:52:39.319Z
CS,9897,Course 9897,Mark Sherriff,—,—,—,Fall 2026,N/A,2026-08-04T02:52:42.253Z
CS,9897,Course 9897,Aaron Bloomfield,—,—,—,Fall 2026,N/A,2026-08-04T02:52:42.253Z
CS,9897,Course 9897,David Evans,—,—,—,Fall 2026,N/A,2026-08-04T02:52:42.253Z
CS,9897,Course 9897,Jack Davidson,—,—,—,Fall 2026,N/A,2026-08-04T02:52:42.253Z
CS,9897,Course 9897,Kevin Skadron,—,—,—,Fall 2026,N/A,2026-08-04T02:52:42.253Z
CS,9897,Course 9897,Kevin Sullivan,—,—,—,Fall 2026,N/A,2026-08-04T02:52:42.253Z
CS,9897,Course 9897,Yixin Sun,—,—,—,Fall 2026,N/A,2026-08-04T02:52:42.253Z
CS,9897,Course 9897,Mark Floryan,—,—,—,Fall 2026,N/A,2026-08-04T02:52:42.253Z
CS,9897,Course 9897,Yanjun Qi,—,—,—,Fall 2026,N/A,2026-08-04T02:52:42.253Z
CS,9897,Course 9897,Samira Khan,—,—,—,Fall 2026,N/A,2026-08-04T02:52:42.253Z
CS,9897,Course 9897,Charles Reiss,—,—,—,Fall 2026,N/A,2026-08-04T02:52:42.253Z
CS,9897,Course 9897,Haiying Shen,—,—,—,Fall 2026,N/A,2026-08-04T02:52:42.253Z
CS,9897,Course 9897,Homa Alemzadeh,—,—,—,Fall 2026,N/A,2026-08-04T02:52:42.253Z
CS,9897,Course 9897,Farzad Hassanzadeh,—,—,—,Fall 2026,N/A,2026-08-04T02:52:42.253Z
CS,9897,Course 9897,Lu Feng,—,—,—,Fall 2026,N/A,2026-08-04T02:52:42.253Z
CS,9897,Course 9897,Madhur Behl,—,—,—,Fall 2026,N/A,2026-08-04T02:52:42.253Z
CS,9897,Course 9897,Raymond Pettit,—,—,—,Fall 2026,N/A,2026-08-04T02:52:42.253Z
CS,9897,Course 9897,Ashish Venkat,—,—,—,Fall 2026,N/A,2026-08-04T02:52:42.253Z
CS,9897,Course 9897,Sebastian Elbaum,—,—,—,Fall 2026,N/A,2026-08-04T02:52:42.253Z
CS,9897,Course 9897,Yangfeng Ji,—,—,—,Fall 2026,N/A,2026-08-04T02:52:42.253Z
CS,9897,Course 9897,Aidong Zhang,—,—,—,Fall 2026,N/A,2026-08-04T02:52:42.253Z
CS,9897,Course 9897,Matthew Dwyer,—,—,—,Fall 2026,N/A,2026-08-04T02:52:42.253Z
CS,9897,Course 9897,Rich Nguyen,—,—,—,Fall 2026,N/A,2026-08-04T02:52:42.253Z
CS,9897,Course 9897,Miaomiao Zhang,—,—,—,Fall 2026,N/A,2026-08-04T02:52:42.253Z
CS,9897,Course 9897,Tom Fletcher,—,—,—,Fall 2026,N/A,2026-08-04T02:52:42.253Z
CS,9897,Course 9897,Brad Campbell,—,—,—,Fall 2026,N/A,2026-08-04T02:52:42.253Z
CS,9897,Course 9897,Afsaneh Doryab,—,—,—,Fall 2026,N/A,2026-08-04T02:52:42.253Z
CS,9897,Course 9897,Kai-wei Chang,—,—,—,Fall 2026,N/A,2026-08-04T02:52:42.253Z
CS,9897,Course 9897,Felix Lin,—,—,—,Fall 2026,N/A,2026-08-04T02:52:42.253Z
CS,9897,Course 9897,Mohammad Mahmoody,—,—,—,Fall 2026,N/A,2026-08-04T02:52:42.253Z
CS,9897,Course 9897,Briana Morrison,—,—,—,Fall 2026,N/A,2026-08-04T02:52:42.253Z
CS,9897,Course 9897,Robbie Hott,—,—,—,Fall 2026,N/A,2026-08-04T02:52:42.253Z
CS,9897,Course 9897,Shangtong Zhang,—,—,—,Fall 2026,N/A,2026-08-04T02:52:42.253Z
CS,9897,Course 9897,Wajih Hassan,—,—,—,Fall 2026,N/A,2026-08-04T02:52:42.253Z
CS,9897,Course 9897,Yue Cheng,—,—,—,Fall 2026,N/A,2026-08-04T02:52:42.253Z
CS,9897,Course 9897,Adwait Jog,—,—,—,Fall 2026,N/A,2026-08-04T02:52:42.253Z
CS,9897,Course 9897,Yen-Ling Kuo,—,—,—,Fall 2026,N/A,2026-08-04T02:52:42.253Z
CS,9897,Course 9897,Hyojoon Kim,—,—,—,Fall 2026,N/A,2026-08-04T02:52:42.253Z
CS,9897,Course 9897,Chen-Yu Wei,—,—,—,Fall 2026,N/A,2026-08-04T02:52:42.253Z
CS,9897,Course 9897,Wei-Kai Lin,—,—,—,Fall 2026,N/A,2026-08-04T02:52:42.253Z
CS,9897,Course 9897,Chang Lou,—,—,—,Fall 2026,N/A,2026-08-04T02:52:42.253Z
CS,9897,Course 9897,Ferdinando Fioretto,—,—,—,Fall 2026,N/A,2026-08-04T02:52:42.253Z
CS,9897,Course 9897,Yu Meng,—,—,—,Fall 2026,N/A,2026-08-04T02:52:42.253Z
CS,9897,Course 9897,Kun Qian,—,—,—,Fall 2026,N/A,2026-08-04T02:52:42.253Z
CS,9897,Course 9897,Wenxi Wang,—,—,—,Fall 2026,N/A,2026-08-04T02:52:42.253Z
CS,9897,Course 9897,Henry Kautz,—,—,—,Fall 2026,N/A,2026-08-04T02:52:42.253Z
CS,9897,Course 9897,Zezhou Cheng,—,—,—,Fall 2026,N/A,2026-08-04T02:52:42.253Z
CS,9897,Course 9897,Matheus Ferreira,—,—,—,Fall 2026,N/A,2026-08-04T02:52:42.253Z
CS,9897,Course 9897,Chen Chen,—,—,—,Fall 2026,N/A,2026-08-04T02:52:42.253Z
CS,9897,Course 9897,Rohan Chandra,—,—,—,Fall 2026,N/A,2026-08-04T02:52:42.253Z
CS,9897,Course 9897,Hadi Daneshmand,—,—,—,Fall 2026,N/A,2026-08-04T02:52:42.253Z
CS,9897,Course 9897,Sarah Elder,—,—,—,Fall 2026,N/A,2026-08-04T02:52:42.253Z
CS,9897,Course 9897,Subigya Nepal,—,—,—,Fall 2026,N/A,2026-08-04T02:52:42.253Z
CS,9999,Course 9999,Mark Sherriff,—,—,—,Fall 2026,N/A,2026-08-04T02:52:45.172Z
CS,9999,Course 9999,Aaron Bloomfield,—,—,—,Fall 2026,N/A,2026-08-04T02:52:45.172Z
CS,9999,Course 9999,David Evans,1.30,—,—,Fall 2026,N/A,2026-08-04T02:52:45.172Z
CS,9999,Course 9999,Jack Davidson,—,—,—,Fall 2026,N/A,2026-08-04T02:52:45.172Z
CS,9999,Course 9999,Kevin Skadron,—,—,—,Fall 2026,N/A,2026-08-04T02:52:45.172Z
CS,9999,Course 9999,Kevin Sullivan,—,—,—,Fall 2026,N/A,2026-08-04T02:52:45.172Z
CS,9999,Course 9999,Yixin Sun,—,—,—,Fall 2026,N/A,2026-08-04T02:52:45.172Z
CS,9999,Course 9999,Yanjun Qi,—,—,—,Fall 2026,N/A,2026-08-04T02:52:45.172Z
CS,9999,Course 9999,Samira Khan,—,—,—,Fall 2026,N/A,2026-08-04T02:52:45.172Z
CS,9999,Course 9999,Charles Reiss,—,—,—,Fall 2026,N/A,2026-08-04T02:52:45.172Z
CS,9999,Course 9999,Haiying Shen,1.30,—,—,Fall 2026,N/A,2026-08-04T02:52:45.172Z
CS,9999,Course 9999,Farzad Hassanzadeh,—,—,—,Fall 2026,N/A,2026-08-04T02:52:45.172Z
CS,9999,Course 9999,Lu Feng,—,—,—,Fall 2026,N/A,2026-08-04T02:52:45.172Z
CS,9999,Course 9999,Madhur Behl,—,—,—,Fall 2026,N/A,2026-08-04T02:52:45.172Z
CS,9999,Course 9999,Ashish Venkat,—,—,—,Fall 2026,N/A,2026-08-04T02:52:45.172Z
CS,9999,Course 9999,Sebastian Elbaum,—,—,—,Fall 2026,N/A,2026-08-04T02:52:45.172Z
CS,9999,Course 9999,Yangfeng Ji,—,—,—,Fall 2026,N/A,2026-08-04T02:52:45.172Z
CS,9999,Course 9999,Aidong Zhang,—,—,—,Fall 2026,N/A,2026-08-04T02:52:45.172Z
CS,9999,Course 9999,Matthew Dwyer,—,—,—,Fall 2026,N/A,2026-08-04T02:52:45.172Z
CS,9999,Course 9999,Miaomiao Zhang,—,—,—,Fall 2026,N/A,2026-08-04T02:52:45.172Z
CS,9999,Course 9999,Tom Fletcher,—,—,—,Fall 2026,N/A,2026-08-04T02:52:45.172Z
CS,9999,Course 9999,Brad Campbell,—,—,—,Fall 2026,N/A,2026-08-04T02:52:45.172Z
CS,9999,Course 9999,Tariq Iqbal,—,—,—,Fall 2026,N/A,2026-08-04T02:52:45.172Z
CS,9999,Course 9999,Jundong Li,—,—,—,Fall 2026,N/A,2026-08-04T02:52:45.172Z
CS,9999,Course 9999,Anil Vullikanti,—,—,—,Fall 2026,N/A,2026-08-04T02:52:45.172Z
CS,9999,Course 9999,Madhav Marathe,—,—,—,Fall 2026,N/A,2026-08-04T02:52:45.172Z
CS,9999,Course 9999,Afsaneh Doryab,—,—,—,Fall 2026,N/A,2026-08-04T02:52:45.172Z
CS,9999,Course 9999,Kai-wei Chang,—,—,—,Fall 2026,N/A,2026-08-04T02:52:45.172Z
CS,9999,Course 9999,Felix Lin,—,—,—,Fall 2026,N/A,2026-08-04T02:52:45.172Z
CS,9999,Course 9999,Mohammad Mahmoody,—,—,—,Fall 2026,N/A,2026-08-04T02:52:45.172Z
CS,9999,Course 9999,Judy Fox,—,—,—,Fall 2026,N/A,2026-08-04T02:52:45.172Z
CS,9999,Course 9999,Geoffrey Fox,—,—,—,Fall 2026,N/A,2026-08-04T02:52:45.172Z
CS,9999,Course 9999,Shangtong Zhang,—,—,—,Fall 2026,N/A,2026-08-04T02:52:45.172Z
CS,9999,Course 9999,Wajih Hassan,—,—,—,Fall 2026,N/A,2026-08-04T02:52:45.172Z
CS,9999,Course 9999,Yue Cheng,—,—,—,Fall 2026,N/A,2026-08-04T02:52:45.172Z
CS,9999,Course 9999,Sandhya Dwarkadas,—,—,—,Fall 2026,N/A,2026-08-04T02:52:45.172Z
CS,9999,Course 9999,Adwait Jog,—,—,—,Fall 2026,N/A,2026-08-04T02:52:45.172Z
CS,9999,Course 9999,Yen-Ling Kuo,—,—,—,Fall 2026,N/A,2026-08-04T02:52:45.172Z
CS,9999,Course 9999,Hyojoon Kim,—,—,—,Fall 2026,N/A,2026-08-04T02:52:45.172Z
CS,9999,Course 9999,Chen-Yu Wei,—,—,—,Fall 2026,N/A,2026-08-04T02:52:45.172Z
CS,9999,Course 9999,Wei-Kai Lin,—,—,—,Fall 2026,N/A,2026-08-04T02:52:45.172Z
CS,9999,Course 9999,Chang Lou,—,—,—,Fall 2026,N/A,2026-08-04T02:52:45.172Z
CS,9999,Course 9999,Ferdinando Fioretto,—,—,—,Fall 2026,N/A,2026-08-04T02:52:45.172Z
CS,9999,Course 9999,Yu Meng,—,—,—,Fall 2026,N/A,2026-08-04T02:52:45.172Z
CS,9999,Course 9999,Wenxi Wang,—,—,—,Fall 2026,N/A,2026-08-04T02:52:45.172Z
CS,9999,Course 9999,Henry Kautz,—,—,—,Fall 2026,N/A,2026-08-04T02:52:45.172Z
CS,9999,Course 9999,Zezhou Cheng,—,—,—,Fall 2026,N/A,2026-08-04T02:52:45.172Z
CS,9999,Course 9999,Matheus Ferreira,—,—,—,Fall 2026,N/A,2026-08-04T02:52:45.172Z
CS,9999,Course 9999,Chen Chen,—,—,—,Fall 2026,N/A,2026-08-04T02:52:45.172Z
CS,9999,Course 9999,Rohan Chandra,—,—,—,Fall 2026,N/A,2026-08-04T02:52:45.172Z
CS,9999,Course 9999,Hadi Daneshmand,—,—,—,Fall 2026,N/A,2026-08-04T02:52:45.172Z
CS,9999,Course 9999,Jing Yang,—,—,—,Fall 2026,N/A,2026-08-04T02:52:45.172Z
CS,9999,Course 9999,Qizhe Cai,—,—,—,Fall 2026,N/A,2026-08-04T02:52:45.172Z
MATH,1150,Course 1150,Kyong Choi,3.81,3.5,1.0,Fall 2026,tuth 11:00am - 12:15pm,2026-08-04T02:53:07.741Z
MATH,1191,Course 1191,To Announced,—,—,—,Fall 2026,mowefr 9:00am - 9:50am; mowefr 10:00am - 10:50am,2026-08-04T02:53:10.653Z
MATH,1210,Course 1210,To Announced,—,3.1,3.0,Fall 2026,tuth 8:00am - 9:15am; tuth 9:30am - 10:45am; tuth 11:00am - 12:15pm; mowefr 10:00am - 10:50am; mowefr 12:00pm - 12:50pm; mowefr 11:00am - 11:50am; tuth 2:00pm - 3:15pm; tuth 12:30pm - 1:45pm; tuth 5:00pm - 6:15pm,2026-08-04T02:53:13.574Z
MATH,1210,Course 1210,Caelan Wang,3.58,—,—,Fall 2026,mowe 3:30pm - 4:45pm; mowe 5:00pm - 6:15pm,2026-08-04T02:53:13.574Z
MATH,1220,Course 1220,To Announced,—,—,—,Fall 2026,mowe 2:00pm - 3:15pm,2026-08-04T02:53:16.485Z
MATH,1220,Course 1220,Brianna Kurtz,3.28,4.3,3.3,Fall 2026,mowefr 11:00am - 11:50am; mowe 3:30pm - 4:45pm,2026-08-04T02:53:16.485Z
MATH,1310,Course 1310,To Announced,—,1.8,3.8,Fall 2026,tuth 9:30am - 10:45am; tuth 11:00am - 12:15pm; tuth 12:30pm - 1:45pm; tuth 2:00pm - 3:15pm; tuth 3:30pm - 4:45pm; tuth 5:00pm - 6:15pm; mowe 2:00pm - 3:15pm; mowe 5:00pm - 6:15pm; mowe 3:30pm - 4:45pm,2026-08-04T02:53:19.402Z
MATH,1310,Course 1310,Connor MacMahon,2.70,—,—,Fall 2026,N/A,2026-08-04T02:53:19.402Z
MATH,1320,Course 1320,To Announced,—,3.2,3.0,Fall 2026,tuth 11:00am - 12:15pm; tuth 12:30pm - 1:45pm; tuth 9:30am - 10:45am; mowe 2:00pm - 3:15pm; tuth 2:00pm - 3:15pm; mowe 3:30pm - 4:45pm,2026-08-04T02:53:22.312Z
MATH,2310,Course 2310,Evangelos Dimou,3.21,4.3,3.6,Fall 2026,mowe 2:00pm - 3:15pm,2026-08-04T02:53:25.220Z
MATH,2310,Course 2310,Daniel James,3.47,4.0,4.0,Fall 2026,mowefr 10:00am - 10:50am; mowefr 11:00am - 11:50am,2026-08-04T02:53:25.220Z
MATH,2310,Course 2310,To Announced,—,—,—,Fall 2026,mowe 3:30pm - 4:45pm; tuth 11:00am - 12:15pm,2026-08-04T02:53:25.220Z
MATH,2315,Course 2315,Thomas Koberda,3.53,4.7,5.0,Fall 2026,tuth 11:00am - 12:15pm,2026-08-04T02:53:28.134Z
MATH,2315,Course 2315,Fausto Cepeda,—,—,—,Fall 2026,N/A,2026-08-04T02:53:28.134Z
MATH,2559,Course 2559,Juraj Foldes,—,—,—,Fall 2026,tuth 9:30am - 10:45am,2026-08-04T02:53:31.041Z
MATH,2559,Course 2559,Julie Bergner,—,—,—,Fall 2026,mowefr 10:00am - 10:50am,2026-08-04T02:53:31.041Z
MATH,2559,Course 2559,To Announced,—,—,—,Fall 2026,N/A,2026-08-04T02:53:31.041Z
MATH,3000,Course 3000,David Sherman,3.14,3.5,4.5,Fall 2026,mowefr 10:00am - 10:50am,2026-08-04T02:53:33.955Z
MATH,3000,Course 3000,To Announced,—,—,—,Fall 2026,mowe 2:00pm - 3:15pm,2026-08-04T02:53:33.955Z
MATH,3100,Course 3100,Tai Melcher,2.90,3.1,4.3,Fall 2026,tuth 9:30am - 10:45am; tuth 11:00am - 12:15pm,2026-08-04T02:53:36.874Z
MATH,3100,Course 3100,To Announced,—,—,—,Fall 2026,mowe 2:00pm - 3:15pm; mowe 3:30pm - 4:45pm,2026-08-04T02:53:36.874Z
MATH,3250,Course 3250,Aseel Farhat,3.14,4.8,3.0,Fall 2026,tuth 12:30pm - 1:45pm; tuth 2:00pm - 3:15pm,2026-08-04T02:53:39.792Z
MATH,3250,Course 3250,Evangelos Dimou,3.18,3.9,3.7,Fall 2026,mowe 3:30pm - 4:45pm,2026-08-04T02:53:39.792Z
MATH,3250,Course 3250,To Announced,—,—,—,Fall 2026,N/A,2026-08-04T02:53:39.792Z
MATH,3310,Course 3310,Thomas Mark,3.26,3.7,5.0,Fall 2026,mowefr 10:00am - 10:50am; mowefr 11:00am - 11:50am,2026-08-04T02:53:42.708Z
MATH,3310,Course 3310,Yen Do,3.46,5.0,3.0,Fall 2026,tuth 2:00pm - 3:15pm,2026-08-04T02:53:42.708Z
MATH,3310,Course 3310,To Announced,—,—,—,Fall 2026,N/A,2026-08-04T02:53:42.708Z
MATH,3340,Course 3340,You Qi,3.38,5.0,3.0,Fall 2026,tuth 9:30am - 10:45am,2026-08-04T02:53:45.622Z
MATH,3350,Course 3350,Jeffrey Holt,3.45,4.4,2.5,Fall 2026,tuth 3:30pm - 4:45pm; tuth 5:00pm - 6:15pm,2026-08-04T02:53:48.575Z
MATH,3351,Course 3351,To Announced,—,—,—,Fall 2026,mowefr 11:00am - 11:50am; mowefr 12:00pm - 12:50pm,2026-08-04T02:53:51.497Z
MATH,3354,Course 3354,Abdelmalek Abdesselam,—,—,—,Fall 2026,tuth 2:00pm - 3:15pm,2026-08-04T02:53:54.418Z
MATH,3354,Course 3354,Evangelia Gazaki,3.45,4.3,5.0,Fall 2026,mowe 3:30pm - 4:45pm,2026-08-04T02:53:54.418Z
MATH,3354,Course 3354,To Announced,—,—,—,Fall 2026,tuth 9:30am - 10:45am,2026-08-04T02:53:54.418Z
MATH,4110,Course 4110,Yen Do,3.71,1.7,5.0,Fall 2026,tuth 12:30pm - 1:45pm,2026-08-04T02:53:59.417Z
MATH,4140,Course 4140,Pranava Jayanti,—,—,—,Fall 2026,mowe 2:00pm - 3:15pm,2026-08-04T02:54:02.371Z
MATH,4220,Course 4220,Peter Humphries,—,—,—,Fall 2026,tuth 12:30pm - 1:45pm,2026-08-04T02:54:05.287Z
MATH,4310,Course 4310,Peter Humphries,3.32,4.2,5.0,Fall 2026,tuth 11:00am - 12:15pm,2026-08-04T02:54:08.201Z
MATH,4651,Course 4651,Mikhail Ershov,—,—,—,Fall 2026,mowe 2:00pm - 3:15pm,2026-08-04T02:54:11.129Z
MATH,4720,Course 4720,Slava Krushkal,3.35,—,—,Fall 2026,tuth 12:30pm - 1:45pm,2026-08-04T02:54:14.043Z
MATH,4770,Course 4770,Benjamin Hayes,—,—,—,Fall 2026,mowe 3:30pm - 4:45pm,2026-08-04T02:54:16.958Z
MATH,4900,Course 4900,Peter Humphries,—,—,—,Fall 2026,N/A,2026-08-04T02:54:19.875Z
MATH,4900,Course 4900,To Announced,—,—,—,Fall 2026,N/A,2026-08-04T02:54:19.875Z
MATH,4900,Course 4900,J.D. Quigley,—,—,—,Fall 2026,N/A,2026-08-04T02:54:19.875Z
MATH,4993,Course 4993,Thomas Mark,—,—,—,Fall 2026,N/A,2026-08-04T02:54:22.798Z
MATH,4993,Course 4993,Abdelmalek Abdesselam,—,—,—,Fall 2026,N/A,2026-08-04T02:54:22.798Z
MATH,4993,Course 4993,Thomas Koberda,—,—,—,Fall 2026,N/A,2026-08-04T02:54:22.798Z
MATH,4993,Course 4993,Juraj Foldes,4.00,—,—,Fall 2026,N/A,2026-08-04T02:54:22.798Z
MATH,4993,Course 4993,Sara Maloni,3.98,—,—,Fall 2026,N/A,2026-08-04T02:54:22.798Z
MATH,4993,Course 4993,Benjamin Hayes,4.00,—,—,Fall 2026,N/A,2026-08-04T02:54:22.798Z
MATH,4993,Course 4993,You Qi,—,—,—,Fall 2026,N/A,2026-08-04T02:54:22.798Z
MATH,4993,Course 4993,Ken Ono,—,—,—,Fall 2026,N/A,2026-08-04T02:54:22.798Z
MATH,4993,Course 4993,Evangelia Gazaki,—,—,—,Fall 2026,N/A,2026-08-04T02:54:22.798Z
MATH,4993,Course 4993,Peter Humphries,—,—,—,Fall 2026,N/A,2026-08-04T02:54:22.798Z
MATH,4993,Course 4993,Daniel James,—,—,—,Fall 2026,N/A,2026-08-04T02:54:22.798Z
MATH,4993,Course 4993,J.D. Quigley,—,—,—,Fall 2026,N/A,2026-08-04T02:54:22.798Z
MATH,4993,Course 4993,Joshua Turner,—,—,—,Fall 2026,N/A,2026-08-04T02:54:22.798Z
MATH,5653,Course 5653,Christian Reidys,—,—,—,Fall 2026,mowe 5:00pm - 6:15pm,2026-08-04T02:54:25.753Z
MATH,5896,Course 5896,Tai Melcher,—,—,—,Fall 2026,N/A,2026-08-04T02:54:28.670Z
MATH,5896,Course 5896,Juraj Foldes,—,—,—,Fall 2026,N/A,2026-08-04T02:54:28.670Z
MATH,5896,Course 5896,Peter Humphries,—,—,—,Fall 2026,N/A,2026-08-04T02:54:28.670Z
MATH,7000,Course 7000,Brianna Kurtz,—,—,—,Fall 2026,mo 3:30pm - 4:45pm,2026-08-04T02:54:31.576Z
MATH,7340,Course 7340,Juraj Foldes,3.86,—,—,Fall 2026,tuth 2:00pm - 3:15pm,2026-08-04T02:54:34.511Z
MATH,7360,Course 7360,Christian Gromoll,—,—,—,Fall 2026,mowe 9:30am - 10:45am,2026-08-04T02:54:37.424Z
MATH,7410,Course 7410,Abdelmalek Abdesselam,—,—,—,Fall 2026,tuth 12:30pm - 1:45pm,2026-08-04T02:54:40.361Z
MATH,7751,Course 7751,Evangelia Gazaki,3.68,—,—,Fall 2026,mowe 2:00pm - 3:15pm,2026-08-04T02:54:43.298Z
MATH,7810,Course 7810,Julie Bergner,3.71,—,—,Fall 2026,mowefr 11:00am - 11:50am,2026-08-04T02:54:46.244Z
MATH,7820,Course 7820,Thomas Koberda,3.82,—,—,Fall 2026,tuth 9:30am - 10:45am,2026-08-04T02:54:49.166Z
MATH,8510,Course 8510,Pavel Coupek,—,—,—,Fall 2026,mowe 3:30pm - 4:45pm,2026-08-04T02:54:52.089Z
MATH,8710,Course 8710,Weiqiang Wang,3.82,—,—,Fall 2026,tuth 11:00am - 12:15pm,2026-08-04T02:54:57.939Z
MATH,8750,Course 8750,Sara Maloni,4.00,—,—,Fall 2026,tuth 9:30am - 10:45am,2026-08-04T02:55:00.894Z
MATH,8850,Course 8850,Oliver Wang,—,—,—,Fall 2026,mowe 5:00pm - 6:15pm,2026-08-04T02:55:03.827Z
MATH,8852,Course 8852,You Qi,—,—,—,Fall 2026,tuth 12:30pm - 1:45pm,2026-08-04T02:55:06.739Z
MATH,8998,Course 8998,Peter Abramenko,—,—,—,Fall 2026,N/A,2026-08-04T02:55:09.660Z
MATH,8999,Course 8999,Zoran Grujic,—,—,—,Fall 2026,N/A,2026-08-04T02:55:12.628Z
MATH,8999,Course 8999,Ken Ono,—,—,—,Fall 2026,N/A,2026-08-04T02:55:12.628Z
MATH,9010,Course 9010,Evangelia Gazaki,—,—,—,Fall 2026,N/A,2026-08-04T02:55:15.551Z
MATH,9250,Course 9250,Aseel Farhat,—,—,—,Fall 2026,N/A,2026-08-04T02:55:18.482Z
MATH,9310,Course 9310,Benjamin Hayes,—,—,—,Fall 2026,N/A,2026-08-04T02:55:21.416Z
MATH,9360,Course 9360,Christian Gromoll,—,—,—,Fall 2026,fr 1:00pm - 3:00pm,2026-08-04T02:55:24.390Z
MATH,9410,Course 9410,Andrei Rapinchuk,4.00,—,—,Fall 2026,N/A,2026-08-04T02:55:27.329Z
MATH,9450,Course 9450,Abdelmalek Abdesselam,—,—,—,Fall 2026,N/A,2026-08-04T02:55:30.270Z
MATH,9820,Course 9820,Thomas Mark,—,—,—,Fall 2026,N/A,2026-08-04T02:55:33.203Z
MATH,9950,Course 9950,You Qi,—,—,—,Fall 2026,N/A,2026-08-04T02:55:36.134Z
MATH,9995,Course 9995,Tai Melcher,4.00,—,—,Fall 2026,N/A,2026-08-04T02:55:39.086Z
MATH,9995,Course 9995,Thomas Mark,3.84,—,—,Fall 2026,N/A,2026-08-04T02:55:39.086Z
MATH,9995,Course 9995,Mikhail Ershov,—,—,—,Fall 2026,N/A,2026-08-04T02:55:39.086Z
MATH,9995,Course 9995,David Sherman,4.00,—,—,Fall 2026,N/A,2026-08-04T02:55:39.086Z
MATH,9995,Course 9995,Leonid Petrov,4.00,—,—,Fall 2026,N/A,2026-08-04T02:55:39.086Z
MATH,9995,Course 9995,Sara Maloni,3.35,—,—,Fall 2026,N/A,2026-08-04T02:55:39.086Z
MATH,9995,Course 9995,Benjamin Hayes,—,—,—,Fall 2026,N/A,2026-08-04T02:55:39.086Z
MATH,9995,Course 9995,Evangelia Gazaki,—,—,—,Fall 2026,N/A,2026-08-04T02:55:39.086Z
MATH,9995,Course 9995,Julie Bergner,—,—,—,Fall 2026,N/A,2026-08-04T02:55:39.086Z
MATH,9995,Course 9995,Slava Krushkal,—,—,—,Fall 2026,N/A,2026-08-04T02:55:39.086Z
MATH,9995,Course 9995,Peter Humphries,—,—,—,Fall 2026,N/A,2026-08-04T02:55:39.086Z
MATH,9995,Course 9995,J.D. Quigley,—,—,—,Fall 2026,N/A,2026-08-04T02:55:39.086Z
MATH,9998,Course 9998,Tai Melcher,—,—,—,Fall 2026,N/A,2026-08-04T02:55:42.023Z
MATH,9998,Course 9998,Peter Abramenko,—,—,—,Fall 2026,N/A,2026-08-04T02:55:42.023Z
MATH,9998,Course 9998,David Sherman,—,—,—,Fall 2026,N/A,2026-08-04T02:55:42.023Z
MATH,9998,Course 9998,Sara Maloni,—,—,—,Fall 2026,N/A,2026-08-04T02:55:42.023Z
MATH,9998,Course 9998,Benjamin Hayes,—,—,—,Fall 2026,N/A,2026-08-04T02:55:42.023Z
MATH,9998,Course 9998,Christian Gromoll,—,—,—,Fall 2026,N/A,2026-08-04T02:55:42.023Z
MATH,9999,Course 9999,Andrei Rapinchuk,—,—,—,Fall 2026,N/A,2026-08-04T02:55:44.952Z
MATH,9999,Course 9999,Tai Melcher,1.30,—,—,Fall 2026,N/A,2026-08-04T02:55:44.952Z
MATH,9999,Course 9999,Thomas Mark,—,—,—,Fall 2026,N/A,2026-08-04T02:55:44.952Z
MATH,9999,Course 9999,Weiqiang Wang,—,—,—,Fall 2026,N/A,2026-08-04T02:55:44.952Z
MATH,9999,Course 9999,Mikhail Ershov,—,—,—,Fall 2026,N/A,2026-08-04T02:55:44.952Z
MATH,9999,Course 9999,Peter Abramenko,—,—,—,Fall 2026,N/A,2026-08-04T02:55:44.952Z
MATH,9999,Course 9999,Nicholas Kuhn,—,—,—,Fall 2026,N/A,2026-08-04T02:55:44.952Z
MATH,9999,Course 9999,David Sherman,—,—,—,Fall 2026,N/A,2026-08-04T02:55:44.952Z
MATH,9999,Course 9999,Abdelmalek Abdesselam,—,—,—,Fall 2026,N/A,2026-08-04T02:55:44.952Z
MATH,9999,Course 9999,Yen Do,—,—,—,Fall 2026,N/A,2026-08-04T02:55:44.952Z
MATH,9999,Course 9999,Aseel Farhat,—,—,—,Fall 2026,N/A,2026-08-04T02:55:44.952Z
MATH,9999,Course 9999,Thomas Koberda,—,—,—,Fall 2026,N/A,2026-08-04T02:55:44.952Z
MATH,9999,Course 9999,Juraj Foldes,—,—,—,Fall 2026,N/A,2026-08-04T02:55:44.952Z
MATH,9999,Course 9999,Sara Maloni,—,—,—,Fall 2026,N/A,2026-08-04T02:55:44.952Z
MATH,9999,Course 9999,Jennifer Morse,—,—,—,Fall 2026,N/A,2026-08-04T02:55:44.952Z
MATH,9999,Course 9999,Ken Ono,—,—,—,Fall 2026,N/A,2026-08-04T02:55:44.952Z
MATH,9999,Course 9999,Christian Gromoll,—,—,—,Fall 2026,N/A,2026-08-04T02:55:44.952Z
MATH,9999,Course 9999,Julie Bergner,—,—,—,Fall 2026,N/A,2026-08-04T02:55:44.952Z
MATH,9999,Course 9999,Slava Krushkal,—,—,—,Fall 2026,N/A,2026-08-04T02:55:44.952Z
MATH,9999,Course 9999,Christian Reidys,—,—,—,Fall 2026,N/A,2026-08-04T02:55:44.952Z
MATH,9999,Course 9999,Peter Humphries,—,—,—,Fall 2026,N/A,2026-08-04T02:55:44.952Z
MATH,9999,Course 9999,J.D. Quigley,—,—,—,Fall 2026,N/A,2026-08-04T02:55:44.952Z
ASTR,1210,Course 1210,Edward Murphy,3.16,3.8,2.9,Fall 2026,mowe 3:30pm - 4:45pm,2026-08-04T02:56:02.215Z
ASTR,1210,Course 1210,Aaron Evans,3.34,4.1,1.9,Fall 2026,tuth 9:30am - 10:45am,2026-08-04T02:56:02.215Z
ASTR,1210,Course 1210,Zhi-Yun Li,3.33,3.3,3.1,Fall 2026,mowe 2:00pm - 3:15pm,2026-08-04T02:56:02.215Z
ASTR,1210,Course 1210,To Announced,—,—,—,Fall 2026,tuth 2:00pm - 3:15pm,2026-08-04T02:56:02.215Z
ASTR,1210,Course 1210,Adrian Crawford,—,—,—,Fall 2026,mowefr 9:00am - 9:50am,2026-08-04T02:56:02.215Z
ASTR,1220,Course 1220,Bradley Johnson,3.61,3.7,1.8,Fall 2026,mowefr 11:00am - 11:50am,2026-08-04T02:56:05.142Z
ASTR,1220,Course 1220,Maryam Modjaz,3.81,2.9,2.0,Fall 2026,tuth 12:30pm - 1:45pm,2026-08-04T02:56:05.142Z
ASTR,1220,Course 1220,Shazrene Mohamed,3.57,3.3,3.0,Fall 2026,mowefr 10:00am - 10:50am,2026-08-04T02:56:05.142Z
ASTR,1230,Course 1230,To Announced,—,—,—,Fall 2026,mo 7:00pm - 9:00pm,2026-08-04T02:56:08.057Z
ASTR,2110,Course 2110,Shane Davis,3.22,—,—,Fall 2026,mowefr 11:00am - 11:50am,2026-08-04T02:56:10.955Z
ASTR,2110,Course 2110,To Announced,—,—,—,Fall 2026,N/A,2026-08-04T02:56:10.955Z
ASTR,3150,Course 3150,Aashish Gupta,—,—,—,Fall 2026,mowefr 10:00am - 10:50am,2026-08-04T02:56:13.857Z
ASTR,3150,Course 3150,Beatrice Kulterer,—,—,—,Fall 2026,mowefr 10:00am - 10:50am,2026-08-04T02:56:13.857Z
ASTR,3430,Course 3430,To Announced,—,—,—,Fall 2026,N/A,2026-08-04T02:56:16.772Z
ASTR,3430,Course 3430,Satya Gontcho,—,—,—,Fall 2026,tuth 8:00am - 9:15am,2026-08-04T02:56:16.772Z
ASTR,3470,Course 3470,Matthew Pryal,3.78,—,—,Fall 2026,tuth 9:30am - 10:45am,2026-08-04T02:56:19.668Z
ASTR,3490,Course 3490,Mark Whittle,2.88,3.0,4.3,Fall 2026,mowefr 11:00am - 11:50am,2026-08-04T02:56:22.577Z
ASTR,4810,Course 4810,Phil Arras,—,—,—,Fall 2026,tuth 3:30pm - 4:45pm,2026-08-04T02:56:25.472Z
ASTR,4993,Course 4993,Edward Murphy,3.52,—,—,Fall 2026,N/A,2026-08-04T02:56:28.406Z
ASTR,4993,Course 4993,Aaron Evans,4.00,—,—,Fall 2026,N/A,2026-08-04T02:56:28.406Z
ASTR,4993,Course 4993,Zhi-Yun Li,4.00,—,—,Fall 2026,N/A,2026-08-04T02:56:28.406Z
ASTR,4993,Course 4993,Craig Sarazin,3.90,—,—,Fall 2026,N/A,2026-08-04T02:56:28.406Z
ASTR,4993,Course 4993,Kelsey Johnson,3.80,—,—,Fall 2026,N/A,2026-08-04T02:56:28.406Z
ASTR,4993,Course 4993,Steven Majewski,3.70,—,—,Fall 2026,N/A,2026-08-04T02:56:28.406Z
ASTR,4993,Course 4993,Scott Ransom,3.96,—,—,Fall 2026,N/A,2026-08-04T02:56:28.406Z
ASTR,4993,Course 4993,John Wilson,3.50,—,—,Fall 2026,N/A,2026-08-04T02:56:28.406Z
ASTR,4993,Course 4993,Remy Indebetouw,3.85,—,—,Fall 2026,N/A,2026-08-04T02:56:28.406Z
ASTR,4993,Course 4993,James Braatz,—,—,—,Fall 2026,N/A,2026-08-04T02:56:28.406Z
ASTR,4993,Course 4993,Anthony Remijan,4.00,—,—,Fall 2026,N/A,2026-08-04T02:56:28.406Z
ASTR,4993,Course 4993,Robert Johnson,4.00,—,—,Fall 2026,N/A,2026-08-04T02:56:28.406Z
ASTR,4993,Course 4993,Nitya Kallivayalil,4.00,—,—,Fall 2026,N/A,2026-08-04T02:56:28.406Z
ASTR,4993,Course 4993,Shane Davis,4.00,—,—,Fall 2026,N/A,2026-08-04T02:56:28.406Z
ASTR,4993,Course 4993,Jonathan Tan,4.00,—,—,Fall 2026,N/A,2026-08-04T02:56:28.406Z
ASTR,4993,Course 4993,Catherine Dukes,—,—,—,Fall 2026,N/A,2026-08-04T02:56:28.406Z
ASTR,4993,Course 4993,Ilse Cleeves,—,—,—,Fall 2026,N/A,2026-08-04T02:56:28.406Z
ASTR,4993,Course 4993,Phil Arras,—,—,—,Fall 2026,N/A,2026-08-04T02:56:28.406Z
ASTR,4993,Course 4993,Mark Whittle,—,—,—,Fall 2026,N/A,2026-08-04T02:56:28.406Z
ASTR,4993,Course 4993,Bradley Johnson,—,—,—,Fall 2026,N/A,2026-08-04T02:56:28.406Z
ASTR,4993,Course 4993,Ajay Limaye,—,—,—,Fall 2026,N/A,2026-08-04T02:56:28.406Z
ASTR,4993,Course 4993,Nicholas Ballering,—,—,—,Fall 2026,N/A,2026-08-04T02:56:28.406Z
ASTR,4993,Course 4993,Yao-Lun Yang,—,—,—,Fall 2026,N/A,2026-08-04T02:56:28.406Z
ASTR,4993,Course 4993,Maryam Modjaz,—,—,—,Fall 2026,N/A,2026-08-04T02:56:28.406Z
ASTR,4993,Course 4993,Shazrene Mohamed,—,—,—,Fall 2026,N/A,2026-08-04T02:56:28.406Z
ASTR,4993,Course 4993,Yifan Zhou,—,—,—,Fall 2026,N/A,2026-08-04T02:56:28.406Z
ASTR,4993,Course 4993,Paul Torrey,—,—,—,Fall 2026,N/A,2026-08-04T02:56:28.406Z
ASTR,4993,Course 4993,Poonam Chandra,—,—,—,Fall 2026,N/A,2026-08-04T02:56:28.406Z
ASTR,4993,Course 4993,Samantha Scibelli,—,—,—,Fall 2026,N/A,2026-08-04T02:56:28.406Z
ASTR,4998,Course 4998,Edward Murphy,4.00,—,—,Fall 2026,N/A,2026-08-04T02:56:31.342Z
ASTR,4998,Course 4998,Michael Skrutskie,3.67,—,—,Fall 2026,N/A,2026-08-04T02:56:31.342Z
ASTR,4998,Course 4998,Aaron Evans,—,—,—,Fall 2026,N/A,2026-08-04T02:56:31.342Z
ASTR,4998,Course 4998,Zhi-Yun Li,3.65,—,—,Fall 2026,N/A,2026-08-04T02:56:31.342Z
ASTR,4998,Course 4998,Craig Sarazin,3.97,—,—,Fall 2026,N/A,2026-08-04T02:56:31.342Z
ASTR,4998,Course 4998,Steven Majewski,3.80,—,—,Fall 2026,N/A,2026-08-04T02:56:31.342Z
ASTR,4998,Course 4998,Scott Ransom,3.73,—,—,Fall 2026,N/A,2026-08-04T02:56:31.342Z
ASTR,4998,Course 4998,John Wilson,3.00,—,—,Fall 2026,N/A,2026-08-04T02:56:31.342Z
ASTR,4998,Course 4998,Remy Indebetouw,3.57,—,—,Fall 2026,N/A,2026-08-04T02:56:31.342Z
ASTR,4998,Course 4998,Timothy Bastian,4.00,—,—,Fall 2026,N/A,2026-08-04T02:56:31.342Z
ASTR,4998,Course 4998,Anthony Remijan,3.66,—,—,Fall 2026,N/A,2026-08-04T02:56:31.342Z
ASTR,4998,Course 4998,Matthew Nelson,2.30,—,—,Fall 2026,N/A,2026-08-04T02:56:31.342Z
ASTR,4998,Course 4998,Shane Davis,3.90,—,—,Fall 2026,N/A,2026-08-04T02:56:31.342Z
ASTR,4998,Course 4998,Jonathan Tan,—,—,—,Fall 2026,N/A,2026-08-04T02:56:31.342Z
ASTR,4998,Course 4998,Kento Yagi,3.15,—,—,Fall 2026,N/A,2026-08-04T02:56:31.342Z
ASTR,4998,Course 4998,Ilse Cleeves,—,—,—,Fall 2026,N/A,2026-08-04T02:56:31.342Z
ASTR,4998,Course 4998,Phil Arras,—,—,—,Fall 2026,N/A,2026-08-04T02:56:31.342Z
ASTR,4998,Course 4998,Mark Whittle,—,—,—,Fall 2026,N/A,2026-08-04T02:56:31.342Z
ASTR,4998,Course 4998,Bradley Johnson,—,—,—,Fall 2026,N/A,2026-08-04T02:56:31.342Z
ASTR,4998,Course 4998,Matthew Pryal,—,—,—,Fall 2026,N/A,2026-08-04T02:56:31.342Z
ASTR,4998,Course 4998,Maryam Modjaz,—,—,—,Fall 2026,N/A,2026-08-04T02:56:31.342Z
ASTR,4998,Course 4998,Shazrene Mohamed,—,—,—,Fall 2026,N/A,2026-08-04T02:56:31.342Z
ASTR,4998,Course 4998,Yifan Zhou,—,—,—,Fall 2026,N/A,2026-08-04T02:56:31.342Z
ASTR,4998,Course 4998,Paul Torrey,—,—,—,Fall 2026,N/A,2026-08-04T02:56:31.342Z
ASTR,4998,Course 4998,Anne Verbiscer,—,—,—,Fall 2026,N/A,2026-08-04T02:56:31.342Z
ASTR,4998,Course 4998,Poonam Chandra,—,—,—,Fall 2026,N/A,2026-08-04T02:56:31.342Z
ASTR,5010,Course 5010,Phil Arras,—,—,—,Fall 2026,tuth 3:30pm - 4:45pm,2026-08-04T02:56:34.270Z
ASTR,5260,Course 5260,Rob Garrod,—,—,—,Fall 2026,tuth 9:30am - 10:45am,2026-08-04T02:56:37.204Z
ASTR,5340,Course 5340,James Braatz,—,—,—,Fall 2026,mowe 2:00pm - 3:15pm,2026-08-04T02:56:40.113Z
ASTR,5630,Course 5630,Paul Torrey,—,—,—,Fall 2026,tuth 2:00pm - 3:15pm,2026-08-04T02:56:43.051Z
ASTR,9995,Course 9995,Aaron Evans,4.00,—,—,Fall 2026,N/A,2026-08-04T02:56:45.981Z
ASTR,9995,Course 9995,Zhi-Yun Li,3.63,—,—,Fall 2026,N/A,2026-08-04T02:56:45.981Z
ASTR,9995,Course 9995,Craig Sarazin,4.00,—,—,Fall 2026,N/A,2026-08-04T02:56:45.981Z
ASTR,9995,Course 9995,Steven Majewski,3.88,—,—,Fall 2026,N/A,2026-08-04T02:56:45.981Z
ASTR,9995,Course 9995,Scott Ransom,3.74,—,—,Fall 2026,N/A,2026-08-04T02:56:45.981Z
ASTR,9995,Course 9995,Crystal Brogan,3.73,—,—,Fall 2026,N/A,2026-08-04T02:56:45.981Z
ASTR,9995,Course 9995,Nitya Kallivayalil,3.82,—,—,Fall 2026,N/A,2026-08-04T02:56:45.981Z
ASTR,9995,Course 9995,George Privon,—,—,—,Fall 2026,N/A,2026-08-04T02:56:45.981Z
ASTR,9995,Course 9995,Shane Davis,4.00,—,—,Fall 2026,N/A,2026-08-04T02:56:45.981Z
ASTR,9995,Course 9995,Jonathan Tan,4.00,—,—,Fall 2026,N/A,2026-08-04T02:56:45.981Z
ASTR,9995,Course 9995,Kento Yagi,4.00,—,—,Fall 2026,N/A,2026-08-04T02:56:45.981Z
ASTR,9995,Course 9995,Jeffrey Mangum,4.00,—,—,Fall 2026,N/A,2026-08-04T02:56:45.981Z
ASTR,9995,Course 9995,Ilse Cleeves,—,—,—,Fall 2026,N/A,2026-08-04T02:56:45.981Z
ASTR,9995,Course 9995,Phil Arras,—,—,—,Fall 2026,N/A,2026-08-04T02:56:45.981Z
ASTR,9995,Course 9995,Rob Garrod,—,—,—,Fall 2026,N/A,2026-08-04T02:56:45.981Z
ASTR,9995,Course 9995,Bradley Johnson,—,—,—,Fall 2026,N/A,2026-08-04T02:56:45.981Z
ASTR,9995,Course 9995,Adele Plunkett,—,—,—,Fall 2026,N/A,2026-08-04T02:56:45.981Z
ASTR,9995,Course 9995,Eric Murphy,—,—,—,Fall 2026,N/A,2026-08-04T02:56:45.981Z
ASTR,9995,Course 9995,Maryam Modjaz,—,—,—,Fall 2026,N/A,2026-08-04T02:56:45.981Z
ASTR,9995,Course 9995,John Tobin,—,—,—,Fall 2026,N/A,2026-08-04T02:56:45.981Z
ASTR,9995,Course 9995,Shazrene Mohamed,—,—,—,Fall 2026,N/A,2026-08-04T02:56:45.981Z
ASTR,9995,Course 9995,Yifan Zhou,—,—,—,Fall 2026,N/A,2026-08-04T02:56:45.981Z
ASTR,9995,Course 9995,Paul Torrey,—,—,—,Fall 2026,N/A,2026-08-04T02:56:45.981Z
ASTR,9995,Course 9995,Loreto Barcos-Munoz,—,—,—,Fall 2026,N/A,2026-08-04T02:56:45.981Z
ASTR,9995,Course 9995,Poonam Chandra,—,—,—,Fall 2026,N/A,2026-08-04T02:56:45.981Z
ASTR,9999,Course 9999,Aaron Evans,—,—,—,Fall 2026,N/A,2026-08-04T02:56:48.979Z
ASTR,9999,Course 9999,Zhi-Yun Li,—,—,—,Fall 2026,N/A,2026-08-04T02:56:48.979Z
ASTR,9999,Course 9999,Craig Sarazin,—,—,—,Fall 2026,N/A,2026-08-04T02:56:48.979Z
ASTR,9999,Course 9999,Kelsey Johnson,—,—,—,Fall 2026,N/A,2026-08-04T02:56:48.979Z
ASTR,9999,Course 9999,Roger Chevalier,—,—,—,Fall 2026,N/A,2026-08-04T02:56:48.979Z
ASTR,9999,Course 9999,Steven Majewski,—,—,—,Fall 2026,N/A,2026-08-04T02:56:48.979Z
ASTR,9999,Course 9999,Richard Bradley,—,—,—,Fall 2026,N/A,2026-08-04T02:56:48.979Z
ASTR,9999,Course 9999,Scott Ransom,1.30,—,—,Fall 2026,N/A,2026-08-04T02:56:48.979Z
ASTR,9999,Course 9999,Anthony Remijan,—,—,—,Fall 2026,N/A,2026-08-04T02:56:48.979Z
ASTR,9999,Course 9999,Crystal Brogan,—,—,—,Fall 2026,N/A,2026-08-04T02:56:48.979Z
ASTR,9999,Course 9999,Nitya Kallivayalil,—,—,—,Fall 2026,N/A,2026-08-04T02:56:48.979Z
ASTR,9999,Course 9999,Dana Balser,—,—,—,Fall 2026,N/A,2026-08-04T02:56:48.979Z
ASTR,9999,Course 9999,George Privon,—,—,—,Fall 2026,N/A,2026-08-04T02:56:48.979Z
ASTR,9999,Course 9999,Shane Davis,—,—,—,Fall 2026,N/A,2026-08-04T02:56:48.979Z
ASTR,9999,Course 9999,Jonathan Tan,—,—,—,Fall 2026,N/A,2026-08-04T02:56:48.979Z
ASTR,9999,Course 9999,Jeffrey Mangum,—,—,—,Fall 2026,N/A,2026-08-04T02:56:48.979Z
ASTR,9999,Course 9999,Ilse Cleeves,—,—,—,Fall 2026,N/A,2026-08-04T02:56:48.979Z
ASTR,9999,Course 9999,Phil Arras,—,—,—,Fall 2026,N/A,2026-08-04T02:56:48.979Z
ASTR,9999,Course 9999,Mark Whittle,—,—,—,Fall 2026,N/A,2026-08-04T02:56:48.979Z
ASTR,9999,Course 9999,Bradley Johnson,—,—,—,Fall 2026,N/A,2026-08-04T02:56:48.979Z
ASTR,9999,Course 9999,Adele Plunkett,—,—,—,Fall 2026,N/A,2026-08-04T02:56:48.979Z
ASTR,9999,Course 9999,Maryam Modjaz,—,—,—,Fall 2026,N/A,2026-08-04T02:56:48.979Z
ASTR,9999,Course 9999,John Tobin,—,—,—,Fall 2026,N/A,2026-08-04T02:56:48.979Z
ASTR,9999,Course 9999,Paul Torrey,—,—,—,Fall 2026,N/A,2026-08-04T02:56:48.979Z
ASTR,9999,Course 9999,Loreto Barcos-Munoz,—,—,—,Fall 2026,N/A,2026-08-04T02:56:48.979Z
ASTR,9999,Course 9999,Patrick Sheehan,—,—,—,Fall 2026,N/A,2026-08-04T02:56:48.979Z
STAT,1100,Course 1100,Yiting Wang,3.65,—,—,Fall 2026,tuth 9:30am - 10:45am,2026-08-04T02:57:01.998Z
STAT,1100,Course 1100,Xiaowen Wang,3.54,—,—,Fall 2026,mowe 8:00am - 9:15am,2026-08-04T02:57:01.998Z
STAT,1100,Course 1100,Yumiao Hui,3.84,—,—,Fall 2026,mowe 5:00pm - 6:15pm,2026-08-04T02:57:01.998Z
STAT,1100,Course 1100,Jingyi Zhang,3.57,—,—,Fall 2026,tuth 9:30am - 10:45am,2026-08-04T02:57:01.998Z
STAT,1100,Course 1100,Parker Snow,3.67,—,—,Fall 2026,mowe 8:00am - 9:15am,2026-08-04T02:57:01.998Z
STAT,1601,Course 1601,To Announced,—,—,—,Fall 2026,N/A,2026-08-04T02:57:04.957Z
STAT,1601,Course 1601,Kristen Roland,3.74,4.1,2.2,Fall 2026,tuth 9:30am - 10:45am; tuth 2:00pm - 3:15pm; tuth 3:30pm - 4:45pm,2026-08-04T02:57:04.957Z
STAT,2020,Course 2020,Maria Ferrara,3.55,3.3,2.5,Fall 2026,mowe 2:00pm - 3:15pm; mowe 3:30pm - 4:45pm; mowe 5:00pm - 6:15pm,2026-08-04T02:57:07.876Z
STAT,2120,Course 2120,Gretchen Martinet,3.29,2.4,3.5,Fall 2026,mowe 9:00am - 9:50am; mowe 10:00am - 10:50am; mowe 11:00am - 11:50am,2026-08-04T02:57:10.815Z
STAT,3080,Course 3080,Jeffrey Woo,—,—,—,Fall 2026,tuth 3:30pm - 4:45pm; tuth 5:00pm - 6:15pm,2026-08-04T02:57:13.759Z
STAT,3110,Course 3110,Harsimran Somal,—,—,—,Fall 2026,mowe 3:30pm - 4:45pm; mowe 5:00pm - 6:15pm,2026-08-04T02:57:16.691Z
STAT,3120,Course 3120,Martin Slawski,3.81,—,—,Fall 2026,tuth 2:00pm - 3:15pm; tuth 3:30pm - 4:45pm,2026-08-04T02:57:19.631Z
STAT,3130,Course 3130,Justin Weinstock,3.56,—,—,Fall 2026,tuth 11:00am - 12:15pm; tuth 8:00am - 9:15am; tuth 9:30am - 10:45am,2026-08-04T02:57:22.574Z
STAT,3220,Course 3220,Krista Varanyak,3.78,2.7,2.4,Fall 2026,tuth 8:00am - 9:15am; tuth 9:30am - 10:45am; tuth 11:00am - 12:15pm,2026-08-04T02:57:25.505Z
STAT,3250,Course 3250,Harsimran Somal,3.90,4.2,2.3,Fall 2026,mowe 6:30pm - 7:45pm,2026-08-04T02:57:28.452Z
STAT,3280,Course 3280,Richard Ross,3.65,3.6,2.6,Fall 2026,tuth 11:00am - 12:15pm; tuth 12:30pm - 1:45pm,2026-08-04T02:57:31.351Z
STAT,4170,Course 4170,Taylor Brown,3.16,—,—,Fall 2026,tuth 3:30pm - 4:45pm; tuth 5:00pm - 6:15pm,2026-08-04T02:57:34.254Z
STAT,4559,Course 4559,Chunlin Li,—,—,—,Fall 2026,tuth 11:00am - 12:15pm,2026-08-04T02:57:37.173Z
STAT,4630,Course 4630,Shan Yu,3.81,2.3,2.2,Fall 2026,tuth 2:00pm - 3:15pm; tuth 3:30pm - 4:45pm,2026-08-04T02:57:40.093Z
STAT,4996,Course 4996,Jordan Rodu,4.00,5.0,2.0,Fall 2026,mowe 3:30pm - 4:45pm; mowe 2:00pm - 3:15pm,2026-08-04T02:57:43.013Z
STAT,4996,Course 4996,Richard Ross,3.92,5.0,3.0,Fall 2026,tuth 9:30am - 10:45am,2026-08-04T02:57:43.013Z
STAT,5140,Course 5140,Jianhui Zhou,3.82,—,—,Fall 2026,tuth 5:00pm - 6:15pm,2026-08-04T02:57:45.947Z
STAT,5180,Course 5180,Lingxiao Wang,3.74,—,—,Fall 2026,tuth 3:30pm - 4:45pm,2026-08-04T02:57:48.864Z
STAT,5330,Course 5330,Shounak Chattopadhyay,—,—,—,Fall 2026,mowe 3:30pm - 4:45pm,2026-08-04T02:57:51.763Z
STAT,5390,Course 5390,Karen Kafadar,3.52,3.0,4.5,Fall 2026,tuth 11:00am - 12:15pm,2026-08-04T02:57:54.684Z
STAT,5430,Course 5430,Taylor Brown,3.65,2.0,3.7,Fall 2026,tuth 12:30pm - 1:45pm,2026-08-04T02:57:57.599Z
STAT,6120,Course 6120,Lingxiao Wang,3.56,—,—,Fall 2026,tuth 9:30am - 10:45am,2026-08-04T02:58:03.422Z
STAT,6160,Course 6160,To Announced,—,—,—,Fall 2026,tuth 9:30am - 10:45am,2026-08-04T02:58:06.350Z
STAT,6190,Course 6190,Jingming Wang,3.44,—,—,Fall 2026,mowe 2:00pm - 3:15pm,2026-08-04T02:58:09.261Z
STAT,7200,Course 7200,Jingming Wang,—,—,—,Fall 2026,mowe 5:00pm - 6:15pm,2026-08-04T02:58:12.181Z
STAT,9120,Course 9120,Jeffrey Holt,—,—,—,Fall 2026,N/A,2026-08-04T02:58:15.099Z
STAT,9999,Course 9999,Jianhui Zhou,—,—,—,Fall 2026,N/A,2026-08-04T02:58:18.025Z
STAT,9999,Course 9999,Dan Spitzner,1.30,—,—,Fall 2026,N/A,2026-08-04T02:58:18.025Z
STAT,9999,Course 9999,Karen Kafadar,—,—,—,Fall 2026,N/A,2026-08-04T02:58:18.025Z
STAT,9999,Course 9999,Jordan Rodu,—,—,—,Fall 2026,N/A,2026-08-04T02:58:18.025Z
STAT,9999,Course 9999,Shan Yu,—,—,—,Fall 2026,N/A,2026-08-04T02:58:18.025Z
STAT,9999,Course 9999,Zach Lubberts,—,—,—,Fall 2026,N/A,2026-08-04T02:58:18.025Z
STAT,9999,Course 9999,Lingxiao Wang,—,—,—,Fall 2026,N/A,2026-08-04T02:58:18.025Z
STAT,9999,Course 9999,Martin Slawski,—,—,—,Fall 2026,N/A,2026-08-04T02:58:18.025Z
STAT,9999,Course 9999,Jingming Wang,—,—,—,Fall 2026,N/A,2026-08-04T02:58:18.025Z
RELB,1010,Course 1010,To Announced,—,—,—,Fall 2026,N/A,2026-08-04T02:58:28.724Z
RELB,2100,Course 2100,Kurtis Schaeffer,3.97,4.3,1.0,Fall 2026,mowe 9:00am - 9:50am,2026-08-04T02:58:31.647Z
RELB,2100,Course 2100,To Announced,—,—,—,Fall 2026,N/A,2026-08-04T02:58:31.647Z
RELB,2280,Course 2280,Natasha Heller,—,—,—,Fall 2026,N/A,2026-08-04T02:58:34.545Z
RELB,2450,Course 2450,Natasha Heller,3.58,—,—,Fall 2026,mowe 10:00am - 10:50am,2026-08-04T02:58:37.447Z
RELB,2450,Course 2450,To Announced,—,—,—,Fall 2026,N/A,2026-08-04T02:58:37.447Z
RELB,3010,Course 3010,To Announced,—,—,—,Fall 2026,N/A,2026-08-04T02:58:40.365Z
RELB,8706,Course 8706,Kurtis Schaeffer,4.00,—,—,Fall 2026,N/A,2026-08-04T02:58:50.298Z
RELB,8758,Course 8758,Julie Cassaniti,—,—,—,Fall 2026,N/A,2026-08-04T02:58:53.211Z
SPAN,1010,Course 1010,Daniel Colon,3.71,—,—,Fall 2026,mowefr 9:00am - 9:50am; mowefr 10:00am - 10:50am; mowefr 8:00am - 8:50am,2026-08-04T02:59:07.431Z
SPAN,1010,Course 1010,To Announced,—,—,—,Fall 2026,mowefr 8:00am - 8:50am,2026-08-04T02:59:07.431Z
SPAN,1060,Course 1060,Matthew Street,3.39,4.3,3.0,Fall 2026,mowefr 11:00am - 11:50am; mowefr 12:00pm - 12:50pm; mowefr 9:00am - 9:50am,2026-08-04T02:59:10.352Z
SPAN,1060,Course 1060,To Announced,—,—,—,Fall 2026,mowefr 10:00am - 10:50am,2026-08-04T02:59:10.352Z
SPAN,2010,Course 2010,Kate Neff,3.68,4.5,3.0,Fall 2026,mowefr 9:00am - 9:50am,2026-08-04T02:59:13.271Z
SPAN,2010,Course 2010,Esperanza Jarque,3.70,3.8,3.0,Fall 2026,tuth 3:30pm - 4:45pm; tuth 2:00pm - 3:15pm; tuth 6:30pm - 7:45pm,2026-08-04T02:59:13.271Z
SPAN,2010,Course 2010,Sara Young,3.56,4.5,2.6,Fall 2026,tuth 8:00am - 9:15am; tuth 9:30am - 10:45am; tuth 12:30pm - 1:45pm,2026-08-04T02:59:13.271Z
SPAN,2010,Course 2010,Lauren Mehfoud,3.60,—,—,Fall 2026,mowefr 3:00pm - 3:50pm; mowefr 1:00pm - 1:50pm; mowefr 2:00pm - 2:50pm,2026-08-04T02:59:13.271Z
SPAN,2010,Course 2010,To Announced,—,—,—,Fall 2026,mowefr 12:00pm - 12:50pm; mowefr 1:00pm - 1:50pm,2026-08-04T02:59:13.271Z
SPAN,2010,Course 2010,Andres Henao,—,—,—,Fall 2026,mowefr 10:00am - 10:50am,2026-08-04T02:59:13.271Z
SPAN,2020,Course 2020,Jennifer Barlow,3.59,4.3,4.0,Fall 2026,tuth 9:30am - 10:45am; tuth 2:00pm - 3:15pm; tuth 11:00am - 12:15pm,2026-08-04T02:59:16.192Z
SPAN,2020,Course 2020,Jennifer Hogg,3.59,3.6,2.9,Fall 2026,tuth 6:30pm - 7:45pm; tuth 2:00pm - 3:15pm; tuth 5:00pm - 6:15pm,2026-08-04T02:59:16.192Z
SPAN,2020,Course 2020,Kate Neff,3.57,—,—,Fall 2026,tuth 8:00am - 9:15am,2026-08-04T02:59:16.192Z
SPAN,2020,Course 2020,David Florez-Murillo,3.76,4.6,2.7,Fall 2026,tuth 12:30pm - 1:45pm; tuth 11:00am - 12:15pm; tuth 3:30pm - 4:45pm,2026-08-04T02:59:16.192Z
SPAN,2020,Course 2020,Germain Badang,3.54,5.0,2.0,Fall 2026,mowefr 12:00pm - 12:50pm; mowefr 2:00pm - 2:50pm; mowefr 3:00pm - 3:50pm,2026-08-04T02:59:16.192Z
SPAN,2020,Course 2020,To Announced,—,3.3,3.0,Fall 2026,mowefr 12:00pm - 12:50pm; mowefr 10:00am - 10:50am,2026-08-04T02:59:16.192Z
SPAN,2020,Course 2020,Filadelfia Soto,—,—,—,Fall 2026,mowefr 9:00am - 9:50am,2026-08-04T02:59:16.192Z
SPAN,2020,Course 2020,Francis Whitfill,—,—,—,Fall 2026,tuth 8:00am - 9:15am,2026-08-04T02:59:16.192Z
SPAN,2020,Course 2020,Tammy Hertel,3.61,4.7,3.0,Fall 2026,mowefr 11:00am - 11:50am,2026-08-04T02:59:16.192Z
SPAN,3010,Course 3010,Esther Poveda,3.78,2.7,3.3,Fall 2026,tuth 12:30pm - 1:45pm; tuth 8:00am - 9:15am,2026-08-04T02:59:22.034Z
SPAN,3010,Course 3010,Ciara Raczyk,3.87,—,—,Fall 2026,mowefr 11:00am - 11:50am,2026-08-04T02:59:22.034Z
SPAN,3010,Course 3010,Tammy Hertel,3.89,—,—,Fall 2026,mowefr 9:00am - 9:50am; mowefr 8:00am - 8:50am,2026-08-04T02:59:22.034Z
SPAN,3040,Course 3040,Maria Rodriguez,3.93,2.5,2.0,Fall 2026,mowefr 10:00am - 10:50am; mowefr 11:00am - 11:50am,2026-08-04T02:59:24.952Z
SPAN,3050,Course 3050,Alicia Opere,3.86,3.9,2.7,Fall 2026,tuth 11:00am - 12:15pm,2026-08-04T02:59:27.866Z
SPAN,3060,Course 3060,Esther Poveda,—,—,—,Fall 2026,tuth 9:30am - 10:45am,2026-08-04T02:59:30.771Z
SPAN,3200,Course 3200,Lorena Ferrando,3.86,—,—,Fall 2026,mowe 2:00pm - 3:15pm,2026-08-04T02:59:35.732Z
SPAN,3300,Course 3300,Nicole Bonino,3.96,—,—,Fall 2026,mowefr 10:00am - 10:50am,2026-08-04T02:59:38.665Z
SPAN,3300,Course 3300,Alicia Opere,3.87,4.3,3.0,Fall 2026,tuth 12:30pm - 1:45pm,2026-08-04T02:59:38.665Z
SPAN,3300,Course 3300,Nieves Prados,3.88,4.8,2.0,Fall 2026,mowefr 11:00am - 11:50am,2026-08-04T02:59:38.665Z
SPAN,3300,Course 3300,Robert Sanchis,—,4.7,2.0,Fall 2026,mowefr 3:00pm - 3:50pm,2026-08-04T02:59:38.665Z
SPAN,3300,Course 3300,FERNANDO Riva,—,—,—,Fall 2026,tuth 11:00am - 12:15pm,2026-08-04T02:59:38.665Z
SPAN,3400,Course 3400,FERNANDO Riva,3.99,4.2,2.3,Fall 2026,tuth 9:30am - 10:45am,2026-08-04T02:59:43.640Z
SPAN,3410,Course 3410,Kelly Moore,3.89,4.0,2.0,Fall 2026,tuth 11:00am - 12:15pm,2026-08-04T02:59:46.560Z
SPAN,3420,Course 3420,Fernando Opere,3.60,—,—,Fall 2026,mowe 5:00pm - 6:15pm,2026-08-04T02:59:49.481Z
SPAN,3430,Course 3430,Carlos Fernandez,—,—,—,Fall 2026,mowefr 1:00pm - 1:50pm,2026-08-04T02:59:52.408Z
SPAN,4500,Course 4500,Kelly Moore,—,—,—,Fall 2026,tuth 12:30pm - 1:45pm,2026-08-04T02:59:59.486Z
SPAN,4530,Course 4530,Omar Mendoza,—,5.0,3.0,Fall 2026,tuth 5:00pm - 6:15pm,2026-08-04T03:00:02.489Z
SPAN,4530,Course 4530,Lorena Ferrando,3.80,1.7,1.0,Fall 2026,mowe 3:30pm - 4:45pm,2026-08-04T03:00:02.489Z
SPAN,4615,Course 4615,Samuel Amago,3.78,—,—,Fall 2026,tuth 3:30pm - 4:45pm,2026-08-04T03:00:05.395Z
SPAN,4800,Course 4800,Nieves Prados,—,—,—,Fall 2026,N/A,2026-08-04T03:00:11.236Z
SPAN,4980,Course 4980,FERNANDO Riva,—,—,—,Fall 2026,N/A,2026-08-04T03:00:14.173Z
SPAN,8995,Course 8995,To Announced,—,—,—,Fall 2026,N/A,2026-08-04T03:00:19.157Z
SPAN,8998,Course 8998,Charlotte Rogers,—,—,—,Fall 2026,N/A,2026-08-04T03:00:22.076Z
SPAN,9998,Course 9998,Charlotte Rogers,—,—,—,Fall 2026,N/A,2026-08-04T03:00:24.999Z
SPAN,9999,Course 9999,Fernando Opere,—,—,—,Fall 2026,N/A,2026-08-04T03:00:27.911Z
SPAN,9999,Course 9999,Ricardo Padron,—,—,—,Fall 2026,N/A,2026-08-04T03:00:27.911Z
SPAN,9999,Course 9999,Allison Bigelow,—,—,—,Fall 2026,N/A,2026-08-04T03:00:27.911Z
SPAN,9999,Course 9999,Charlotte Rogers,—,—,—,Fall 2026,N/A,2026-08-04T03:00:27.911Z
SPAN,9999,Course 9999,Anne Mahler,—,—,—,Fall 2026,N/A,2026-08-04T03:00:27.911Z
SPAN,9999,Course 9999,Samuel Amago,—,—,—,Fall 2026,N/A,2026-08-04T03:00:27.911Z
SPAN,9999,Course 9999,Cole Rizki,—,—,—,Fall 2026,N/A,2026-08-04T03:00:27.911Z
ITAL,1010,Course 1010,Stella Mattioli,3.77,3.5,1.5,Fall 2026,mowefr 10:00am - 10:50am; mowefr 11:00am - 11:50am,2026-08-04T03:00:38.419Z
ITAL,1010,Course 1010,Francesca Calamita,3.52,3.9,2.3,Fall 2026,tuth 12:30pm - 1:45pm; tuth 2:00pm - 3:15pm,2026-08-04T03:00:38.419Z
ITAL,1010,Course 1010,Nicole Bonino,3.87,4.8,2.3,Fall 2026,mowefr 9:00am - 9:50am,2026-08-04T03:00:38.419Z
ITAL,1020,Course 1020,To Announced,—,—,—,Fall 2026,mowe 3:30pm - 4:45pm,2026-08-04T03:00:41.343Z
ITAL,2010,Course 2010,Sarah Annunziato,3.31,2.9,3.7,Fall 2026,tuth 9:30am - 10:45am; tuth 2:00pm - 3:15pm,2026-08-04T03:00:44.263Z
ITAL,2010,Course 2010,Stella Mattioli,3.74,—,—,Fall 2026,mowefr 12:00pm - 12:50pm,2026-08-04T03:00:44.263Z
ITAL,2020,Course 2020,Francesca Calamita,3.50,—,—,Fall 2026,tuth 3:30pm - 4:45pm,2026-08-04T03:00:47.180Z
ITAL,3010,Course 3010,Sarah Annunziato,3.80,2.3,2.0,Fall 2026,tuth 3:30pm - 4:45pm,2026-08-04T03:00:50.099Z
PORT,1110,Course 1110,Lilian Feitosa,3.71,4.0,2.3,Fall 2026,mowefr 11:00am - 11:50am; mowefr 12:00pm - 12:50pm,2026-08-04T03:01:00.286Z
PORT,2050,Course 2050,Lilian Feitosa,3.50,4.6,3.0,Fall 2026,mowefr 1:00pm - 1:50pm,2026-08-04T03:01:03.203Z
AAS,1010,Course 1010,Kevin Gaines,3.61,—,—,Fall 2026,tuth 12:30pm - 1:45pm,2026-08-04T03:01:14.004Z
AAS,1010,Course 1010,To Announced,—,4.0,2.0,Fall 2026,N/A,2026-08-04T03:01:14.004Z
AAS,2210,Course 2210,Anne Rotich,3.27,—,—,Fall 2026,N/A,2026-08-04T03:01:16.944Z
AAS,2220,Course 2220,Kimberly Fields,3.68,—,—,Fall 2026,tu 6:00pm - 8:30pm,2026-08-04T03:01:19.857Z
AAS,2500,Course 2500,Robert Vinson,—,—,—,Fall 2026,N/A,2026-08-04T03:01:22.777Z
AAS,2500,Course 2500,Liana Richardson,3.72,—,—,Fall 2026,N/A,2026-08-04T03:01:22.777Z
AAS,2500,Course 2500,Nasrin Olla,—,—,—,Fall 2026,N/A,2026-08-04T03:01:22.777Z
AAS,2600,Course 2600,Alisha Gaines,—,—,—,Fall 2026,N/A,2026-08-04T03:01:25.702Z
AAS,2660,Course 2660,Kevin Gaines,—,—,—,Fall 2026,tuth 2:00pm - 3:15pm,2026-08-04T03:01:28.625Z
AAS,2727,Course 2727,Robin Coleman,—,—,—,Fall 2026,we 4:00pm - 6:30pm,2026-08-04T03:01:31.541Z
AAS,3113,Course 3113,Robin Coleman,3.65,—,—,Fall 2026,mo 4:00pm - 6:30pm,2026-08-04T03:01:34.462Z
AAS,3235,Course 3235,Alisha Gaines,—,—,—,Fall 2026,N/A,2026-08-04T03:01:37.386Z
AAS,3310,Course 3310,Kimberly Fields,3.63,—,—,Fall 2026,tu 3:30pm - 6:00pm,2026-08-04T03:01:40.305Z
AAS,3500,Course 3500,Liana Richardson,3.61,3.3,3.0,Fall 2026,N/A,2026-08-04T03:01:43.218Z
AAS,3500,Course 3500,Jovon Moses,—,—,—,Fall 2026,N/A,2026-08-04T03:01:43.218Z
AAS,3750,Course 3750,Nemata Blyden,—,—,—,Fall 2026,tuth 2:00pm - 3:15pm,2026-08-04T03:01:46.285Z
AAS,3853,Course 3853,Andrew Kahrl,3.69,2.5,3.5,Fall 2026,mowe 9:00am - 9:50am,2026-08-04T03:01:49.206Z
AAS,3853,Course 3853,To Announced,—,—,—,Fall 2026,N/A,2026-08-04T03:01:49.206Z
AAS,4070,Course 4070,Kimberly Fields,—,—,—,Fall 2026,tba,2026-08-04T03:01:52.119Z
AAS,4570,Course 4570,Ashon Crawley,3.70,—,—,Fall 2026,N/A,2026-08-04T03:01:55.077Z
AAS,4570,Course 4570,Ashleigh Wade,—,—,—,Fall 2026,N/A,2026-08-04T03:01:55.077Z
AAS,4993,Course 4993,To Announced,—,—,—,Fall 2026,N/A,2026-08-04T03:01:58.015Z
AAS,9710,Course 9710,Robert Vinson,—,—,—,Fall 2026,N/A,2026-08-04T03:02:00.951Z
AMST,2001,Course 2001,To Announced,—,—,—,Fall 2026,N/A,2026-08-04T03:02:12.526Z
AMST,2001,Course 2001,Fiona Ngo,3.64,3.2,2.8,Fall 2026,mowe 1:00pm - 1:50pm,2026-08-04T03:02:12.526Z
AMST,2001,Course 2001,Ruby Tapia,—,—,—,Fall 2026,mowe 1:00pm - 1:50pm,2026-08-04T03:02:12.526Z
AMST,2130,Course 2130,Ruby Tapia,3.94,—,—,Fall 2026,N/A,2026-08-04T03:02:15.460Z
AMST,2421,Course 2421,Anneleise Azua,3.47,—,—,Fall 2026,N/A,2026-08-04T03:02:18.375Z
AMST,2500,Course 2500,Matthew Hedstrom,3.39,—,—,Fall 2026,tuth 12:30pm - 1:45pm,2026-08-04T03:02:21.277Z
AMST,2500,Course 2500,Patricia Nguyen,—,—,—,Fall 2026,we 3:30pm - 6:00pm,2026-08-04T03:02:21.277Z
AMST,2559,Course 2559,Lisa Goff,—,—,—,Fall 2026,tuth 12:30pm - 1:45pm,2026-08-04T03:02:24.200Z
AMST,2559,Course 2559,Lisa Cacho,—,—,—,Fall 2026,tuth 11:00am - 12:15pm,2026-08-04T03:02:24.200Z
AMST,3001,Course 3001,Sandhya Shukla,3.59,4.3,3.5,Fall 2026,N/A,2026-08-04T03:02:27.133Z
AMST,3250,Course 3250,Marlon Ross,3.27,—,—,Fall 2026,N/A,2026-08-04T03:02:32.962Z
AMST,3326,Course 3326,Anneleise Azua,3.64,4.7,3.0,Fall 2026,tuth 11:00am - 12:15pm,2026-08-04T03:02:35.874Z
AMST,3422,Course 3422,Lisa Goff,3.84,—,—,Fall 2026,N/A,2026-08-04T03:02:38.793Z
AMST,3471,Course 3471,Sylvia Chong,3.67,3.0,2.5,Fall 2026,N/A,2026-08-04T03:02:41.723Z
AMST,3481,Course 3481,Karl Miller,3.84,—,—,Fall 2026,mowe 2:00pm - 3:15pm,2026-08-04T03:02:44.647Z
AMST,3500,Course 3500,Marlon Ross,2.76,—,—,Fall 2026,N/A,2026-08-04T03:02:47.578Z
AMST,3500,Course 3500,K. Grandison,—,—,—,Fall 2026,N/A,2026-08-04T03:02:47.578Z
AMST,3500,Course 3500,Cole Rizki,3.67,—,—,Fall 2026,N/A,2026-08-04T03:02:47.578Z
AMST,3500,Course 3500,Fiona Ngo,—,—,—,Fall 2026,N/A,2026-08-04T03:02:47.578Z
AMST,3559,Course 3559,Jack Hamilton,—,—,—,Fall 2026,mowe 3:30pm - 4:45pm,2026-08-04T03:02:50.502Z
AMST,3559,Course 3559,David Coyoca,3.92,5.0,1.0,Fall 2026,tuth 11:00am - 12:15pm,2026-08-04T03:02:50.502Z
AMST,3880,Course 3880,Jennifer Greeson,3.45,—,—,Fall 2026,tuth 11:00am - 12:15pm,2026-08-04T03:02:53.417Z
AMST,4559,Course 4559,David Coyoca,3.86,—,—,Fall 2026,tuth 2:00pm - 3:15pm,2026-08-04T03:02:58.428Z
AMST,4559,Course 4559,Patricia Nguyen,3.40,5.0,2.0,Fall 2026,tu 3:30pm - 6:00pm,2026-08-04T03:02:58.428Z
AMST,4893,Course 4893,Sylvia Chong,4.00,—,—,Fall 2026,N/A,2026-08-04T03:03:01.355Z
AMST,4993,Course 4993,Sylvia Chong,3.90,—,—,Fall 2026,N/A,2026-08-04T03:03:04.278Z
AMST,4993,Course 4993,Fiona Ngo,—,—,—,Fall 2026,N/A,2026-08-04T03:03:04.278Z
AMST,4993,Course 4993,Ruby Tapia,—,—,—,Fall 2026,N/A,2026-08-04T03:03:04.278Z
AMST,4999,Course 4999,David Coyoca,—,—,—,Fall 2026,N/A,2026-08-04T03:03:07.188Z
AMST,5559,Course 5559,Cole Rizki,—,—,—,Fall 2026,N/A,2026-08-04T03:03:10.102Z
AMST,8993,Course 8993,Lisa Cacho,—,—,—,Fall 2026,N/A,2026-08-04T03:03:13.012Z
ANTH,1010,Course 1010,Richard Handler,3.59,4.0,2.4,Fall 2026,mowefr 11:00am - 11:50am,2026-08-04T03:03:49.739Z
ANTH,1010,Course 1010,Tessa Farmer,3.46,5.0,1.0,Fall 2026,tuth 11:00am - 12:15pm,2026-08-04T03:03:49.740Z
ANTH,2280,Course 2280,Jarrett Zigon,3.86,3.8,2.3,Fall 2026,we 3:30pm - 5:10pm,2026-08-04T03:03:52.673Z
ANTH,2280,Course 2280,To Announced,—,1.7,3.0,Fall 2026,N/A,2026-08-04T03:03:52.673Z
ANTH,2285,Course 2285,Sylvia Tidey,3.79,4.2,2.7,Fall 2026,th 3:30pm - 6:00pm,2026-08-04T03:03:55.589Z
ANTH,2400,Course 2400,Nathan Wendte,3.89,3.6,2.3,Fall 2026,mowe 10:00am - 10:50am,2026-08-04T03:03:58.513Z
ANTH,2400,Course 2400,To Announced,—,—,—,Fall 2026,N/A,2026-08-04T03:03:58.513Z
ANTH,2410,Course 2410,Daniel Lefkowitz,3.58,2.5,3.0,Fall 2026,tuth 11:00am - 12:15pm,2026-08-04T03:04:01.437Z
ANTH,2415,Course 2415,Mark Sicoli,3.82,4.4,2.0,Fall 2026,mowe 2:00pm - 2:50pm,2026-08-04T03:04:04.354Z
ANTH,2415,Course 2415,To Announced,—,—,—,Fall 2026,N/A,2026-08-04T03:04:04.354Z
ANTH,2800,Course 2800,Phillip Trella,3.58,3.7,2.0,Fall 2026,mowe 12:00pm - 12:50pm,2026-08-04T03:04:12.306Z
ANTH,2800,Course 2800,To Announced,—,—,—,Fall 2026,N/A,2026-08-04T03:04:12.306Z
ANTH,3010,Course 3010,Jim Igoe,3.51,—,—,Fall 2026,tuth 2:00pm - 3:15pm,2026-08-04T03:04:18.142Z
ANTH,3152,Course 3152,George Mentore,3.15,3.6,3.5,Fall 2026,tuth 11:00am - 12:15pm,2026-08-04T03:04:21.066Z
ANTH,3290,Course 3290,Jarrett Zigon,3.91,5.0,2.5,Fall 2026,th 3:30pm - 6:00pm,2026-08-04T03:04:26.088Z
ANTH,3325,Course 3325,David Flood,—,—,—,Fall 2026,tuth 9:30am - 10:45am,2026-08-04T03:04:29.007Z
ANTH,3332,Course 3332,Aron Marie,3.74,4.3,2.0,Fall 2026,mowe 2:00pm - 3:15pm,2026-08-04T03:04:31.925Z
ANTH,3450,Course 3450,Armik Mirzayan,3.91,—,—,Fall 2026,tuth 12:30pm - 1:45pm,2026-08-04T03:04:34.852Z
ANTH,3480,Course 3480,Eve Danziger,3.26,3.6,2.4,Fall 2026,mowe 3:30pm - 4:45pm,2026-08-04T03:04:37.772Z
ANTH,3589,Course 3589,Patricia Wattenmaker,3.56,2.7,1.0,Fall 2026,tuth 3:30pm - 4:45pm,2026-08-04T03:04:40.679Z
ANTH,3589,Course 3589,To Announced,—,—,—,Fall 2026,mowefr 9:00am - 9:50am,2026-08-04T03:04:40.679Z
ANTH,3590,Course 3590,Chris Colvin,—,—,—,Fall 2026,tuth 9:30am - 10:45am,2026-08-04T03:04:43.599Z
ANTH,3590,Course 3590,Erin Moriarty,—,—,—,Fall 2026,tuth 11:00am - 12:15pm,2026-08-04T03:04:43.599Z
ANTH,3679,Course 3679,Lise Dobrin,3.69,—,—,Fall 2026,N/A,2026-08-04T03:04:46.528Z
ANTH,3880,Course 3880,Adria LaViolette,3.63,—,—,Fall 2026,mowe 3:30pm - 4:45pm,2026-08-04T03:04:49.449Z
ANTH,4591,Course 4591,George Mentore,3.54,—,—,Fall 2026,N/A,2026-08-04T03:04:52.376Z
ANTH,4993,Course 4993,Ira Bashkow,3.81,—,—,Fall 2026,N/A,2026-08-04T03:04:55.314Z
ANTH,4993,Course 4993,Lise Dobrin,—,—,—,Fall 2026,N/A,2026-08-04T03:04:55.314Z
ANTH,4993,Course 4993,Adria LaViolette,—,—,—,Fall 2026,N/A,2026-08-04T03:04:55.314Z
ANTH,4998,Course 4998,George Mentore,3.80,—,—,Fall 2026,N/A,2026-08-04T03:04:58.234Z
ANTH,4998,Course 4998,Ira Bashkow,3.75,—,—,Fall 2026,N/A,2026-08-04T03:04:58.234Z
ANTH,4998,Course 4998,Richard Handler,3.90,—,—,Fall 2026,N/A,2026-08-04T03:04:58.234Z
ANTH,4998,Course 4998,Daniel Lefkowitz,—,—,—,Fall 2026,N/A,2026-08-04T03:04:58.234Z
ANTH,4998,Course 4998,Patricia Wattenmaker,4.00,—,—,Fall 2026,N/A,2026-08-04T03:04:58.234Z
ANTH,4998,Course 4998,Gertrude Fraser,—,—,—,Fall 2026,N/A,2026-08-04T03:04:58.234Z
ANTH,4998,Course 4998,China Scherz,4.00,—,—,Fall 2026,N/A,2026-08-04T03:04:58.234Z
ANTH,4998,Course 4998,Sylvia Tidey,—,—,—,Fall 2026,N/A,2026-08-04T03:04:58.234Z
ANTH,4998,Course 4998,Jarrett Zigon,—,—,—,Fall 2026,N/A,2026-08-04T03:04:58.234Z
ANTH,5559,Course 5559,Aron Marie,—,—,—,Fall 2026,mo 5:00pm - 7:30pm,2026-08-04T03:05:01.157Z
ANTH,5808,Course 5808,Patricia Wattenmaker,3.86,—,—,Fall 2026,mo 5:00pm - 7:30pm,2026-08-04T03:05:04.075Z
ANTH,7010,Course 7010,Ira Bashkow,3.70,—,—,Fall 2026,N/A,2026-08-04T03:05:06.995Z
ANTH,7060,Course 7060,Adria LaViolette,—,—,—,Fall 2026,N/A,2026-08-04T03:05:09.915Z
ANTH,7330,Course 7330,Aron Marie,—,—,—,Fall 2026,mowe 2:00pm - 3:15pm,2026-08-04T03:05:14.936Z
ANTH,7400,Course 7400,Lise Dobrin,3.88,—,—,Fall 2026,N/A,2026-08-04T03:05:17.855Z
ANTH,7450,Course 7450,Armik Mirzayan,4.00,—,—,Fall 2026,tuth 12:30pm - 1:45pm,2026-08-04T03:05:20.774Z
ANTH,7480,Course 7480,Eve Danziger,3.54,—,—,Fall 2026,mowe 3:30pm - 4:45pm,2026-08-04T03:05:23.707Z
ANTH,7840,Course 7840,Sonia Alconini,—,—,—,Fall 2026,th 3:30pm - 6:00pm,2026-08-04T03:05:26.631Z
ANTH,8998,Course 8998,George Mentore,—,—,—,Fall 2026,N/A,2026-08-04T03:05:29.571Z
ANTH,8998,Course 8998,Frederick Damon,—,—,—,Fall 2026,N/A,2026-08-04T03:05:29.571Z
ANTH,8998,Course 8998,Eve Danziger,—,—,—,Fall 2026,N/A,2026-08-04T03:05:29.571Z
ANTH,8998,Course 8998,Ira Bashkow,—,—,—,Fall 2026,N/A,2026-08-04T03:05:29.571Z
ANTH,8998,Course 8998,Lise Dobrin,—,—,—,Fall 2026,N/A,2026-08-04T03:05:29.571Z
ANTH,8998,Course 8998,Richard Handler,—,—,—,Fall 2026,N/A,2026-08-04T03:05:29.571Z
ANTH,8998,Course 8998,Daniel Lefkowitz,—,—,—,Fall 2026,N/A,2026-08-04T03:05:29.571Z
ANTH,8998,Course 8998,Patricia Wattenmaker,—,—,—,Fall 2026,N/A,2026-08-04T03:05:29.571Z
ANTH,8998,Course 8998,China Scherz,—,—,—,Fall 2026,N/A,2026-08-04T03:05:29.571Z
ANTH,8998,Course 8998,Mark Sicoli,—,—,—,Fall 2026,N/A,2026-08-04T03:05:29.571Z
ANTH,8998,Course 8998,Jarrett Zigon,—,—,—,Fall 2026,N/A,2026-08-04T03:05:29.571Z
ANTH,8998,Course 8998,Jim Igoe,—,—,—,Fall 2026,N/A,2026-08-04T03:05:29.571Z
ANTH,8998,Course 8998,Adria LaViolette,—,—,—,Fall 2026,N/A,2026-08-04T03:05:29.571Z
ANTH,8999,Course 8999,George Mentore,—,—,—,Fall 2026,N/A,2026-08-04T03:05:32.498Z
ANTH,8999,Course 8999,Frederick Damon,—,—,—,Fall 2026,N/A,2026-08-04T03:05:32.498Z
ANTH,8999,Course 8999,Eve Danziger,1.30,—,—,Fall 2026,N/A,2026-08-04T03:05:32.498Z
ANTH,8999,Course 8999,Ira Bashkow,—,—,—,Fall 2026,N/A,2026-08-04T03:05:32.498Z
ANTH,8999,Course 8999,Lise Dobrin,—,—,—,Fall 2026,N/A,2026-08-04T03:05:32.498Z
ANTH,8999,Course 8999,Gertrude Fraser,—,—,—,Fall 2026,N/A,2026-08-04T03:05:32.498Z
ANTH,8999,Course 8999,China Scherz,—,—,—,Fall 2026,N/A,2026-08-04T03:05:32.498Z
ANTH,8999,Course 8999,Sylvia Tidey,—,—,—,Fall 2026,N/A,2026-08-04T03:05:32.498Z
ANTH,8999,Course 8999,Kasey Jernigan,—,—,—,Fall 2026,N/A,2026-08-04T03:05:32.498Z
ANTH,8999,Course 8999,Adria LaViolette,—,—,—,Fall 2026,N/A,2026-08-04T03:05:32.498Z
ANTH,9010,Course 9010,George Mentore,3.96,—,—,Fall 2026,N/A,2026-08-04T03:05:35.431Z
ANTH,9010,Course 9010,Eve Danziger,3.85,—,—,Fall 2026,N/A,2026-08-04T03:05:35.431Z
ANTH,9010,Course 9010,Ira Bashkow,4.00,—,—,Fall 2026,N/A,2026-08-04T03:05:35.431Z
ANTH,9010,Course 9010,Lise Dobrin,4.00,—,—,Fall 2026,N/A,2026-08-04T03:05:35.431Z
ANTH,9010,Course 9010,Daniel Lefkowitz,3.50,—,—,Fall 2026,N/A,2026-08-04T03:05:35.431Z
ANTH,9010,Course 9010,Patricia Wattenmaker,3.85,—,—,Fall 2026,N/A,2026-08-04T03:05:35.431Z
ANTH,9010,Course 9010,Gertrude Fraser,4.00,—,—,Fall 2026,N/A,2026-08-04T03:05:35.431Z
ANTH,9010,Course 9010,Tessa Farmer,—,—,—,Fall 2026,N/A,2026-08-04T03:05:35.431Z
ANTH,9010,Course 9010,Sylvia Tidey,—,—,—,Fall 2026,N/A,2026-08-04T03:05:35.431Z
ANTH,9010,Course 9010,Jarrett Zigon,—,—,—,Fall 2026,N/A,2026-08-04T03:05:35.431Z
ANTH,9010,Course 9010,Kasey Jernigan,—,—,—,Fall 2026,N/A,2026-08-04T03:05:35.431Z
ANTH,9010,Course 9010,Kath Weston,—,—,—,Fall 2026,N/A,2026-08-04T03:05:35.431Z
ANTH,9010,Course 9010,Jim Igoe,—,—,—,Fall 2026,N/A,2026-08-04T03:05:35.431Z
ANTH,9010,Course 9010,Sonia Alconini,—,—,—,Fall 2026,N/A,2026-08-04T03:05:35.431Z
ANTH,9010,Course 9010,Adria LaViolette,—,—,—,Fall 2026,N/A,2026-08-04T03:05:35.432Z
ANTH,9010,Course 9010,Roberto Rosado-Ramirez,—,—,—,Fall 2026,N/A,2026-08-04T03:05:35.432Z
ANTH,9010,Course 9010,Erin Moriarty,—,—,—,Fall 2026,N/A,2026-08-04T03:05:35.432Z
ANTH,9020,Course 9020,Lise Dobrin,4.00,—,—,Fall 2026,N/A,2026-08-04T03:05:38.367Z
ANTH,9020,Course 9020,Richard Handler,4.00,—,—,Fall 2026,N/A,2026-08-04T03:05:38.367Z
ANTH,9020,Course 9020,Kasey Jernigan,—,—,—,Fall 2026,N/A,2026-08-04T03:05:38.367Z
ANTH,9020,Course 9020,Kath Weston,—,—,—,Fall 2026,N/A,2026-08-04T03:05:38.367Z
ANTH,9020,Course 9020,Jim Igoe,—,—,—,Fall 2026,N/A,2026-08-04T03:05:38.367Z
ANTH,9020,Course 9020,Erin Moriarty,—,—,—,Fall 2026,N/A,2026-08-04T03:05:38.367Z
ANTH,9050,Course 9050,Jim Igoe,—,—,—,Fall 2026,N/A,2026-08-04T03:05:41.272Z
ANTH,9998,Course 9998,George Mentore,—,—,—,Fall 2026,N/A,2026-08-04T03:05:44.203Z
ANTH,9998,Course 9998,Frederick Damon,—,—,—,Fall 2026,N/A,2026-08-04T03:05:44.203Z
ANTH,9998,Course 9998,Eve Danziger,—,—,—,Fall 2026,N/A,2026-08-04T03:05:44.203Z
ANTH,9998,Course 9998,Ira Bashkow,—,—,—,Fall 2026,N/A,2026-08-04T03:05:44.203Z
ANTH,9998,Course 9998,Lise Dobrin,—,—,—,Fall 2026,N/A,2026-08-04T03:05:44.203Z
ANTH,9998,Course 9998,Richard Handler,—,—,—,Fall 2026,N/A,2026-08-04T03:05:44.203Z
ANTH,9998,Course 9998,Daniel Lefkowitz,—,—,—,Fall 2026,N/A,2026-08-04T03:05:44.203Z
ANTH,9998,Course 9998,Patricia Wattenmaker,—,—,—,Fall 2026,N/A,2026-08-04T03:05:44.203Z
ANTH,9998,Course 9998,China Scherz,—,—,—,Fall 2026,N/A,2026-08-04T03:05:44.203Z
ANTH,9998,Course 9998,Mark Sicoli,—,—,—,Fall 2026,N/A,2026-08-04T03:05:44.203Z
ANTH,9998,Course 9998,Jarrett Zigon,—,—,—,Fall 2026,N/A,2026-08-04T03:05:44.203Z
ANTH,9998,Course 9998,Kath Weston,—,—,—,Fall 2026,N/A,2026-08-04T03:05:44.203Z
ANTH,9998,Course 9998,Adria LaViolette,—,—,—,Fall 2026,N/A,2026-08-04T03:05:44.203Z
ANTH,9999,Course 9999,George Mentore,—,—,—,Fall 2026,N/A,2026-08-04T03:05:47.120Z
ANTH,9999,Course 9999,Frederick Damon,—,—,—,Fall 2026,N/A,2026-08-04T03:05:47.120Z
ANTH,9999,Course 9999,Eve Danziger,—,—,—,Fall 2026,N/A,2026-08-04T03:05:47.120Z
ANTH,9999,Course 9999,Ira Bashkow,—,—,—,Fall 2026,N/A,2026-08-04T03:05:47.120Z
ANTH,9999,Course 9999,Lise Dobrin,—,—,—,Fall 2026,N/A,2026-08-04T03:05:47.120Z
ANTH,9999,Course 9999,Richard Handler,—,—,—,Fall 2026,N/A,2026-08-04T03:05:47.120Z
ANTH,9999,Course 9999,Daniel Lefkowitz,—,—,—,Fall 2026,N/A,2026-08-04T03:05:47.120Z
ANTH,9999,Course 9999,Patricia Wattenmaker,—,—,—,Fall 2026,N/A,2026-08-04T03:05:47.120Z
ANTH,9999,Course 9999,Gertrude Fraser,—,—,—,Fall 2026,N/A,2026-08-04T03:05:47.120Z
ANTH,9999,Course 9999,China Scherz,—,—,—,Fall 2026,N/A,2026-08-04T03:05:47.120Z
ANTH,9999,Course 9999,Mark Sicoli,—,—,—,Fall 2026,N/A,2026-08-04T03:05:47.120Z
ANTH,9999,Course 9999,Tessa Farmer,—,—,—,Fall 2026,N/A,2026-08-04T03:05:47.120Z
ANTH,9999,Course 9999,Sylvia Tidey,—,—,—,Fall 2026,N/A,2026-08-04T03:05:47.120Z
ANTH,9999,Course 9999,Jarrett Zigon,—,—,—,Fall 2026,N/A,2026-08-04T03:05:47.120Z
ANTH,9999,Course 9999,Kath Weston,—,—,—,Fall 2026,N/A,2026-08-04T03:05:47.120Z
ANTH,9999,Course 9999,Jim Igoe,—,—,—,Fall 2026,N/A,2026-08-04T03:05:47.120Z
ANTH,9999,Course 9999,Sonia Alconini,—,—,—,Fall 2026,N/A,2026-08-04T03:05:47.120Z
ANTH,9999,Course 9999,Adria LaViolette,—,—,—,Fall 2026,N/A,2026-08-04T03:05:47.120Z
ARTH,1153,Course 1153,Eric Ramirez-Weaver,3.31,—,—,Fall 2026,mowefr 9:00am - 9:50am,2026-08-04T03:05:57.778Z
ARTH,1505,Course 1505,Douglas Fordham,3.50,4.3,2.5,Fall 2026,mowe 10:00am - 10:50am,2026-08-04T03:06:00.725Z
ARTH,1505,Course 1505,To Announced,—,—,—,Fall 2026,N/A,2026-08-04T03:06:00.725Z
ARTH,2451,Course 2451,Christa Robbins,3.87,—,—,Fall 2026,tuth 3:30pm - 4:45pm,2026-08-04T03:06:03.648Z
ARTH,2451,Course 2451,To Announced,—,—,—,Fall 2026,N/A,2026-08-04T03:06:03.648Z
ARTH,2591,Course 2591,Emma Osle,—,—,—,Fall 2026,mowe 2:00pm - 3:15pm,2026-08-04T03:06:09.503Z
ARTH,2861,Course 2861,Dorothy Wong,3.34,3.3,3.2,Fall 2026,mowe 2:00pm - 3:15pm,2026-08-04T03:06:15.392Z
ARTH,3062,Course 3062,Kate Kreindler,—,—,—,Fall 2026,tuth 12:30pm - 1:45pm,2026-08-04T03:06:18.337Z
ARTH,3254,Course 3254,Francesca Fiorani,3.34,4.2,3.1,Fall 2026,mowe 3:30pm - 4:45pm,2026-08-04T03:06:21.276Z
ARTH,3254,Course 3254,To Announced,—,—,—,Fall 2026,N/A,2026-08-04T03:06:21.276Z
ARTH,3591,Course 3591,Dorothy Wong,3.66,2.3,3.0,Fall 2026,mowe 5:00pm - 6:15pm,2026-08-04T03:06:24.213Z
ARTH,3591,Course 3591,Eric Ramirez-Weaver,3.71,—,—,Fall 2026,tuth 9:00am - 10:15am,2026-08-04T03:06:24.213Z
ARTH,4051,Course 4051,Giulia Paoletti,—,—,—,Fall 2026,N/A,2026-08-04T03:06:27.144Z
ARTH,4591,Course 4591,Lisa Reilly,3.51,—,—,Fall 2026,N/A,2026-08-04T03:06:30.078Z
ARTH,4591,Course 4591,Anastasia Dakouri-Hild,3.72,4.3,2.0,Fall 2026,N/A,2026-08-04T03:06:30.078Z
ARTH,4951,Course 4951,Melissa Love,3.79,—,—,Fall 2026,N/A,2026-08-04T03:06:33.027Z
ARTH,4998,Course 4998,Dorothy Wong,—,—,—,Fall 2026,N/A,2026-08-04T03:06:35.962Z
ARTH,4998,Course 4998,Eric Ramirez-Weaver,4.00,—,—,Fall 2026,N/A,2026-08-04T03:06:35.962Z
ARTH,4998,Course 4998,Francesca Fiorani,—,—,—,Fall 2026,N/A,2026-08-04T03:06:35.962Z
ARTH,4998,Course 4998,Sarah Betzer,4.00,—,—,Fall 2026,N/A,2026-08-04T03:06:35.962Z
ARTH,4998,Course 4998,Douglas Fordham,4.00,—,—,Fall 2026,N/A,2026-08-04T03:06:35.962Z
ARTH,4998,Course 4998,Tyler Smith,4.00,—,—,Fall 2026,N/A,2026-08-04T03:06:35.962Z
ARTH,4998,Course 4998,Foteini Kondyli,4.00,—,—,Fall 2026,N/A,2026-08-04T03:06:35.962Z
ARTH,4998,Course 4998,Amanda Phillips,3.70,—,—,Fall 2026,N/A,2026-08-04T03:06:35.962Z
ARTH,4998,Course 4998,Christa Robbins,4.00,—,—,Fall 2026,N/A,2026-08-04T03:06:35.962Z
ARTH,4998,Course 4998,Henry Skerritt,—,—,—,Fall 2026,N/A,2026-08-04T03:06:35.962Z
ARTH,4998,Course 4998,Giulia Paoletti,—,—,—,Fall 2026,N/A,2026-08-04T03:06:35.962Z
ARTH,4998,Course 4998,David Getsy,—,—,—,Fall 2026,N/A,2026-08-04T03:06:35.962Z
ARTH,4998,Course 4998,Tatiana Flores,—,—,—,Fall 2026,N/A,2026-08-04T03:06:35.962Z
BIOL,1040,Course 1040,Douglas Taylor,3.56,3.7,2.1,Fall 2026,tuth 3:30pm - 4:45pm,2026-08-04T03:06:59.811Z
BIOL,2100,Course 2100,David Kittlesen,3.12,3.7,3.8,Fall 2026,mowefr 1:00pm - 1:50pm; fr 3:30pm - 5:30pm; mowefr 11:00am - 11:50am,2026-08-04T03:07:02.764Z
BIOL,2100,Course 2100,Clay Grisius,—,5.0,2.0,Fall 2026,N/A,2026-08-04T03:07:02.764Z
BIOL,2200,Course 2200,Jessamyn Manson,3.33,3.3,3.7,Fall 2026,mowefr 11:00am - 11:50am,2026-08-04T03:07:05.680Z
BIOL,3000,Course 3000,Mike Wormington,2.79,3.3,4.7,Fall 2026,mowefr 9:00am - 9:50am,2026-08-04T03:07:08.595Z
BIOL,3010,Course 3010,David Parichy,3.20,3.3,3.9,Fall 2026,mowefr 10:00am - 10:50am,2026-08-04T03:07:11.515Z
BIOL,3010,Course 3010,Katia Korzeniwsky,3.72,—,—,Fall 2026,mowefr 10:00am - 10:50am,2026-08-04T03:07:11.515Z
BIOL,3020,Course 3020,Edmund Brodie,—,3.0,4.1,Fall 2026,mowefr 2:00pm - 2:50pm,2026-08-04T03:07:14.440Z
BIOL,3020,Course 3020,Robert Cox,2.83,3.2,3.6,Fall 2026,mowefr 2:00pm - 2:50pm,2026-08-04T03:07:14.440Z
BIOL,3050,Course 3050,Barry Condron,3.13,4.4,3.7,Fall 2026,tuth 9:30am - 10:45am,2026-08-04T03:07:17.378Z
BIOL,3050,Course 3050,Ignacio Provencio,2.76,3.5,4.4,Fall 2026,tuth 9:30am - 10:45am,2026-08-04T03:07:17.378Z
BIOL,3410,Course 3410,Ann Massey,3.36,2.5,3.1,Fall 2026,tuth 3:30pm - 4:45pm,2026-08-04T03:07:20.331Z
BIOL,3410,Course 3410,Alexandra Faur,—,—,—,Fall 2026,N/A,2026-08-04T03:07:20.331Z
BIOL,3450,Course 3450,Jessamyn Manson,3.41,4.6,2.5,Fall 2026,mowe 3:30pm - 4:45pm,2026-08-04T03:07:23.276Z
BIOL,3460,Course 3460,Amanda Gibson,—,—,—,Fall 2026,mowe 1:00pm - 1:50pm; fr 12:00pm - 1:00pm,2026-08-04T03:07:26.215Z
BIOL,3910,Course 3910,Mike Wormington,—,—,—,Fall 2026,N/A,2026-08-04T03:07:29.165Z
BIOL,3920,Course 3920,Keith Kozminski,—,—,—,Fall 2026,N/A,2026-08-04T03:07:32.101Z
BIOL,3920,Course 3920,Barry Condron,—,—,—,Fall 2026,N/A,2026-08-04T03:07:32.101Z
BIOL,3920,Course 3920,Nicholas Landry,—,—,—,Fall 2026,N/A,2026-08-04T03:07:32.101Z
BIOL,3920,Course 3920,Sandy Kawano,—,—,—,Fall 2026,N/A,2026-08-04T03:07:32.101Z
BIOL,4016,Course 4016,Robert Grainger,3.92,4.8,2.0,Fall 2026,N/A,2026-08-04T03:07:35.069Z
BIOL,4018,Course 4018,Martin Wu,3.88,—,—,Fall 2026,N/A,2026-08-04T03:07:38.012Z
BIOL,4019,Course 4019,Ann Massey,3.99,3.0,1.0,Fall 2026,tuth 11:00am - 12:15pm,2026-08-04T03:07:40.940Z
BIOL,4020,Course 4020,Alan Bergland,3.87,—,—,Fall 2026,N/A,2026-08-04T03:07:43.878Z
BIOL,4021,Course 4021,Melanie Worley,3.91,—,—,Fall 2026,tuth 12:30pm - 1:45pm,2026-08-04T03:07:46.812Z
BIOL,4030,Course 4030,Gwendolyn Lewis,3.25,—,—,Fall 2026,fr 2:00pm - 3:15pm,2026-08-04T03:07:49.747Z
BIOL,4070,Course 4070,Raymond Keller,3.91,4.2,2.2,Fall 2026,N/A,2026-08-04T03:07:56.879Z
BIOL,4190,Course 4190,Ignacio Provencio,3.08,3.3,4.0,Fall 2026,tuth 11:00am - 12:15pm,2026-08-04T03:08:01.877Z
BIOL,4200,Course 4200,Nicholas Landry,—,—,—,Fall 2026,tuth 2:00pm - 3:15pm,2026-08-04T03:08:04.809Z
BIOL,4300,Course 4300,Drew Schield,—,—,—,Fall 2026,tuth 9:30am - 10:45am,2026-08-04T03:08:07.753Z
BIOL,4559,Course 4559,Jessamyn Perlmutter,—,—,—,Fall 2026,mowe 3:30pm - 4:45pm,2026-08-04T03:08:10.691Z
BIOL,4585,Course 4585,Mike Wormington,3.82,—,—,Fall 2026,N/A,2026-08-04T03:08:13.626Z
BIOL,4810,Course 4810,Barry Condron,—,—,—,Fall 2026,th 5:00pm - 7:00pm,2026-08-04T03:08:16.575Z
BIOL,4840,Course 4840,Jessamyn Manson,3.96,—,—,Fall 2026,N/A,2026-08-04T03:08:19.508Z
BIOL,4900,Course 4900,Keith Kozminski,3.78,—,—,Fall 2026,N/A,2026-08-04T03:08:22.466Z
BIOL,4900,Course 4900,Robert Grainger,—,—,—,Fall 2026,N/A,2026-08-04T03:08:22.466Z
BIOL,4900,Course 4900,Amanda Gibson,—,—,—,Fall 2026,N/A,2026-08-04T03:08:22.466Z
BIOL,4900,Course 4900,Mike Wormington,—,—,—,Fall 2026,N/A,2026-08-04T03:08:22.466Z
BIOL,4900,Course 4900,Ann Massey,—,—,—,Fall 2026,N/A,2026-08-04T03:08:22.466Z
BIOL,4900,Course 4900,Katja Kasimatis,—,—,—,Fall 2026,N/A,2026-08-04T03:08:22.467Z
BIOL,4900,Course 4900,Drew Schield,—,—,—,Fall 2026,N/A,2026-08-04T03:08:22.467Z
BIOL,4910,Course 4910,Mike Wormington,3.94,—,—,Fall 2026,N/A,2026-08-04T03:08:25.408Z
BIOL,4920,Course 4920,Michael Timko,3.90,—,—,Fall 2026,N/A,2026-08-04T03:08:28.357Z
BIOL,4920,Course 4920,Keith Kozminski,4.00,—,—,Fall 2026,N/A,2026-08-04T03:08:28.357Z
BIOL,4920,Course 4920,Barry Condron,4.00,—,—,Fall 2026,N/A,2026-08-04T03:08:28.357Z
BIOL,4920,Course 4920,Laura Galloway,4.00,—,—,Fall 2026,N/A,2026-08-04T03:08:28.357Z
BIOL,4920,Course 4920,George Bloom,3.94,—,—,Fall 2026,N/A,2026-08-04T03:08:28.357Z
BIOL,4920,Course 4920,Edmund Brodie,—,—,—,Fall 2026,N/A,2026-08-04T03:08:28.357Z
BIOL,4920,Course 4920,Christopher Deppmann,4.00,—,—,Fall 2026,N/A,2026-08-04T03:08:28.357Z
BIOL,4920,Course 4920,Robert Grainger,3.92,—,—,Fall 2026,N/A,2026-08-04T03:08:28.357Z
BIOL,4920,Course 4920,Jay Hirsh,3.83,—,—,Fall 2026,N/A,2026-08-04T03:08:28.357Z
BIOL,4920,Course 4920,Raymond Keller,3.68,—,—,Fall 2026,N/A,2026-08-04T03:08:28.357Z
BIOL,4920,Course 4920,Sarah Kucenas,3.92,—,—,Fall 2026,N/A,2026-08-04T03:08:28.357Z
BIOL,4920,Course 4920,Douglas Taylor,4.00,—,—,Fall 2026,N/A,2026-08-04T03:08:28.357Z
BIOL,4920,Course 4920,Martin Wu,3.93,—,—,Fall 2026,N/A,2026-08-04T03:08:28.357Z
BIOL,4920,Course 4920,Anthony Spano,4.00,—,—,Fall 2026,N/A,2026-08-04T03:08:28.357Z
BIOL,4920,Course 4920,Ammasi Periasamy,4.00,—,—,Fall 2026,N/A,2026-08-04T03:08:28.357Z
BIOL,4920,Course 4920,Robert Cox,3.98,—,—,Fall 2026,N/A,2026-08-04T03:08:28.357Z
BIOL,4920,Course 4920,John Campbell,4.00,—,—,Fall 2026,N/A,2026-08-04T03:08:28.357Z
BIOL,4920,Course 4920,Sarah Siegrist,3.96,—,—,Fall 2026,N/A,2026-08-04T03:08:28.357Z
BIOL,4920,Course 4920,Ali Guler,4.00,—,—,Fall 2026,N/A,2026-08-04T03:08:28.357Z
BIOL,4920,Course 4920,Jennifer Guler,4.00,—,—,Fall 2026,N/A,2026-08-04T03:08:28.357Z
BIOL,4920,Course 4920,Eyleen O'Rourke,3.66,—,—,Fall 2026,N/A,2026-08-04T03:08:28.357Z
BIOL,4920,Course 4920,Alan Bergland,3.94,—,—,Fall 2026,N/A,2026-08-04T03:08:28.357Z
BIOL,4920,Course 4920,Jessamyn Manson,4.00,—,—,Fall 2026,N/A,2026-08-04T03:08:28.357Z
BIOL,4920,Course 4920,David Parichy,3.95,—,—,Fall 2026,N/A,2026-08-04T03:08:28.357Z
BIOL,4920,Course 4920,Jianhua Cang,—,—,—,Fall 2026,N/A,2026-08-04T03:08:28.357Z
BIOL,4920,Course 4920,Xiaorong Liu,4.00,—,—,Fall 2026,N/A,2026-08-04T03:08:28.357Z
BIOL,4920,Course 4920,Tracy Larson,3.94,—,—,Fall 2026,N/A,2026-08-04T03:08:28.357Z
BIOL,4920,Course 4920,Amanda Gibson,4.00,—,—,Fall 2026,N/A,2026-08-04T03:08:28.357Z
BIOL,4920,Course 4920,Ariel Pani,—,—,—,Fall 2026,N/A,2026-08-04T03:08:28.357Z
BIOL,4920,Course 4920,Dan McIntyre,—,—,—,Fall 2026,N/A,2026-08-04T03:08:28.357Z
BIOL,4920,Course 4920,Melanie Worley,—,—,—,Fall 2026,N/A,2026-08-04T03:08:28.357Z
BIOL,4920,Course 4920,Katja Kasimatis,—,—,—,Fall 2026,N/A,2026-08-04T03:08:28.357Z
BIOL,4920,Course 4920,Drew Schield,—,—,—,Fall 2026,N/A,2026-08-04T03:08:28.357Z
BIOL,4920,Course 4920,Jessamyn Perlmutter,—,—,—,Fall 2026,N/A,2026-08-04T03:08:28.357Z
BIOL,4920,Course 4920,Sandy Kawano,—,—,—,Fall 2026,N/A,2026-08-04T03:08:28.357Z
BIOL,7030,Course 7030,Alan Bergland,3.38,—,—,Fall 2026,N/A,2026-08-04T03:08:31.294Z
BIOL,7240,Course 7240,Ali Guler,—,—,—,Fall 2026,mowefr 9:00am - 10:50am,2026-08-04T03:08:34.260Z
BIOL,7240,Course 7240,Jianhua Cang,—,—,—,Fall 2026,mowefr 9:00am - 10:50am,2026-08-04T03:08:34.260Z
BIOL,8010,Course 8010,David Parichy,4.00,—,—,Fall 2026,N/A,2026-08-04T03:08:37.191Z
BIOL,8011,Course 8011,David Parichy,3.27,—,—,Fall 2026,N/A,2026-08-04T03:08:40.130Z
BIOL,8070,Course 8070,Drew Schield,—,—,—,Fall 2026,tu 3:30pm - 5:20pm,2026-08-04T03:08:43.130Z
BIOL,8240,Course 8240,David Parichy,3.94,—,—,Fall 2026,mowefr 12:00pm - 12:50pm,2026-08-04T03:08:49.009Z
BIOL,8240,Course 8240,Tracy Larson,3.63,—,—,Fall 2026,mowefr 12:00pm - 12:50pm,2026-08-04T03:08:49.009Z
BIOL,8260,Course 8260,Ignacio Provencio,3.79,—,—,Fall 2026,N/A,2026-08-04T03:08:51.943Z
BIOL,8300,Course 8300,Robert Cox,—,—,—,Fall 2026,tuth 9:30am - 10:45am,2026-08-04T03:08:54.865Z
BIOL,8300,Course 8300,Ariel Pani,3.78,—,—,Fall 2026,tuth 9:30am - 10:45am,2026-08-04T03:08:54.865Z
BIOL,8310,Course 8310,Fatima Morales,3.61,—,—,Fall 2026,we 11:00am - 11:50am,2026-08-04T03:08:57.828Z
BIOL,8999,Course 8999,Michael Timko,—,—,—,Fall 2026,N/A,2026-08-04T03:09:00.754Z
BIOL,8999,Course 8999,Keith Kozminski,—,—,—,Fall 2026,N/A,2026-08-04T03:09:00.754Z
BIOL,8999,Course 8999,Barry Condron,—,—,—,Fall 2026,N/A,2026-08-04T03:09:00.754Z
BIOL,8999,Course 8999,Ignacio Provencio,—,—,—,Fall 2026,N/A,2026-08-04T03:09:00.754Z
BIOL,8999,Course 8999,Laura Galloway,—,—,—,Fall 2026,N/A,2026-08-04T03:09:00.754Z
BIOL,8999,Course 8999,George Bloom,—,—,—,Fall 2026,N/A,2026-08-04T03:09:00.754Z
BIOL,8999,Course 8999,Edmund Brodie,—,—,—,Fall 2026,N/A,2026-08-04T03:09:00.754Z
BIOL,8999,Course 8999,Christopher Deppmann,—,—,—,Fall 2026,N/A,2026-08-04T03:09:00.754Z
BIOL,8999,Course 8999,Raymond Keller,—,—,—,Fall 2026,N/A,2026-08-04T03:09:00.754Z
BIOL,8999,Course 8999,Sarah Kucenas,—,—,—,Fall 2026,N/A,2026-08-04T03:09:00.754Z
BIOL,8999,Course 8999,Douglas Taylor,—,—,—,Fall 2026,N/A,2026-08-04T03:09:00.754Z
BIOL,8999,Course 8999,Martin Wu,—,—,—,Fall 2026,N/A,2026-08-04T03:09:00.754Z
BIOL,8999,Course 8999,Manuel Lerdau,—,—,—,Fall 2026,N/A,2026-08-04T03:09:00.754Z
BIOL,8999,Course 8999,Robert Cox,—,—,—,Fall 2026,N/A,2026-08-04T03:09:00.754Z
BIOL,8999,Course 8999,John Campbell,—,—,—,Fall 2026,N/A,2026-08-04T03:09:00.754Z
BIOL,8999,Course 8999,Sarah Siegrist,—,—,—,Fall 2026,N/A,2026-08-04T03:09:00.754Z
BIOL,8999,Course 8999,Alan Bergland,—,—,—,Fall 2026,N/A,2026-08-04T03:09:00.754Z
BIOL,8999,Course 8999,Ariel Pani,—,—,—,Fall 2026,N/A,2026-08-04T03:09:00.754Z
BIOL,9910,Course 9910,Alan Bergland,—,—,—,Fall 2026,N/A,2026-08-04T03:09:03.665Z
BIOL,9995,Course 9995,Alan Bergland,—,—,—,Fall 2026,N/A,2026-08-04T03:09:06.582Z
BIOL,9998,Course 9998,Jeffrey Smith,—,—,—,Fall 2026,N/A,2026-08-04T03:09:09.528Z
BIOL,9998,Course 9998,Michael Timko,—,—,—,Fall 2026,N/A,2026-08-04T03:09:09.528Z
BIOL,9998,Course 9998,Keith Kozminski,—,—,—,Fall 2026,N/A,2026-08-04T03:09:09.528Z
BIOL,9998,Course 9998,Barry Condron,—,—,—,Fall 2026,N/A,2026-08-04T03:09:09.528Z
BIOL,9998,Course 9998,Ignacio Provencio,—,—,—,Fall 2026,N/A,2026-08-04T03:09:09.528Z
BIOL,9998,Course 9998,Laura Galloway,—,—,—,Fall 2026,N/A,2026-08-04T03:09:09.528Z
BIOL,9998,Course 9998,George Bloom,—,—,—,Fall 2026,N/A,2026-08-04T03:09:09.528Z
BIOL,9998,Course 9998,Edmund Brodie,—,—,—,Fall 2026,N/A,2026-08-04T03:09:09.528Z
BIOL,9998,Course 9998,Christopher Deppmann,—,—,—,Fall 2026,N/A,2026-08-04T03:09:09.528Z
BIOL,9998,Course 9998,Raymond Keller,—,—,—,Fall 2026,N/A,2026-08-04T03:09:09.528Z
BIOL,9998,Course 9998,Sarah Kucenas,—,—,—,Fall 2026,N/A,2026-08-04T03:09:09.528Z
BIOL,9998,Course 9998,Douglas Taylor,—,—,—,Fall 2026,N/A,2026-08-04T03:09:09.528Z
BIOL,9998,Course 9998,Martin Wu,—,—,—,Fall 2026,N/A,2026-08-04T03:09:09.528Z
BIOL,9998,Course 9998,Xiaowei Lu,—,—,—,Fall 2026,N/A,2026-08-04T03:09:09.528Z
BIOL,9998,Course 9998,Robert Cox,—,—,—,Fall 2026,N/A,2026-08-04T03:09:09.528Z
BIOL,9998,Course 9998,Mark Beenhakker,—,—,—,Fall 2026,N/A,2026-08-04T03:09:09.528Z
BIOL,9998,Course 9998,John Campbell,—,—,—,Fall 2026,N/A,2026-08-04T03:09:09.528Z
BIOL,9998,Course 9998,Sarah Siegrist,—,—,—,Fall 2026,N/A,2026-08-04T03:09:09.528Z
BIOL,9998,Course 9998,Ali Guler,—,—,—,Fall 2026,N/A,2026-08-04T03:09:09.528Z
BIOL,9998,Course 9998,Jennifer Guler,—,—,—,Fall 2026,N/A,2026-08-04T03:09:09.528Z
BIOL,9998,Course 9998,Eyleen O'Rourke,—,—,—,Fall 2026,N/A,2026-08-04T03:09:09.528Z
BIOL,9998,Course 9998,Alan Bergland,—,—,—,Fall 2026,N/A,2026-08-04T03:09:09.528Z
BIOL,9998,Course 9998,David Parichy,—,—,—,Fall 2026,N/A,2026-08-04T03:09:09.528Z
BIOL,9998,Course 9998,Jianhua Cang,—,—,—,Fall 2026,N/A,2026-08-04T03:09:09.528Z
BIOL,9998,Course 9998,Xiaorong Liu,—,—,—,Fall 2026,N/A,2026-08-04T03:09:09.528Z
BIOL,9998,Course 9998,Tracy Larson,—,—,—,Fall 2026,N/A,2026-08-04T03:09:09.528Z
BIOL,9998,Course 9998,Amanda Gibson,—,—,—,Fall 2026,N/A,2026-08-04T03:09:09.528Z
BIOL,9998,Course 9998,Ariel Pani,—,—,—,Fall 2026,N/A,2026-08-04T03:09:09.528Z
BIOL,9998,Course 9998,Saurabh Kulkarni,—,—,—,Fall 2026,N/A,2026-08-04T03:09:09.528Z
BIOL,9998,Course 9998,Dan McIntyre,—,—,—,Fall 2026,N/A,2026-08-04T03:09:09.528Z
BIOL,9998,Course 9998,Melanie Worley,—,—,—,Fall 2026,N/A,2026-08-04T03:09:09.528Z
BIOL,9998,Course 9998,Katja Kasimatis,—,—,—,Fall 2026,N/A,2026-08-04T03:09:09.528Z
BIOL,9998,Course 9998,Drew Schield,—,—,—,Fall 2026,N/A,2026-08-04T03:09:09.528Z
BIOL,9998,Course 9998,Nicholas Landry,—,—,—,Fall 2026,N/A,2026-08-04T03:09:09.528Z
BIOL,9998,Course 9998,Jessamyn Perlmutter,—,—,—,Fall 2026,N/A,2026-08-04T03:09:09.528Z
BIOL,9999,Course 9999,Jeffrey Smith,—,—,—,Fall 2026,N/A,2026-08-04T03:09:12.487Z
BIOL,9999,Course 9999,Michael Timko,—,—,—,Fall 2026,N/A,2026-08-04T03:09:12.487Z
BIOL,9999,Course 9999,Keith Kozminski,—,—,—,Fall 2026,N/A,2026-08-04T03:09:12.487Z
BIOL,9999,Course 9999,Barry Condron,—,—,—,Fall 2026,N/A,2026-08-04T03:09:12.487Z
BIOL,9999,Course 9999,Ignacio Provencio,—,—,—,Fall 2026,N/A,2026-08-04T03:09:12.487Z
BIOL,9999,Course 9999,Laura Galloway,—,—,—,Fall 2026,N/A,2026-08-04T03:09:12.487Z
BIOL,9999,Course 9999,George Bloom,—,—,—,Fall 2026,N/A,2026-08-04T03:09:12.487Z
BIOL,9999,Course 9999,Edmund Brodie,—,—,—,Fall 2026,N/A,2026-08-04T03:09:12.487Z
BIOL,9999,Course 9999,Christopher Deppmann,—,—,—,Fall 2026,N/A,2026-08-04T03:09:12.487Z
BIOL,9999,Course 9999,Jay Hirsh,—,—,—,Fall 2026,N/A,2026-08-04T03:09:12.487Z
BIOL,9999,Course 9999,Raymond Keller,—,—,—,Fall 2026,N/A,2026-08-04T03:09:12.487Z
BIOL,9999,Course 9999,Sarah Kucenas,—,—,—,Fall 2026,N/A,2026-08-04T03:09:12.487Z
BIOL,9999,Course 9999,Douglas Taylor,—,—,—,Fall 2026,N/A,2026-08-04T03:09:12.487Z
BIOL,9999,Course 9999,Martin Wu,—,—,—,Fall 2026,N/A,2026-08-04T03:09:12.487Z
BIOL,9999,Course 9999,Xiaowei Lu,—,—,—,Fall 2026,N/A,2026-08-04T03:09:12.487Z
BIOL,9999,Course 9999,Charles Farber,—,—,—,Fall 2026,N/A,2026-08-04T03:09:12.487Z
BIOL,9999,Course 9999,Robert Cox,—,—,—,Fall 2026,N/A,2026-08-04T03:09:12.487Z
BIOL,9999,Course 9999,Mark Beenhakker,—,—,—,Fall 2026,N/A,2026-08-04T03:09:12.487Z
BIOL,9999,Course 9999,John Campbell,—,—,—,Fall 2026,N/A,2026-08-04T03:09:12.487Z
BIOL,9999,Course 9999,Sarah Siegrist,—,—,—,Fall 2026,N/A,2026-08-04T03:09:12.487Z
BIOL,9999,Course 9999,Ali Guler,—,—,—,Fall 2026,N/A,2026-08-04T03:09:12.487Z
BIOL,9999,Course 9999,Jennifer Guler,—,—,—,Fall 2026,N/A,2026-08-04T03:09:12.487Z
BIOL,9999,Course 9999,Eyleen O'Rourke,—,—,—,Fall 2026,N/A,2026-08-04T03:09:12.487Z
BIOL,9999,Course 9999,Alan Bergland,—,—,—,Fall 2026,N/A,2026-08-04T03:09:12.487Z
BIOL,9999,Course 9999,David Parichy,—,—,—,Fall 2026,N/A,2026-08-04T03:09:12.487Z
BIOL,9999,Course 9999,Jianhua Cang,—,—,—,Fall 2026,N/A,2026-08-04T03:09:12.487Z
BIOL,9999,Course 9999,Xiaorong Liu,—,—,—,Fall 2026,N/A,2026-08-04T03:09:12.487Z
BIOL,9999,Course 9999,Tracy Larson,—,—,—,Fall 2026,N/A,2026-08-04T03:09:12.487Z
BIOL,9999,Course 9999,Amanda Gibson,—,—,—,Fall 2026,N/A,2026-08-04T03:09:12.487Z
BIOL,9999,Course 9999,Ariel Pani,—,—,—,Fall 2026,N/A,2026-08-04T03:09:12.487Z
BIOL,9999,Course 9999,Saurabh Kulkarni,—,—,—,Fall 2026,N/A,2026-08-04T03:09:12.487Z
BIOL,9999,Course 9999,Dan McIntyre,—,—,—,Fall 2026,N/A,2026-08-04T03:09:12.487Z
BIOL,9999,Course 9999,Melanie Worley,—,—,—,Fall 2026,N/A,2026-08-04T03:09:12.487Z
BIOL,9999,Course 9999,Katja Kasimatis,—,—,—,Fall 2026,N/A,2026-08-04T03:09:12.487Z
BIOL,9999,Course 9999,Drew Schield,—,—,—,Fall 2026,N/A,2026-08-04T03:09:12.487Z
BIOL,9999,Course 9999,Nicholas Landry,—,—,—,Fall 2026,N/A,2026-08-04T03:09:12.487Z
BIOL,9999,Course 9999,Jessamyn Perlmutter,—,—,—,Fall 2026,N/A,2026-08-04T03:09:12.487Z
CHEM,1410,Course 1410,Kevin Welch,3.44,3.8,3.4,Fall 2026,th 9:30am - 10:45am,2026-08-04T03:09:33.310Z
CHEM,1410,Course 1410,Marilyne Stains,3.41,3.7,3.3,Fall 2026,mo 3:00pm - 4:15pm,2026-08-04T03:09:33.310Z
CHEM,1410,Course 1410,To Announced,—,—,—,Fall 2026,we 3:00pm - 4:15pm,2026-08-04T03:09:33.310Z
CHEM,1410,Course 1410,Michelle Personick,3.40,3.0,2.3,Fall 2026,tu 2:00pm - 3:15pm,2026-08-04T03:09:33.310Z
CHEM,1411,Course 1411,Lisa Morkowchuk,3.69,3.0,2.5,Fall 2026,N/A,2026-08-04T03:09:36.238Z
CHEM,1420,Course 1420,Kevin Welch,3.33,3.1,3.7,Fall 2026,fr 2:00pm - 3:15pm,2026-08-04T03:09:39.145Z
CHEM,1810,Course 1810,Walter Harman,3.46,4.5,4.0,Fall 2026,tuth 8:00am - 9:15am,2026-08-04T03:09:44.993Z
CHEM,1811,Course 1811,Sen Zhang,3.78,3.1,4.1,Fall 2026,mo 10:00am - 10:50am,2026-08-04T03:09:47.908Z
CHEM,2311,Course 2311,Jason Chruma,3.69,2.9,3.3,Fall 2026,N/A,2026-08-04T03:09:50.828Z
CHEM,2410,Course 2410,Laura Serbulea,2.73,3.3,4.0,Fall 2026,tuth 8:00am - 9:15am,2026-08-04T03:09:53.755Z
CHEM,2410,Course 2410,Alicia Frantz,3.10,3.3,4.5,Fall 2026,mowefr 10:00am - 10:50am; mowefr 11:00am - 11:50am,2026-08-04T03:09:53.755Z
CHEM,2410,Course 2410,Jetze Tepe,2.77,4.2,3.7,Fall 2026,mowe 8:30am - 9:45am,2026-08-04T03:09:53.755Z
CHEM,2410,Course 2410,Ethan Heyboer,3.04,4.3,4.3,Fall 2026,tuth 9:30am - 10:45am; tuth 12:30pm - 1:45pm,2026-08-04T03:09:53.755Z
CHEM,2410,Course 2410,Muhammad Hassan,—,—,—,Fall 2026,mowe 2:00pm - 3:15pm,2026-08-04T03:09:53.755Z
CHEM,2411,Course 2411,Jason Chruma,3.62,4.7,3.0,Fall 2026,fr 12:00pm - 12:50pm,2026-08-04T03:09:56.679Z
CHEM,2420,Course 2420,Jelena Samonina,3.12,3.8,4.3,Fall 2026,tuth 11:00am - 12:15pm; tuth 11:00am - 12:15pm,2026-08-04T03:09:59.602Z
CHEM,2810,Course 2810,Laura Serbulea,3.35,3.8,4.4,Fall 2026,tuth 9:30am - 10:45am,2026-08-04T03:10:02.533Z
CHEM,2811,Course 2811,Laura Serbulea,3.48,3.3,4.1,Fall 2026,th 11:00am - 12:15pm,2026-08-04T03:10:05.457Z
CHEM,3410,Course 3410,Allan Harrison,3.36,2.5,3.3,Fall 2026,mowefr 1:00pm - 1:50pm,2026-08-04T03:10:10.456Z
CHEM,3410,Course 3410,Amrit Venkatesh,3.54,4.2,4.5,Fall 2026,mowefr 11:00am - 11:50am,2026-08-04T03:10:10.456Z
CHEM,3721,Course 3721,Jill Venton,—,2.3,1.0,Fall 2026,mo 12:00pm - 12:50pm,2026-08-04T03:10:13.372Z
CHEM,3811,Course 3811,Brooks Pate,3.44,3.8,3.8,Fall 2026,fr 10:00am - 10:50am,2026-08-04T03:10:16.293Z
CHEM,3951,Course 3951,Michelle Personick,—,—,—,Fall 2026,N/A,2026-08-04T03:10:19.214Z
CHEM,3961,Course 3961,Michelle Personick,—,—,—,Fall 2026,N/A,2026-08-04T03:10:22.126Z
CHEM,4090,Course 4090,Rebecca Pompano,3.44,5.0,2.0,Fall 2026,tuth 11:00am - 12:15pm,2026-08-04T03:10:25.045Z
CHEM,4320,Course 4320,Charles Machan,3.44,2.1,4.7,Fall 2026,tuth 12:30pm - 1:45pm,2026-08-04T03:10:27.953Z
CHEM,4410,Course 4410,Andreas Gahlmann,3.39,1.2,3.7,Fall 2026,tuth 8:00am - 9:15am,2026-08-04T03:10:30.858Z
CHEM,4411,Course 4411,Marcos Pires,3.57,—,—,Fall 2026,fr 12:00pm - 12:50pm,2026-08-04T03:10:33.774Z
CHEM,4440,Course 4440,To Announced,—,—,—,Fall 2026,tuth 9:30am - 10:45am,2026-08-04T03:10:36.686Z
CHEM,4951,Course 4951,Michelle Personick,—,—,—,Fall 2026,N/A,2026-08-04T03:10:39.602Z
CHEM,4961,Course 4961,Michelle Personick,—,—,—,Fall 2026,N/A,2026-08-04T03:10:42.530Z
CHEM,5110,Course 5110,Michael Hilinski,3.41,—,—,Fall 2026,tuth 2:00pm - 3:15pm,2026-08-04T03:10:45.446Z
CHEM,5140,Course 5140,Eva Pari,3.30,—,—,Fall 2026,mowefr 12:00pm - 12:50pm,2026-08-04T03:10:48.361Z
CHEM,5210,Course 5210,Kevin Lehmann,3.90,—,—,Fall 2026,mowefr 10:00am - 10:50am,2026-08-04T03:10:51.283Z
CHEM,5260,Course 5260,Rob Garrod,3.90,—,—,Fall 2026,tuth 9:30am - 10:45am,2026-08-04T03:10:54.212Z
CHEM,5320,Course 5320,Lin Pu,3.24,4.3,4.0,Fall 2026,tuth 11:00am - 12:15pm,2026-08-04T03:10:57.126Z
CHEM,5340,Course 5340,Huiyuan Zhu,3.76,—,—,Fall 2026,tuth 2:00pm - 3:15pm,2026-08-04T03:11:00.045Z
CHEM,5460,Course 5460,Cliff Stains,3.99,—,—,Fall 2026,tuth 9:30am - 10:45am,2026-08-04T03:11:02.940Z
CHEM,5710,Course 5710,Jarrod Marto,—,—,—,Fall 2026,mowefr 9:00am - 9:50am,2026-08-04T03:11:08.764Z
CHEM,5760,Course 5760,Nathan Swami,3.81,—,—,Fall 2026,mowefr 10:00am - 10:50am,2026-08-04T03:11:11.673Z
CHEM,7010,Course 7010,Kevin Lehmann,—,—,—,Fall 2026,tuth 7:00pm - 9:00pm,2026-08-04T03:11:14.591Z
CHEM,7011,Course 7011,To Announced,—,—,—,Fall 2026,N/A,2026-08-04T03:11:17.507Z
CHEM,7030,Course 7030,Sergei Egorov,—,—,—,Fall 2026,mowefr 12:00pm - 12:50pm,2026-08-04T03:11:20.420Z
CHEM,8999,Course 8999,Michelle Personick,—,—,—,Fall 2026,N/A,2026-08-04T03:11:23.336Z
CHEM,9993,Course 9993,John Bushweller,—,—,—,Fall 2026,N/A,2026-08-04T03:11:26.314Z
CHEM,9993,Course 9993,Walter Harman,—,—,—,Fall 2026,N/A,2026-08-04T03:11:26.314Z
CHEM,9993,Course 9993,Kevin Lehmann,—,—,—,Fall 2026,N/A,2026-08-04T03:11:26.314Z
CHEM,9993,Course 9993,Sergei Egorov,—,—,—,Fall 2026,N/A,2026-08-04T03:11:26.314Z
CHEM,9993,Course 9993,Lin Pu,—,—,—,Fall 2026,N/A,2026-08-04T03:11:26.314Z
CHEM,9993,Course 9993,Brooks Pate,—,—,—,Fall 2026,N/A,2026-08-04T03:11:26.314Z
CHEM,9993,Course 9993,Linda Columbus,—,—,—,Fall 2026,N/A,2026-08-04T03:11:26.314Z
CHEM,9993,Course 9993,Thomas Gunnoe,—,—,—,Fall 2026,N/A,2026-08-04T03:11:26.314Z
CHEM,9993,Course 9993,Nathan Swami,—,—,—,Fall 2026,N/A,2026-08-04T03:11:26.314Z
CHEM,9993,Course 9993,Michael Hilinski,—,—,—,Fall 2026,N/A,2026-08-04T03:11:26.314Z
CHEM,9993,Course 9993,Rebecca Pompano,—,—,—,Fall 2026,N/A,2026-08-04T03:11:26.314Z
CHEM,9993,Course 9993,Andreas Gahlmann,—,—,—,Fall 2026,N/A,2026-08-04T03:11:26.314Z
CHEM,9993,Course 9993,Kateri DuBay,—,—,—,Fall 2026,N/A,2026-08-04T03:11:26.314Z
CHEM,9993,Course 9993,Charles Machan,—,—,—,Fall 2026,N/A,2026-08-04T03:11:26.314Z
CHEM,9993,Course 9993,Sen Zhang,—,—,—,Fall 2026,N/A,2026-08-04T03:11:26.314Z
CHEM,9993,Course 9993,Huiwang Ai,—,—,—,Fall 2026,N/A,2026-08-04T03:11:26.314Z
CHEM,9993,Course 9993,Allan Harrison,—,—,—,Fall 2026,N/A,2026-08-04T03:11:26.314Z
CHEM,9993,Course 9993,Ilse Cleeves,—,—,—,Fall 2026,N/A,2026-08-04T03:11:26.314Z
CHEM,9993,Course 9993,Rob Garrod,—,—,—,Fall 2026,N/A,2026-08-04T03:11:26.314Z
CHEM,9993,Course 9993,Jill Venton,—,—,—,Fall 2026,N/A,2026-08-04T03:11:26.314Z
CHEM,9993,Course 9993,Cliff Stains,—,—,—,Fall 2026,N/A,2026-08-04T03:11:26.314Z
CHEM,9993,Course 9993,Marilyne Stains,—,—,—,Fall 2026,N/A,2026-08-04T03:11:26.314Z
CHEM,9993,Course 9993,Marcos Pires,—,—,—,Fall 2026,N/A,2026-08-04T03:11:26.314Z
CHEM,9993,Course 9993,Huiyuan Zhu,—,—,—,Fall 2026,N/A,2026-08-04T03:11:26.314Z
CHEM,9993,Course 9993,Michelle Personick,—,—,—,Fall 2026,N/A,2026-08-04T03:11:26.314Z
CHEM,9993,Course 9993,Jetze Tepe,—,—,—,Fall 2026,N/A,2026-08-04T03:11:26.314Z
CHEM,9993,Course 9993,Amrit Venkatesh,—,—,—,Fall 2026,N/A,2026-08-04T03:11:26.314Z
CHEM,9993,Course 9993,Xin Ma,—,—,—,Fall 2026,N/A,2026-08-04T03:11:26.314Z
CHEM,9993,Course 9993,Eva Pari,—,—,—,Fall 2026,N/A,2026-08-04T03:11:26.314Z
CHEM,9993,Course 9993,Muhammad Hassan,—,—,—,Fall 2026,N/A,2026-08-04T03:11:26.314Z
CHEM,9993,Course 9993,Jarrod Marto,—,—,—,Fall 2026,N/A,2026-08-04T03:11:26.314Z
CHEM,9999,Course 9999,Michelle Personick,—,—,—,Fall 2026,N/A,2026-08-04T03:11:29.238Z
CLAS,1080,Course 1080,Inger Kuin,—,—,—,Fall 2026,mowe 3:00pm - 3:50pm,2026-08-04T03:11:39.823Z
CLAS,1080,Course 1080,To Announced,—,—,—,Fall 2026,N/A,2026-08-04T03:11:39.823Z
CLAS,2010,Course 2010,Jacqueline Arthur-Montagne,3.59,4.5,2.6,Fall 2026,tuth 2:00pm - 3:15pm,2026-08-04T03:11:42.742Z
CLAS,2010,Course 2010,To Announced,—,—,—,Fall 2026,N/A,2026-08-04T03:11:42.742Z
CLAS,2300,Course 2300,Gregory Hays,3.46,—,—,Fall 2026,tuth 11:00am - 12:15pm,2026-08-04T03:11:45.642Z
CLAS,3040,Course 3040,Giulio Celotto,3.97,—,—,Fall 2026,tuth 2:00pm - 3:15pm,2026-08-04T03:11:48.541Z
CLAS,3210,Course 3210,David Williams,3.57,4.7,2.0,Fall 2026,tuth 2:00pm - 3:15pm,2026-08-04T03:11:51.449Z
GREE,1010,Course 1010,John Dillery,3.19,3.0,5.0,Fall 2026,tuth 11:00am - 12:15pm,2026-08-04T03:12:01.255Z
GREE,1010,Course 1010,To Announced,—,—,—,Fall 2026,N/A,2026-08-04T03:12:01.255Z
GREE,2010,Course 2010,Jacqueline Arthur-Montagne,—,—,—,Fall 2026,tuth 3:30pm - 4:45pm,2026-08-04T03:12:04.211Z
GREE,3030,Course 3030,David Williams,—,—,—,Fall 2026,tuth 3:30pm - 4:45pm,2026-08-04T03:12:07.137Z
GREE,5160,Course 5160,John Dillery,3.61,—,—,Fall 2026,tuth 3:30pm - 4:45pm,2026-08-04T03:12:12.946Z
GREE,5250,Course 5250,Coulter George,—,—,—,Fall 2026,mowe 2:00pm - 3:15pm,2026-08-04T03:12:15.847Z
GREE,5993,Course 5993,John Dillery,3.70,—,—,Fall 2026,N/A,2026-08-04T03:12:18.747Z
GREE,8998,Course 8998,John Dillery,—,—,—,Fall 2026,N/A,2026-08-04T03:12:21.678Z
GREE,9998,Course 9998,John Dillery,—,—,—,Fall 2026,N/A,2026-08-04T03:12:24.594Z
GREE,9999,Course 9999,John Dillery,—,—,—,Fall 2026,N/A,2026-08-04T03:12:27.510Z
GREE,9999,Course 9999,Coulter George,—,—,—,Fall 2026,N/A,2026-08-04T03:12:27.510Z
GREE,9999,Course 9999,Andrej Petrovic,—,—,—,Fall 2026,N/A,2026-08-04T03:12:27.510Z
GREE,9999,Course 9999,Ivana Petrovic,—,—,—,Fall 2026,N/A,2026-08-04T03:12:27.510Z
GREE,9999,Course 9999,Jacqueline Arthur-Montagne,—,—,—,Fall 2026,N/A,2026-08-04T03:12:27.510Z
LATI,1010,Course 1010,To Announced,—,—,—,Fall 2026,tuth 12:30pm - 1:45pm,2026-08-04T03:12:38.137Z
LATI,1030,Course 1030,Giulio Celotto,3.73,4.6,3.2,Fall 2026,motuweth 11:00am - 11:50am,2026-08-04T03:12:41.073Z
LATI,2010,Course 2010,To Announced,—,—,—,Fall 2026,mowefr 3:00pm - 3:50pm; mowefr 9:00am - 9:50am,2026-08-04T03:12:43.994Z
LATI,2020,Course 2020,Inger Kuin,3.29,—,—,Fall 2026,mowefr 12:00pm - 12:50pm; mowefr 9:00am - 9:50am,2026-08-04T03:12:46.913Z
LATI,3110,Course 3110,Giulio Celotto,3.76,3.7,3.0,Fall 2026,tuth 12:30pm - 1:45pm,2026-08-04T03:12:49.838Z
LATI,4060,Course 4060,Coulter George,—,—,—,Fall 2026,mowefr 10:00am - 10:50am,2026-08-04T03:12:55.655Z
LATI,4998,Course 4998,Karen Myers,—,—,—,Fall 2026,N/A,2026-08-04T03:12:58.589Z
LATI,5559,Course 5559,Gregory Hays,—,—,—,Fall 2026,tuth 2:00pm - 3:15pm,2026-08-04T03:13:01.516Z
LATI,8998,Course 8998,John Dillery,—,—,—,Fall 2026,N/A,2026-08-04T03:13:04.438Z
LATI,9998,Course 9998,John Dillery,—,—,—,Fall 2026,N/A,2026-08-04T03:13:07.346Z
LATI,9999,Course 9999,To Announced,—,—,—,Fall 2026,N/A,2026-08-04T03:13:10.252Z
DRAM,1010,Course 1010,Cady Garey,3.63,4.5,2.0,Fall 2026,mowe 9:30am - 10:45am; mowe 11:00am - 12:15pm,2026-08-04T03:13:21.357Z
DRAM,1020,Course 1020,Jennifer Wales,3.87,5.0,2.0,Fall 2026,mowe 11:00am - 12:15pm; mowe 2:00pm - 3:15pm,2026-08-04T03:13:24.300Z
DRAM,1020,Course 1020,Tovah Close,3.79,4.1,1.8,Fall 2026,tuth 11:00am - 12:15pm; tuth 9:30am - 10:45am,2026-08-04T03:13:24.300Z
DRAM,1020,Course 1020,Cortney Lowinski,3.63,—,—,Fall 2026,mowe 11:00am - 12:15pm,2026-08-04T03:13:24.300Z
DRAM,2020,Course 2020,Cortney Lowinski,3.84,5.0,2.7,Fall 2026,N/A,2026-08-04T03:13:27.215Z
DRAM,2020,Course 2020,Karen Dabney,3.95,—,—,Fall 2026,N/A,2026-08-04T03:13:27.215Z
DRAM,2020,Course 2020,Yunina Barbour-Payne,3.86,—,—,Fall 2026,N/A,2026-08-04T03:13:27.215Z
DRAM,2020,Course 2020,Ezra Arscott,—,—,—,Fall 2026,N/A,2026-08-04T03:13:27.215Z
DRAM,2050,Course 2050,Katelyn Wood,3.44,—,—,Fall 2026,mowe 12:30pm - 1:45pm,2026-08-04T03:13:30.137Z
DRAM,2130,Course 2130,Steven Spera,3.97,—,—,Fall 2026,N/A,2026-08-04T03:13:33.068Z
DRAM,2130,Course 2130,R. Kennedy,—,—,—,Fall 2026,N/A,2026-08-04T03:13:33.068Z
DRAM,2310,Course 2310,Marcy Linton,3.86,4.3,2.5,Fall 2026,tuth 9:30am - 10:45am,2026-08-04T03:13:35.998Z
DRAM,2430,Course 2430,Dave Dalton,—,—,—,Fall 2026,N/A,2026-08-04T03:13:40.998Z
DRAM,2500,Course 2500,Yunina Barbour-Payne,—,—,—,Fall 2026,N/A,2026-08-04T03:13:43.914Z
DRAM,3070,Course 3070,Theresa Davis,3.29,5.0,1.0,Fall 2026,N/A,2026-08-04T03:13:46.833Z
DRAM,3090,Course 3090,AB Brown,3.71,—,—,Fall 2026,N/A,2026-08-04T03:13:49.743Z
DRAM,3330,Course 3330,Marcy Linton,—,—,—,Fall 2026,tuth 12:30pm - 1:45pm,2026-08-04T03:13:52.663Z
DRAM,3410,Course 3410,Marianne Kubik,3.69,—,—,Fall 2026,N/A,2026-08-04T03:13:55.578Z
DRAM,3420,Course 3420,Tovah Close,3.87,—,—,Fall 2026,mowe 11:00am - 12:15pm,2026-08-04T03:13:58.489Z
DRAM,3430,Course 3430,Dave Dalton,—,—,—,Fall 2026,mowe 12:30pm - 1:45pm,2026-08-04T03:14:01.404Z
DRAM,3651,Course 3651,Dave Dalton,—,4.0,2.3,Fall 2026,mowe 3:30pm - 4:45pm,2026-08-04T03:14:04.331Z
DRAM,3652,Course 3652,Holly McLeod,3.64,4.8,3.0,Fall 2026,tuth 12:30pm - 1:45pm,2026-08-04T03:14:07.246Z
DRAM,3825,Course 3825,Mona Kasra,3.71,4.3,3.0,Fall 2026,N/A,2026-08-04T03:14:10.174Z
DRAM,4020,Course 4020,Katelyn Wood,3.72,—,—,Fall 2026,N/A,2026-08-04T03:14:13.088Z
DRAM,4410,Course 4410,Cady Garey,—,—,—,Fall 2026,N/A,2026-08-04T03:14:16.001Z
DRAM,4490,Course 4490,Marianne Kubik,3.63,—,—,Fall 2026,N/A,2026-08-04T03:14:18.913Z
DRAM,4750,Course 4750,Ezra Arscott,—,—,—,Fall 2026,N/A,2026-08-04T03:14:21.819Z
DRAM,4993,Course 4993,Marcy Linton,3.87,—,—,Fall 2026,N/A,2026-08-04T03:14:24.757Z
DRAM,4993,Course 4993,Theresa Davis,3.69,—,—,Fall 2026,N/A,2026-08-04T03:14:24.757Z
DRAM,4993,Course 4993,Holly McLeod,—,—,—,Fall 2026,N/A,2026-08-04T03:14:24.757Z
DRAM,4993,Course 4993,Marianne Kubik,4.00,—,—,Fall 2026,N/A,2026-08-04T03:14:24.757Z
DRAM,4993,Course 4993,Cady Garey,—,—,—,Fall 2026,N/A,2026-08-04T03:14:24.757Z
DRAM,4993,Course 4993,Mona Kasra,3.95,—,—,Fall 2026,N/A,2026-08-04T03:14:24.757Z
DRAM,4993,Course 4993,Jennifer Wales,—,—,—,Fall 2026,N/A,2026-08-04T03:14:24.757Z
DRAM,4993,Course 4993,Tovah Close,—,—,—,Fall 2026,N/A,2026-08-04T03:14:24.757Z
DRAM,4993,Course 4993,R. Kennedy,—,—,—,Fall 2026,N/A,2026-08-04T03:14:24.757Z
CHIN,1010,Course 1010,Ying Gao,3.88,4.5,3.4,Fall 2026,motuweth 10:00am - 10:50am; motuweth 11:00am - 11:50am,2026-08-04T03:14:35.352Z
CHIN,1010,Course 1010,Ying Yue,3.54,—,—,Fall 2026,motuweth 12:00pm - 12:50pm; motuweth 1:00pm - 1:50pm,2026-08-04T03:14:35.352Z
CHIN,1020,Course 1020,Ying Gao,3.86,4.8,4.0,Fall 2026,motuweth 12:00pm - 12:50pm,2026-08-04T03:14:38.266Z
CHIN,1060,Course 1060,Miao-Fen Tseng,—,—,—,Fall 2026,mowefr 9:00am - 9:50am; mowefr 10:00am - 10:50am,2026-08-04T03:14:41.183Z
CHIN,2010,Course 2010,Jun Wang,3.96,—,—,Fall 2026,motuweth 11:00am - 11:50am; motuweth 1:00pm - 1:50pm,2026-08-04T03:14:44.103Z
CHIN,2010,Course 2010,Ju Wang,3.89,—,—,Fall 2026,motuweth 10:00am - 10:50am,2026-08-04T03:14:44.103Z
CHIN,2020,Course 2020,Ju Wang,3.94,—,—,Fall 2026,motuweth 9:00am - 9:50am,2026-08-04T03:14:47.016Z
CHIN,3010,Course 3010,Jun Wang,3.95,—,—,Fall 2026,mowefr 2:00pm - 2:50pm,2026-08-04T03:14:49.940Z
CHIN,3010,Course 3010,To Announced,—,—,—,Fall 2026,mowefr 10:00am - 10:50am,2026-08-04T03:14:49.940Z
CHIN,3015,Course 3015,Ying Yue,—,—,—,Fall 2026,tba,2026-08-04T03:14:52.863Z
CHIN,3050,Course 3050,Ran Zhao,3.80,—,—,Fall 2026,mowefr 2:00pm - 2:50pm,2026-08-04T03:14:55.782Z
CHIN,4010,Course 4010,To Announced,—,—,—,Fall 2026,mowefr 2:00pm - 2:50pm,2026-08-04T03:14:58.699Z
CHIN,4810,Course 4810,Miao-Fen Tseng,—,—,—,Fall 2026,mowefr 12:00pm - 12:50pm,2026-08-04T03:15:01.598Z
JAPN,1010,Course 1010,Tomomi Sato,3.29,3.9,3.8,Fall 2026,motuweth 11:00am - 11:50am; motuweth 2:00pm - 2:50pm,2026-08-04T03:15:14.909Z
JAPN,1010,Course 1010,Tomoko Marshall,3.40,3.9,4.4,Fall 2026,motuweth 11:00am - 11:50am; motuweth 10:00am - 10:50am,2026-08-04T03:15:14.909Z
JAPN,2010,Course 2010,Yoko Hasegawa,—,—,—,Fall 2026,motuweth 11:00am - 11:50am; motuweth 1:00pm - 1:50pm; motuweth 10:00am - 10:50am,2026-08-04T03:15:17.827Z
JAPN,3010,Course 3010,Mieko Kawai,3.54,—,—,Fall 2026,mowefr 9:00am - 9:50am,2026-08-04T03:15:20.730Z
JAPN,3015,Course 3015,Yoko Hasegawa,—,—,—,Fall 2026,tba,2026-08-04T03:15:23.651Z
JAPN,3050,Course 3050,Mieko Kawai,3.55,—,—,Fall 2026,tuth 12:30pm - 1:45pm,2026-08-04T03:15:26.557Z
KOR,1010,Course 1010,YOON CHOI,3.50,4.8,3.0,Fall 2026,motuweth 10:00am - 10:50am; motuweth 11:00am - 11:50am,2026-08-04T03:15:42.686Z
KOR,1010,Course 1010,Rosa Han,—,—,—,Fall 2026,motuweth 12:00pm - 12:50pm; motuweth 1:00pm - 1:50pm,2026-08-04T03:15:42.689Z
KOR,1060,Course 1060,Juyeon Chung,3.44,3.0,3.0,Fall 2026,mowefr 9:00am - 9:50am,2026-08-04T03:15:45.622Z
KOR,2010,Course 2010,Juyeon Chung,—,—,—,Fall 2026,motuweth 11:00am - 11:50am; motuweth 10:00am - 10:50am,2026-08-04T03:15:48.545Z
KOR,3010,Course 3010,Rosa Han,3.61,3.7,4.5,Fall 2026,tuth 2:00pm - 3:15pm,2026-08-04T03:15:51.478Z
KOR,3015,Course 3015,Rosa Han,—,—,—,Fall 2026,tba,2026-08-04T03:15:54.387Z
EALC,4998,Course 4998,To Announced,—,—,—,Fall 2026,N/A,2026-08-04T03:16:07.351Z
ECON,1100,Course 1100,Edwin Burton,3.92,—,—,Fall 2026,N/A,2026-08-04T03:16:28.849Z
ECON,2010,Course 2010,Jessica Kripalani,3.37,3.3,3.1,Fall 2026,mowe 12:00pm - 12:50pm; mowe 10:00am - 10:50am,2026-08-04T03:16:31.796Z
ECON,2010,Course 2010,To Announced,—,—,—,Fall 2026,N/A,2026-08-04T03:16:31.796Z
ECON,2010,Course 2010,Alexander Mackay,—,2.0,4.0,Fall 2026,tuth 11:00am - 12:15pm; tuth 12:30pm - 1:45pm,2026-08-04T03:16:31.796Z
ECON,2020,Course 2020,Carter Doyle,3.13,3.3,3.1,Fall 2026,mowe 9:00am - 9:50am,2026-08-04T03:16:34.732Z
ECON,2020,Course 2020,To Announced,—,—,—,Fall 2026,N/A,2026-08-04T03:16:34.732Z
ECON,2070,Course 2070,Amalia Miller,3.31,1.3,3.0,Fall 2026,tuth 12:30pm - 1:45pm,2026-08-04T03:16:37.687Z
ECON,2070,Course 2070,To Announced,—,3.0,2.0,Fall 2026,N/A,2026-08-04T03:16:37.687Z
ECON,3010,Course 3010,Peter Troyan,3.13,3.3,4.1,Fall 2026,mowe 2:00pm - 3:15pm,2026-08-04T03:16:40.619Z
ECON,3010,Course 3010,To Announced,—,—,—,Fall 2026,N/A,2026-08-04T03:16:40.619Z
ECON,3010,Course 3010,Marc Santugini,3.08,3.8,4.6,Fall 2026,tuth 11:00am - 12:15pm; tuth 2:00pm - 3:15pm,2026-08-04T03:16:40.619Z
ECON,3010,Course 3010,Po Lin,3.04,4.2,4.7,Fall 2026,tuth 5:00pm - 6:15pm; tuth 2:00pm - 3:15pm,2026-08-04T03:16:40.619Z
ECON,3020,Course 3020,Maria Westerfield,3.35,3.8,3.3,Fall 2026,tuth 3:30pm - 4:45pm,2026-08-04T03:16:43.552Z
ECON,3020,Course 3020,To Announced,—,1.7,5.0,Fall 2026,N/A,2026-08-04T03:16:43.552Z
ECON,3020,Course 3020,Chang He,3.34,3.7,2.0,Fall 2026,mowe 9:00am - 9:50am; mowe 10:00am - 10:50am,2026-08-04T03:16:43.552Z
ECON,3030,Course 3030,Carter Doyle,3.27,3.4,3.6,Fall 2026,mowe 1:00pm - 1:50pm; mowe 12:00pm - 12:50pm,2026-08-04T03:16:46.487Z
ECON,3030,Course 3030,To Announced,—,—,—,Fall 2026,N/A,2026-08-04T03:16:46.487Z
ECON,3040,Course 3040,Sarah Turner,3.27,3.9,2.9,Fall 2026,mowe 11:00am - 11:50am,2026-08-04T03:16:49.419Z
ECON,3040,Course 3040,To Announced,—,—,—,Fall 2026,N/A,2026-08-04T03:16:49.419Z
ECON,3110,Course 3110,Maxim Engers,3.46,4.0,4.3,Fall 2026,tuth 11:00am - 12:15pm,2026-08-04T03:16:52.351Z
ECON,3110,Course 3110,To Announced,—,—,—,Fall 2026,N/A,2026-08-04T03:16:52.351Z
ECON,3720,Course 3720,Leland Farmer,3.02,3.2,3.9,Fall 2026,tuth 12:30pm - 1:45pm; tuth 2:00pm - 3:15pm,2026-08-04T03:17:00.322Z
ECON,3720,Course 3720,To Announced,—,—,—,Fall 2026,N/A,2026-08-04T03:17:00.323Z
ECON,4010,Course 4010,Maxim Engers,3.35,3.9,4.5,Fall 2026,tuth 2:00pm - 3:15pm,2026-08-04T03:17:03.264Z
ECON,4010,Course 4010,To Announced,—,—,—,Fall 2026,N/A,2026-08-04T03:17:03.264Z
ECON,4080,Course 4080,Maria Westerfield,3.51,3.9,2.2,Fall 2026,tuth 2:00pm - 3:15pm,2026-08-04T03:17:06.237Z
ECON,4170,Course 4170,Marc Santugini,3.62,4.3,3.0,Fall 2026,mowe 3:30pm - 4:45pm,2026-08-04T03:17:09.170Z
ECON,4190,Course 4190,Federico Ciliberto,3.33,3.8,4.5,Fall 2026,mowe 8:30am - 9:45am,2026-08-04T03:17:12.102Z
ECON,4190,Course 4190,To Announced,—,—,—,Fall 2026,N/A,2026-08-04T03:17:12.102Z
ECON,4210,Course 4210,John Mclaren,—,2.7,4.0,Fall 2026,tuth 5:00pm - 6:15pm,2026-08-04T03:17:15.041Z
ECON,4210,Course 4210,To Announced,—,—,—,Fall 2026,N/A,2026-08-04T03:17:15.041Z
ECON,4220,Course 4220,Eric Wincoop,3.39,3.3,3.0,Fall 2026,tuth 9:30am - 10:45am,2026-08-04T03:17:17.977Z
ECON,4300,Course 4300,Lee Coppock,3.56,4.9,4.0,Fall 2026,tuth 9:30am - 10:45am; tuth 8:00am - 9:15am,2026-08-04T03:17:20.902Z
ECON,4310,Course 4310,Jessica Kripalani,3.51,4.7,3.0,Fall 2026,mowe 2:00pm - 3:15pm,2026-08-04T03:17:23.824Z
ECON,4310,Course 4310,To Announced,—,—,—,Fall 2026,N/A,2026-08-04T03:17:23.824Z
ECON,4340,Course 4340,Edwin Burton,3.28,3.3,2.9,Fall 2026,tuth 9:30am - 10:45am,2026-08-04T03:17:26.753Z
ECON,4350,Course 4350,Christopher Mcgee,3.21,2.4,2.9,Fall 2026,tuth 5:00pm - 6:15pm,2026-08-04T03:17:29.684Z
ECON,4350,Course 4350,To Announced,—,—,—,Fall 2026,N/A,2026-08-04T03:17:29.684Z
ECON,4390,Course 4390,Simon Anderson,3.25,2.7,4.3,Fall 2026,tuth 2:00pm - 3:15pm,2026-08-04T03:17:32.608Z
ECON,4430,Course 4430,Sheetal Sekhri,3.59,3.3,2.7,Fall 2026,tuth 11:00am - 12:15pm; tuth 2:00pm - 3:15pm,2026-08-04T03:17:35.543Z
ECON,4430,Course 4430,To Announced,—,—,—,Fall 2026,N/A,2026-08-04T03:17:35.543Z
ECON,4720,Course 4720,Denis Nekipelov,3.31,1.7,3.5,Fall 2026,mowe 3:30pm - 4:45pm,2026-08-04T03:17:38.471Z
ECON,4720,Course 4720,To Announced,—,—,—,Fall 2026,N/A,2026-08-04T03:17:38.471Z
ECON,4990,Course 4990,Kerem Cosar,—,—,—,Fall 2026,tuth 3:30pm - 4:45pm,2026-08-04T03:17:41.400Z
ECON,4993,Course 4993,To Announced,—,—,—,Fall 2026,N/A,2026-08-04T03:17:44.329Z
ECON,5090,Course 5090,Shan Aman-Rana,3.88,—,—,Fall 2026,tuth 11:00am - 12:15pm,2026-08-04T03:17:47.265Z
ECON,5090,Course 5090,To Announced,—,—,—,Fall 2026,N/A,2026-08-04T03:17:47.265Z
ECON,7010,Course 7010,Peter Troyan,3.36,4.7,4.0,Fall 2026,tu 3:30pm - 6:00pm,2026-08-04T03:17:50.195Z
ECON,7010,Course 7010,To Announced,—,—,—,Fall 2026,N/A,2026-08-04T03:17:50.195Z
ECON,7020,Course 7020,Eric Young,3.44,—,—,Fall 2026,mowe 11:00am - 11:50am,2026-08-04T03:17:53.116Z
ECON,7020,Course 7020,To Announced,—,—,—,Fall 2026,N/A,2026-08-04T03:17:53.116Z
ECON,7710,Course 7710,Denis Nekipelov,3.40,—,—,Fall 2026,mowe 2:00pm - 3:15pm,2026-08-04T03:17:56.036Z
ECON,7710,Course 7710,To Announced,—,—,—,Fall 2026,N/A,2026-08-04T03:17:56.036Z
ECON,8170,Course 8170,Simon Anderson,3.36,—,—,Fall 2026,tuth 11:00am - 12:15pm,2026-08-04T03:18:01.887Z
ECON,8210,Course 8210,John Mclaren,3.52,—,—,Fall 2026,tuth 2:00pm - 3:15pm,2026-08-04T03:18:04.799Z
ECON,8310,Course 8310,Lee Lockwood,3.74,—,—,Fall 2026,tuth 9:30am - 10:45am,2026-08-04T03:18:07.718Z
ECON,8350,Course 8350,Eric Young,3.99,—,—,Fall 2026,mowe 2:00pm - 3:15pm,2026-08-04T03:18:10.630Z
ECON,8410,Course 8410,To Announced,—,—,—,Fall 2026,N/A,2026-08-04T03:18:13.557Z
ECON,8420,Course 8420,To Announced,—,—,—,Fall 2026,N/A,2026-08-04T03:18:16.477Z
ECON,8430,Course 8430,To Announced,—,—,—,Fall 2026,N/A,2026-08-04T03:18:19.396Z
ECON,8440,Course 8440,To Announced,—,—,—,Fall 2026,N/A,2026-08-04T03:18:22.328Z
ECON,8450,Course 8450,To Announced,—,—,—,Fall 2026,N/A,2026-08-04T03:18:25.257Z
ECON,8470,Course 8470,To Announced,—,—,—,Fall 2026,N/A,2026-08-04T03:18:28.181Z
ECON,8480,Course 8480,To Announced,—,—,—,Fall 2026,N/A,2026-08-04T03:18:31.109Z
ECON,8710,Course 8710,To Announced,—,—,—,Fall 2026,N/A,2026-08-04T03:18:36.997Z
ECON,8710,Course 8710,Ahnaf Rafi,—,—,—,Fall 2026,mowe 9:00am - 9:50am,2026-08-04T03:18:36.997Z
ECON,8745,Course 8745,Eric Young,—,—,—,Fall 2026,tuth 12:30pm - 1:45pm,2026-08-04T03:18:39.915Z
ECON,8991,Course 8991,Ana Fostel,—,—,—,Fall 2026,N/A,2026-08-04T03:18:45.803Z
ECON,8991,Course 8991,Sandip Sukhtankar,3.99,—,—,Fall 2026,N/A,2026-08-04T03:18:45.803Z
ECON,8995,Course 8995,Peter Troyan,—,—,—,Fall 2026,N/A,2026-08-04T03:18:48.756Z
ECON,8998,Course 8998,Simon Anderson,—,—,—,Fall 2026,N/A,2026-08-04T03:18:51.666Z
ECON,8998,Course 8998,Amalia Miller,—,—,—,Fall 2026,N/A,2026-08-04T03:18:51.666Z
ECON,8999,Course 8999,James Harrigan,—,—,—,Fall 2026,N/A,2026-08-04T03:18:54.578Z
ECON,9998,Course 9998,Peter Troyan,—,—,—,Fall 2026,N/A,2026-08-04T03:18:57.505Z
ECON,9999,Course 9999,Charles Holt,—,—,—,Fall 2026,N/A,2026-08-04T03:19:00.446Z
ECON,9999,Course 9999,Federico Ciliberto,—,—,—,Fall 2026,N/A,2026-08-04T03:19:00.446Z
ECON,9999,Course 9999,Sarah Turner,—,—,—,Fall 2026,N/A,2026-08-04T03:19:00.446Z
ECON,9999,Course 9999,Maxim Engers,—,—,—,Fall 2026,N/A,2026-08-04T03:19:00.446Z
ECON,9999,Course 9999,James Harrigan,—,—,—,Fall 2026,N/A,2026-08-04T03:19:00.446Z
ECON,9999,Course 9999,Simon Anderson,—,—,—,Fall 2026,N/A,2026-08-04T03:19:00.446Z
ECON,9999,Course 9999,Sheetal Sekhri,—,—,—,Fall 2026,N/A,2026-08-04T03:19:00.446Z
ECON,9999,Course 9999,John Pepper,—,—,—,Fall 2026,N/A,2026-08-04T03:19:00.446Z
ECON,9999,Course 9999,Leora Friedberg,—,—,—,Fall 2026,N/A,2026-08-04T03:19:00.446Z
ECON,9999,Course 9999,Eric Young,—,—,—,Fall 2026,N/A,2026-08-04T03:19:00.446Z
ECON,9999,Course 9999,Amalia Miller,—,—,—,Fall 2026,N/A,2026-08-04T03:19:00.446Z
ECON,9999,Course 9999,Peter Troyan,—,—,—,Fall 2026,N/A,2026-08-04T03:19:00.446Z
ECON,9999,Course 9999,Denis Nekipelov,—,—,—,Fall 2026,N/A,2026-08-04T03:19:00.446Z
ECON,9999,Course 9999,Eric Wincoop,—,—,—,Fall 2026,N/A,2026-08-04T03:19:00.446Z
ECON,9999,Course 9999,Ana Fostel,—,—,—,Fall 2026,N/A,2026-08-04T03:19:00.446Z
ECON,9999,Course 9999,Sandip Sukhtankar,—,—,—,Fall 2026,N/A,2026-08-04T03:19:00.446Z
ECON,9999,Course 9999,Jonathan Colmer,—,—,—,Fall 2026,N/A,2026-08-04T03:19:00.446Z
ECON,9999,Course 9999,Lee Lockwood,—,—,—,Fall 2026,N/A,2026-08-04T03:19:00.446Z
ECON,9999,Course 9999,Anton Korinek,—,—,—,Fall 2026,N/A,2026-08-04T03:19:00.446Z
ECON,9999,Course 9999,Eric Leeper,—,—,—,Fall 2026,N/A,2026-08-04T03:19:00.446Z
ECON,9999,Course 9999,John Mclaren,—,—,—,Fall 2026,N/A,2026-08-04T03:19:00.446Z
ECON,9999,Course 9999,Shan Aman-Rana,—,—,—,Fall 2026,N/A,2026-08-04T03:19:00.446Z
ECON,9999,Course 9999,Kerem Cosar,—,—,—,Fall 2026,N/A,2026-08-04T03:19:00.446Z
ECON,9999,Course 9999,Vladimir Smirnyagin,—,—,—,Fall 2026,N/A,2026-08-04T03:19:00.446Z
ECON,9999,Course 9999,Emma Harrington,—,—,—,Fall 2026,N/A,2026-08-04T03:19:00.446Z
ECON,9999,Course 9999,Jack Fisher,—,—,—,Fall 2026,N/A,2026-08-04T03:19:00.446Z
ECON,9999,Course 9999,Alexander Mackay,—,—,—,Fall 2026,N/A,2026-08-04T03:19:00.446Z
ECON,9999,Course 9999,Ahnaf Rafi,—,—,—,Fall 2026,N/A,2026-08-04T03:19:00.446Z
ENGL,2500,Course 2500,John O'Brien,3.57,—,—,Fall 2026,N/A,2026-08-04T03:19:12.792Z
ENGL,2500,Course 2500,Walter Jost,3.62,—,—,Fall 2026,N/A,2026-08-04T03:19:12.792Z
ENGL,2500,Course 2500,Kate Stephenson,—,—,—,Fall 2026,N/A,2026-08-04T03:19:12.792Z
ENGL,2506,Course 2506,Alison Booth,—,—,—,Fall 2026,N/A,2026-08-04T03:19:15.737Z
ENGL,2506,Course 2506,Emily Ogden,3.80,—,—,Fall 2026,N/A,2026-08-04T03:19:15.737Z
ENGL,2508,Course 2508,Stephen Arata,3.47,4.3,2.5,Fall 2026,N/A,2026-08-04T03:19:21.588Z
ENGL,2508,Course 2508,James Kinney,3.44,1.2,3.0,Fall 2026,N/A,2026-08-04T03:19:21.588Z
ENGL,2508,Course 2508,Alison Cotti-Lowell,—,—,—,Fall 2026,N/A,2026-08-04T03:19:21.588Z
ENGL,2527,Course 2527,Katharine Maus,3.40,1.7,2.0,Fall 2026,N/A,2026-08-04T03:19:24.509Z
ENGL,2599,Course 2599,Jon D'Errico,3.73,—,—,Fall 2026,N/A,2026-08-04T03:19:27.446Z
ENGL,2599,Course 2599,Charity Fowler,3.95,—,—,Fall 2026,N/A,2026-08-04T03:19:27.446Z
ENGL,2599,Course 2599,K. Grandison,3.68,2.7,3.0,Fall 2026,N/A,2026-08-04T03:19:27.446Z
ENGL,2599,Course 2599,Nasrin Olla,3.64,2.0,3.0,Fall 2026,N/A,2026-08-04T03:19:27.446Z
ENGL,2599,Course 2599,Joshua Miller,3.84,—,—,Fall 2026,N/A,2026-08-04T03:19:27.446Z
ENGL,3001,Course 3001,Rebecca Rush,3.55,3.7,3.0,Fall 2026,mowe 12:00pm - 12:50pm,2026-08-04T03:19:30.382Z
ENGL,3001,Course 3001,To Announced,—,—,—,Fall 2026,N/A,2026-08-04T03:19:30.382Z
ENGL,3271,Course 3271,Katharine Maus,3.21,4.8,3.5,Fall 2026,mowe 11:00am - 11:50am,2026-08-04T03:19:33.351Z
ENGL,3271,Course 3271,To Announced,—,—,—,Fall 2026,N/A,2026-08-04T03:19:33.351Z
ENGL,3320,Course 3320,Brad Pasanek,—,—,—,Fall 2026,tuth 12:30pm - 1:45pm,2026-08-04T03:19:36.283Z
ENGL,3480,Course 3480,Victoria Baena,—,—,—,Fall 2026,tuth 12:30pm - 1:45pm,2026-08-04T03:19:39.221Z
ENGL,3560,Course 3560,Mark Edmundson,3.71,4.3,2.0,Fall 2026,tuth 3:30pm - 4:45pm,2026-08-04T03:19:48.033Z
ENGL,3560,Course 3560,Joshua Miller,3.73,—,—,Fall 2026,tuth 12:30pm - 1:45pm,2026-08-04T03:19:48.033Z
ENGL,3570,Course 3570,Lisa Goff,—,—,—,Fall 2026,tuth 12:30pm - 1:45pm,2026-08-04T03:19:50.965Z
ENGL,3570,Course 3570,Marlon Ross,—,—,—,Fall 2026,tuth 2:00pm - 3:15pm,2026-08-04T03:19:50.965Z
ENGL,3570,Course 3570,K. Grandison,—,—,—,Fall 2026,tuth 2:00pm - 3:15pm,2026-08-04T03:19:50.965Z
ENGL,3572,Course 3572,Marlon Ross,3.45,—,—,Fall 2026,tuth 9:30am - 10:45am,2026-08-04T03:19:53.929Z
ENGL,3791,Course 3791,Sylvia Chong,3.61,—,—,Fall 2026,N/A,2026-08-04T03:19:59.783Z
ENGL,3915,Course 3915,Lisa Goff,3.59,—,—,Fall 2026,N/A,2026-08-04T03:20:02.852Z
ENGL,4500,Course 4500,Jennifer Greeson,—,—,—,Fall 2026,N/A,2026-08-04T03:20:05.774Z
ENGL,4500,Course 4500,Cynthia Wall,3.38,3.3,4.0,Fall 2026,N/A,2026-08-04T03:20:05.774Z
ENGL,4510,Course 4510,Clare Kinney,—,—,—,Fall 2026,N/A,2026-08-04T03:20:08.691Z
ENGL,4520,Course 4520,James Kinney,3.55,—,—,Fall 2026,N/A,2026-08-04T03:20:11.611Z
ENGL,4530,Course 4530,Brad Pasanek,—,—,—,Fall 2026,N/A,2026-08-04T03:20:14.527Z
ENGL,4540,Course 4540,Taylor Schey,—,5.0,3.0,Fall 2026,N/A,2026-08-04T03:20:17.451Z
ENGL,4559,Course 4559,Matthew Kirschenbaum,—,—,—,Fall 2026,we 3:30pm - 6:00pm,2026-08-04T03:20:20.382Z
ENGL,4560,Course 4560,Victoria Olwell,3.72,—,—,Fall 2026,N/A,2026-08-04T03:20:23.309Z
ENGL,4561,Course 4561,Christopher Krentz,3.20,—,—,Fall 2026,N/A,2026-08-04T03:20:26.239Z
ENGL,4901,Course 4901,John Parker,—,—,—,Fall 2026,N/A,2026-08-04T03:20:29.166Z
ENGL,4998,Course 4998,Caroline Rody,3.90,—,—,Fall 2026,N/A,2026-08-04T03:20:32.101Z
ENGL,5500,Course 5500,Mark Edmundson,3.95,—,—,Fall 2026,N/A,2026-08-04T03:20:35.035Z
ENGL,5500,Course 5500,Alison Booth,—,—,—,Fall 2026,N/A,2026-08-04T03:20:35.035Z
ENGL,5520,Course 5520,Rebecca Rush,—,—,—,Fall 2026,N/A,2026-08-04T03:20:37.962Z
ENGL,5560,Course 5560,Caroline Rody,—,—,—,Fall 2026,N/A,2026-08-04T03:20:40.891Z
ENGL,5700,Course 5700,Lisa Woolfork,3.72,—,—,Fall 2026,N/A,2026-08-04T03:20:43.824Z
ENGL,5810,Course 5810,David Meulen,3.87,—,—,Fall 2026,N/A,2026-08-04T03:20:46.750Z
ENGL,5900,Course 5900,Cristina Griffin,3.94,—,—,Fall 2026,N/A,2026-08-04T03:20:49.677Z
ENGL,8520,Course 8520,John Parker,3.88,—,—,Fall 2026,N/A,2026-08-04T03:20:52.600Z
ENGL,8559,Course 8559,James Seitz,—,—,—,Fall 2026,we 3:30pm - 4:30pm,2026-08-04T03:20:55.528Z
ENGL,8560,Course 8560,Stephen Arata,—,—,—,Fall 2026,N/A,2026-08-04T03:20:58.455Z
ENGL,8570,Course 8570,Sylvia Chong,—,—,—,Fall 2026,N/A,2026-08-04T03:21:01.382Z
ENGL,8580,Course 8580,Tamika Carey,—,—,—,Fall 2026,N/A,2026-08-04T03:21:04.306Z
ENGL,8580,Course 8580,Taylor Schey,—,—,—,Fall 2026,N/A,2026-08-04T03:21:04.306Z
ENGL,8596,Course 8596,Lisa Spaar,—,—,—,Fall 2026,N/A,2026-08-04T03:21:07.233Z
ENGL,8598,Course 8598,Kevin Moffett,—,—,—,Fall 2026,N/A,2026-08-04T03:21:10.163Z
ENGL,8998,Course 8998,Brad Pasanek,—,—,—,Fall 2026,N/A,2026-08-04T03:21:16.036Z
ENGL,8999,Course 8999,Brad Pasanek,—,—,—,Fall 2026,N/A,2026-08-04T03:21:18.968Z
ENGL,9710,Course 9710,Deborah McDowell,—,—,—,Fall 2026,N/A,2026-08-04T03:21:21.894Z
ENGL,9998,Course 9998,Brad Pasanek,—,—,—,Fall 2026,N/A,2026-08-04T03:21:24.820Z
ENGL,9999,Course 9999,Brad Pasanek,—,—,—,Fall 2026,N/A,2026-08-04T03:21:27.744Z
ENWR,1505,Course 1505,Claire Chantell,3.45,4.9,2.0,Fall 2026,N/A,2026-08-04T03:21:42.352Z
ENWR,1505,Course 1505,Patricia Sullivan,3.34,5.0,2.0,Fall 2026,N/A,2026-08-04T03:21:42.352Z
ENWR,1505,Course 1505,John Modica,3.88,5.0,2.0,Fall 2026,N/A,2026-08-04T03:21:42.352Z
ENWR,1505,Course 1505,Ethan King,3.57,—,—,Fall 2026,N/A,2026-08-04T03:21:42.352Z
ENWR,1510,Course 1510,Jon D'Errico,3.68,3.6,3.1,Fall 2026,N/A,2026-08-04T03:21:45.299Z
ENWR,1510,Course 1510,John Casteen,3.56,3.9,3.0,Fall 2026,N/A,2026-08-04T03:21:45.299Z
ENWR,1510,Course 1510,Keith Driver,3.78,4.2,2.3,Fall 2026,N/A,2026-08-04T03:21:45.299Z
ENWR,1510,Course 1510,Kate Kostelnik,3.74,4.7,3.0,Fall 2026,N/A,2026-08-04T03:21:45.299Z
ENWR,1510,Course 1510,Charity Fowler,3.79,3.5,2.4,Fall 2026,N/A,2026-08-04T03:21:45.299Z
ENWR,1510,Course 1510,Cory Shaman,3.78,3.9,1.9,Fall 2026,N/A,2026-08-04T03:21:45.299Z
ENWR,1510,Course 1510,Kevin Smith,3.71,3.4,2.7,Fall 2026,N/A,2026-08-04T03:21:45.299Z
ENWR,1510,Course 1510,devin donovan,3.96,4.1,1.9,Fall 2026,N/A,2026-08-04T03:21:45.299Z
ENWR,1510,Course 1510,To Announced,—,4.3,3.0,Fall 2026,N/A,2026-08-04T03:21:45.299Z
ENWR,1510,Course 1510,Kate Natishan,3.97,4.8,1.5,Fall 2026,N/A,2026-08-04T03:21:45.299Z
ENWR,1510,Course 1510,Rhiannon Goad,3.77,—,—,Fall 2026,N/A,2026-08-04T03:21:45.299Z
ENWR,1510,Course 1510,Davy Tran,3.90,1.0,2.0,Fall 2026,N/A,2026-08-04T03:21:45.299Z
ENWR,1510,Course 1510,Dana Little,3.98,4.5,1.0,Fall 2026,N/A,2026-08-04T03:21:45.299Z
ENWR,1510,Course 1510,Kate Stephenson,3.87,—,—,Fall 2026,N/A,2026-08-04T03:21:45.299Z
ENWR,1510,Course 1510,Tyler Carter,3.80,4.7,2.0,Fall 2026,N/A,2026-08-04T03:21:45.299Z
ENWR,1510,Course 1510,Jodie Childers,3.95,—,—,Fall 2026,N/A,2026-08-04T03:21:45.299Z
ENWR,1510,Course 1510,Rory Sullivan,—,5.0,2.0,Fall 2026,N/A,2026-08-04T03:21:45.299Z
ENWR,1520,Course 1520,Piers Gelly,—,—,—,Fall 2026,N/A,2026-08-04T03:21:48.229Z
ENWR,1520,Course 1520,Sarah Richardson,3.93,4.2,2.0,Fall 2026,N/A,2026-08-04T03:21:48.229Z
ENWR,1520,Course 1520,Kate Stephenson,3.97,4.7,2.0,Fall 2026,N/A,2026-08-04T03:21:48.229Z
ENWR,2510,Course 2510,Penny Eschen,—,—,—,Fall 2026,N/A,2026-08-04T03:21:51.152Z
ENWR,2510,Course 2510,Anri Yasuda,3.96,—,—,Fall 2026,N/A,2026-08-04T03:21:51.152Z
ENWR,2510,Course 2510,devin donovan,—,4.8,1.8,Fall 2026,N/A,2026-08-04T03:21:51.152Z
ENWR,2520,Course 2520,Kate Natishan,—,—,—,Fall 2026,N/A,2026-08-04T03:21:54.070Z
ENWR,2520,Course 2520,Sarah Richardson,3.85,—,—,Fall 2026,N/A,2026-08-04T03:21:54.070Z
ENWR,2520,Course 2520,Dana Little,4.00,3.7,2.0,Fall 2026,N/A,2026-08-04T03:21:54.070Z
ENWR,2520,Course 2520,Tyler Carter,3.82,3.0,4.0,Fall 2026,N/A,2026-08-04T03:21:54.070Z
ENWR,2520,Course 2520,Ethan King,—,4.7,3.0,Fall 2026,N/A,2026-08-04T03:21:54.070Z
ENWR,2610,Course 2610,Keith Driver,3.71,5.0,2.5,Fall 2026,N/A,2026-08-04T03:21:56.986Z
ENWR,2700,Course 2700,Kate Sweeney,—,3.3,1.0,Fall 2026,tuth 9:30am - 10:45am,2026-08-04T03:22:02.807Z
ENWR,2800,Course 2800,John Modica,3.97,—,—,Fall 2026,N/A,2026-08-04T03:22:05.719Z
ENWR,3500,Course 3500,Rhiannon Goad,3.88,—,—,Fall 2026,N/A,2026-08-04T03:22:08.637Z
ENWR,3640,Course 3640,Steph Ceraso,—,—,—,Fall 2026,N/A,2026-08-04T03:22:11.542Z
ENWR,3665,Course 3665,Cory Shaman,3.72,5.0,2.5,Fall 2026,N/A,2026-08-04T03:22:14.461Z
ENWR,3680,Course 3680,Jodie Childers,—,—,—,Fall 2026,N/A,2026-08-04T03:22:17.381Z
ENWR,3740,Course 3740,Tamika Carey,3.61,—,—,Fall 2026,N/A,2026-08-04T03:22:20.306Z
ENWR,3900,Course 3900,John Casteen,3.76,5.0,4.0,Fall 2026,N/A,2026-08-04T03:22:23.228Z
EVSC,1010,Course 1010,Manuel Lerdau,3.41,1.6,3.4,Fall 2026,tuth 2:00pm - 3:15pm,2026-08-04T03:22:44.917Z
EVSC,1600,Course 1600,Frederick Cheng,3.69,4.3,1.0,Fall 2026,mowefr 11:00am - 11:50am,2026-08-04T03:22:47.861Z
EVSC,2050,Course 2050,To Announced,—,—,—,Fall 2026,mowefr 12:00pm - 12:50pm,2026-08-04T03:22:50.775Z
EVSC,2800,Course 2800,Lauren Simkins,3.46,—,—,Fall 2026,tuth 12:30pm - 1:45pm,2026-08-04T03:22:53.685Z
EVSC,2801,Course 2801,Lauren Simkins,3.57,—,—,Fall 2026,N/A,2026-08-04T03:22:56.593Z
EVSC,3020,Course 3020,John Porter,3.60,3.4,2.8,Fall 2026,tuth 2:00pm - 3:15pm,2026-08-04T03:22:59.494Z
EVSC,3060,Course 3060,Matthew Reidenbach,3.46,4.1,2.7,Fall 2026,mowefr 1:00pm - 1:50pm,2026-08-04T03:23:02.439Z
EVSC,3200,Course 3200,Charity Nyelele,—,—,—,Fall 2026,tuth 11:00am - 12:15pm,2026-08-04T03:23:05.353Z
EVSC,3201,Course 3201,Charity Nyelele,—,—,—,Fall 2026,N/A,2026-08-04T03:23:08.274Z
EVSC,3300,Course 3300,Kathleen Schiro,3.39,—,—,Fall 2026,mowefr 1:00pm - 1:50pm,2026-08-04T03:23:11.190Z
EVSC,3301,Course 3301,Kathleen Schiro,3.77,—,—,Fall 2026,N/A,2026-08-04T03:23:14.124Z
EVSC,3600,Course 3600,Todd Scanlon,3.13,3.9,2.7,Fall 2026,mowefr 9:00am - 9:50am,2026-08-04T03:23:17.048Z
EVSC,3601,Course 3601,Todd Scanlon,3.62,—,—,Fall 2026,N/A,2026-08-04T03:23:19.978Z
EVSC,4002,Course 4002,Lauren Simkins,—,—,—,Fall 2026,N/A,2026-08-04T03:23:22.895Z
EVSC,4010,Course 4010,Xi Yang,3.67,—,—,Fall 2026,tuth 2:00pm - 3:15pm,2026-08-04T03:23:25.820Z
EVSC,4100,Course 4100,Charity Nyelele,3.78,—,—,Fall 2026,tuth 12:30pm - 1:45pm,2026-08-04T03:23:28.715Z
EVSC,4110,Course 4110,Karen Mcglathery,—,—,—,Fall 2026,tuth 11:00am - 12:15pm,2026-08-04T03:23:31.621Z
EVSC,4340,Course 4340,Robert Davis,3.39,—,—,Fall 2026,mofr 10:00am - 10:50am,2026-08-04T03:23:34.541Z
EVSC,4452,Course 4452,Kevin Grise,3.91,—,—,Fall 2026,N/A,2026-08-04T03:23:37.454Z
EVSC,4490,Course 4490,Sally Pusede,3.56,—,—,Fall 2026,tuth 9:30am - 10:45am,2026-08-04T03:23:40.372Z
EVSC,4559,Course 4559,Huilin Huang,—,—,—,Fall 2026,mowefr 10:00am - 10:50am; tuth 2:00pm - 3:15pm,2026-08-04T03:23:43.293Z
EVSC,4870,Course 4870,Justin Richardson,3.92,5.0,3.0,Fall 2026,mowefr 11:00am - 11:50am,2026-08-04T03:23:46.211Z
EVSC,4993,Course 4993,Manuel Lerdau,3.88,—,—,Fall 2026,N/A,2026-08-04T03:23:49.112Z
EVSC,4993,Course 4993,Howard Epstein,3.71,—,—,Fall 2026,N/A,2026-08-04T03:23:49.112Z
EVSC,4993,Course 4993,Peter Berg,4.00,—,—,Fall 2026,N/A,2026-08-04T03:23:49.112Z
EVSC,4993,Course 4993,John Porter,—,—,—,Fall 2026,N/A,2026-08-04T03:23:49.112Z
EVSC,4993,Course 4993,Sally Pusede,—,—,—,Fall 2026,N/A,2026-08-04T03:23:49.112Z
EVSC,4993,Course 4993,Meghan Blumstein,—,—,—,Fall 2026,N/A,2026-08-04T03:23:49.112Z
EVSC,4995,Course 4995,Manuel Lerdau,4.00,—,—,Fall 2026,N/A,2026-08-04T03:23:52.051Z
EVSC,4995,Course 4995,Howard Epstein,3.81,—,—,Fall 2026,N/A,2026-08-04T03:23:52.051Z
EVSC,4995,Course 4995,Stephen Macko,3.75,—,—,Fall 2026,N/A,2026-08-04T03:23:52.051Z
EVSC,4995,Course 4995,Todd Scanlon,3.95,—,—,Fall 2026,N/A,2026-08-04T03:23:52.051Z
EVSC,4995,Course 4995,Matthew Reidenbach,3.95,—,—,Fall 2026,N/A,2026-08-04T03:23:52.051Z
EVSC,4995,Course 4995,John Porter,4.00,—,—,Fall 2026,N/A,2026-08-04T03:23:52.051Z
EVSC,4995,Course 4995,Robert Davis,3.94,—,—,Fall 2026,N/A,2026-08-04T03:23:52.051Z
EVSC,4995,Course 4995,David Carr,4.00,—,—,Fall 2026,N/A,2026-08-04T03:23:52.051Z
EVSC,4995,Course 4995,Kyle Haynes,4.00,—,—,Fall 2026,N/A,2026-08-04T03:23:52.051Z
EVSC,4995,Course 4995,Stephan Wekker,—,—,—,Fall 2026,N/A,2026-08-04T03:23:52.051Z
EVSC,4995,Course 4995,Sally Pusede,3.88,—,—,Fall 2026,N/A,2026-08-04T03:23:52.051Z
EVSC,4995,Course 4995,Xi Yang,3.98,—,—,Fall 2026,N/A,2026-08-04T03:23:52.051Z
EVSC,4995,Course 4995,Scott Doney,4.00,—,—,Fall 2026,N/A,2026-08-04T03:23:52.051Z
EVSC,4995,Course 4995,Lauren Simkins,3.91,—,—,Fall 2026,N/A,2026-08-04T03:23:52.051Z
EVSC,4995,Course 4995,Max Castorani,4.00,—,—,Fall 2026,N/A,2026-08-04T03:23:52.051Z
EVSC,4995,Course 4995,Ajay Limaye,—,—,—,Fall 2026,N/A,2026-08-04T03:23:52.051Z
EVSC,4995,Course 4995,Karen Mcglathery,—,—,—,Fall 2026,N/A,2026-08-04T03:23:52.051Z
EVSC,4995,Course 4995,T'ai Roulston,—,—,—,Fall 2026,N/A,2026-08-04T03:23:52.051Z
EVSC,4995,Course 4995,Kathleen Schiro,—,—,—,Fall 2026,N/A,2026-08-04T03:23:52.051Z
EVSC,4995,Course 4995,Charity Nyelele,—,—,—,Fall 2026,N/A,2026-08-04T03:23:52.051Z
EVSC,4995,Course 4995,Justin Richardson,—,—,—,Fall 2026,N/A,2026-08-04T03:23:52.051Z
EVSC,4995,Course 4995,Frederick Cheng,—,—,—,Fall 2026,N/A,2026-08-04T03:23:52.051Z
EVSC,4999,Course 4999,Manuel Lerdau,—,—,—,Fall 2026,N/A,2026-08-04T03:23:54.973Z
EVSC,4999,Course 4999,Howard Epstein,3.86,—,—,Fall 2026,N/A,2026-08-04T03:23:54.973Z
EVSC,4999,Course 4999,Peter Berg,4.00,—,—,Fall 2026,N/A,2026-08-04T03:23:54.973Z
EVSC,4999,Course 4999,Todd Scanlon,3.93,—,—,Fall 2026,N/A,2026-08-04T03:23:54.973Z
EVSC,4999,Course 4999,Matthew Reidenbach,4.00,—,—,Fall 2026,N/A,2026-08-04T03:23:54.973Z
EVSC,4999,Course 4999,John Porter,—,—,—,Fall 2026,N/A,2026-08-04T03:23:54.973Z
EVSC,4999,Course 4999,Robert Davis,3.96,—,—,Fall 2026,N/A,2026-08-04T03:23:54.973Z
EVSC,4999,Course 4999,David Carr,4.00,—,—,Fall 2026,N/A,2026-08-04T03:23:54.973Z
EVSC,4999,Course 4999,Stephan Wekker,—,—,—,Fall 2026,N/A,2026-08-04T03:23:54.973Z
EVSC,4999,Course 4999,Xi Yang,4.00,—,—,Fall 2026,N/A,2026-08-04T03:23:54.973Z
EVSC,4999,Course 4999,Lawrence Band,—,—,—,Fall 2026,N/A,2026-08-04T03:23:54.973Z
EVSC,4999,Course 4999,Lauren Simkins,—,—,—,Fall 2026,N/A,2026-08-04T03:23:54.973Z
EVSC,4999,Course 4999,Ajay Limaye,—,—,—,Fall 2026,N/A,2026-08-04T03:23:54.973Z
EVSC,4999,Course 4999,Karen Mcglathery,—,—,—,Fall 2026,N/A,2026-08-04T03:23:54.973Z
EVSC,4999,Course 4999,T'ai Roulston,—,—,—,Fall 2026,N/A,2026-08-04T03:23:54.973Z
EVSC,4999,Course 4999,Kathleen Schiro,—,—,—,Fall 2026,N/A,2026-08-04T03:23:54.973Z
EVSC,4999,Course 4999,Charity Nyelele,—,—,—,Fall 2026,N/A,2026-08-04T03:23:54.973Z
EVSC,4999,Course 4999,Antonios Mamalakis,—,—,—,Fall 2026,N/A,2026-08-04T03:23:54.973Z
EVSC,4999,Course 4999,Frederick Cheng,—,—,—,Fall 2026,N/A,2026-08-04T03:23:54.973Z
EVSC,5020,Course 5020,John Porter,3.63,—,—,Fall 2026,tuth 2:00pm - 3:15pm,2026-08-04T03:23:57.888Z
EVSC,5830,Course 5830,Justin Richardson,—,—,—,Fall 2026,mowe 2:00pm - 3:15pm,2026-08-04T03:24:00.786Z
EVSC,7082,Course 7082,Kathleen Schiro,—,—,—,Fall 2026,N/A,2026-08-04T03:24:06.604Z
EVSC,7092,Course 7092,Meghan Blumstein,—,—,—,Fall 2026,N/A,2026-08-04T03:24:09.511Z
EVSC,7092,Course 7092,Huilin Huang,—,—,—,Fall 2026,N/A,2026-08-04T03:24:09.511Z
EVSC,7559,Course 7559,Huilin Huang,—,—,—,Fall 2026,mowefr 10:00am - 10:50am; tuth 2:00pm - 3:15pm,2026-08-04T03:24:12.435Z
EVSC,8999,Course 8999,Manuel Lerdau,—,—,—,Fall 2026,N/A,2026-08-04T03:24:15.356Z
EVSC,8999,Course 8999,Howard Epstein,—,—,—,Fall 2026,N/A,2026-08-04T03:24:15.356Z
EVSC,8999,Course 8999,Peter Berg,—,—,—,Fall 2026,N/A,2026-08-04T03:24:15.356Z
EVSC,8999,Course 8999,Todd Scanlon,—,—,—,Fall 2026,N/A,2026-08-04T03:24:15.356Z
EVSC,8999,Course 8999,Matthew Reidenbach,—,—,—,Fall 2026,N/A,2026-08-04T03:24:15.356Z
EVSC,8999,Course 8999,Robert Davis,—,—,—,Fall 2026,N/A,2026-08-04T03:24:15.356Z
EVSC,8999,Course 8999,David Carr,—,—,—,Fall 2026,N/A,2026-08-04T03:24:15.356Z
EVSC,8999,Course 8999,Kyle Haynes,—,—,—,Fall 2026,N/A,2026-08-04T03:24:15.356Z
EVSC,8999,Course 8999,Kevin Grise,—,—,—,Fall 2026,N/A,2026-08-04T03:24:15.356Z
EVSC,8999,Course 8999,Stephan Wekker,—,—,—,Fall 2026,N/A,2026-08-04T03:24:15.356Z
EVSC,8999,Course 8999,Sally Pusede,—,—,—,Fall 2026,N/A,2026-08-04T03:24:15.356Z
EVSC,8999,Course 8999,Xi Yang,—,—,—,Fall 2026,N/A,2026-08-04T03:24:15.356Z
EVSC,8999,Course 8999,Lawrence Band,—,—,—,Fall 2026,N/A,2026-08-04T03:24:15.356Z
EVSC,8999,Course 8999,Scott Doney,—,—,—,Fall 2026,N/A,2026-08-04T03:24:15.356Z
EVSC,8999,Course 8999,Lauren Simkins,—,—,—,Fall 2026,N/A,2026-08-04T03:24:15.356Z
EVSC,8999,Course 8999,Max Castorani,—,—,—,Fall 2026,N/A,2026-08-04T03:24:15.356Z
EVSC,8999,Course 8999,Ajay Limaye,—,—,—,Fall 2026,N/A,2026-08-04T03:24:15.356Z
EVSC,8999,Course 8999,Karen Mcglathery,—,—,—,Fall 2026,N/A,2026-08-04T03:24:15.356Z
EVSC,8999,Course 8999,T'ai Roulston,—,—,—,Fall 2026,N/A,2026-08-04T03:24:15.356Z
EVSC,8999,Course 8999,Kathleen Schiro,—,—,—,Fall 2026,N/A,2026-08-04T03:24:15.356Z
EVSC,8999,Course 8999,Charity Nyelele,—,—,—,Fall 2026,N/A,2026-08-04T03:24:15.356Z
EVSC,8999,Course 8999,Justin Richardson,—,—,—,Fall 2026,N/A,2026-08-04T03:24:15.356Z
EVSC,8999,Course 8999,Frederick Cheng,—,—,—,Fall 2026,N/A,2026-08-04T03:24:15.356Z
EVSC,8999,Course 8999,Meghan Blumstein,—,—,—,Fall 2026,N/A,2026-08-04T03:24:15.356Z
EVSC,9995,Course 9995,Manuel Lerdau,—,—,—,Fall 2026,N/A,2026-08-04T03:24:18.279Z
EVSC,9995,Course 9995,Howard Epstein,4.00,—,—,Fall 2026,N/A,2026-08-04T03:24:18.279Z
EVSC,9995,Course 9995,Peter Berg,4.00,—,—,Fall 2026,N/A,2026-08-04T03:24:18.279Z
EVSC,9995,Course 9995,Stephen Macko,4.00,—,—,Fall 2026,N/A,2026-08-04T03:24:18.279Z
EVSC,9995,Course 9995,Todd Scanlon,3.96,—,—,Fall 2026,N/A,2026-08-04T03:24:18.279Z
EVSC,9995,Course 9995,Matthew Reidenbach,4.00,—,—,Fall 2026,N/A,2026-08-04T03:24:18.279Z
EVSC,9995,Course 9995,Brian Richter,4.00,—,—,Fall 2026,N/A,2026-08-04T03:24:18.279Z
EVSC,9995,Course 9995,Kyle Haynes,4.00,—,—,Fall 2026,N/A,2026-08-04T03:24:18.279Z
EVSC,9995,Course 9995,Stephan Wekker,—,—,—,Fall 2026,N/A,2026-08-04T03:24:18.279Z
EVSC,9995,Course 9995,Sally Pusede,4.00,—,—,Fall 2026,N/A,2026-08-04T03:24:18.279Z
EVSC,9995,Course 9995,Xi Yang,4.00,—,—,Fall 2026,N/A,2026-08-04T03:24:18.279Z
EVSC,9995,Course 9995,Lawrence Band,4.00,—,—,Fall 2026,N/A,2026-08-04T03:24:18.279Z
EVSC,9995,Course 9995,Scott Doney,4.00,—,—,Fall 2026,N/A,2026-08-04T03:24:18.279Z
EVSC,9995,Course 9995,Lauren Simkins,4.00,—,—,Fall 2026,N/A,2026-08-04T03:24:18.279Z
EVSC,9995,Course 9995,Max Castorani,4.00,—,—,Fall 2026,N/A,2026-08-04T03:24:18.279Z
EVSC,9995,Course 9995,Ajay Limaye,4.00,—,—,Fall 2026,N/A,2026-08-04T03:24:18.279Z
EVSC,9995,Course 9995,Karen Mcglathery,—,—,—,Fall 2026,N/A,2026-08-04T03:24:18.279Z
EVSC,9995,Course 9995,T'ai Roulston,—,—,—,Fall 2026,N/A,2026-08-04T03:24:18.279Z
EVSC,9995,Course 9995,Kathleen Schiro,—,—,—,Fall 2026,N/A,2026-08-04T03:24:18.279Z
EVSC,9995,Course 9995,Charity Nyelele,—,—,—,Fall 2026,N/A,2026-08-04T03:24:18.279Z
EVSC,9995,Course 9995,Antonios Mamalakis,—,—,—,Fall 2026,N/A,2026-08-04T03:24:18.279Z
EVSC,9995,Course 9995,Justin Richardson,—,—,—,Fall 2026,N/A,2026-08-04T03:24:18.279Z
EVSC,9995,Course 9995,Frederick Cheng,—,—,—,Fall 2026,N/A,2026-08-04T03:24:18.279Z
EVSC,9995,Course 9995,Meghan Blumstein,—,—,—,Fall 2026,N/A,2026-08-04T03:24:18.279Z
EVSC,9999,Course 9999,Manuel Lerdau,—,—,—,Fall 2026,N/A,2026-08-04T03:24:21.222Z
EVSC,9999,Course 9999,Howard Epstein,—,—,—,Fall 2026,N/A,2026-08-04T03:24:21.222Z
EVSC,9999,Course 9999,Peter Berg,—,—,—,Fall 2026,N/A,2026-08-04T03:24:21.222Z
EVSC,9999,Course 9999,Stephen Macko,—,—,—,Fall 2026,N/A,2026-08-04T03:24:21.222Z
EVSC,9999,Course 9999,Todd Scanlon,—,—,—,Fall 2026,N/A,2026-08-04T03:24:21.222Z
EVSC,9999,Course 9999,Matthew Reidenbach,—,—,—,Fall 2026,N/A,2026-08-04T03:24:21.222Z
EVSC,9999,Course 9999,John Porter,—,—,—,Fall 2026,N/A,2026-08-04T03:24:21.222Z
EVSC,9999,Course 9999,Robert Davis,—,—,—,Fall 2026,N/A,2026-08-04T03:24:21.222Z
EVSC,9999,Course 9999,David Carr,—,—,—,Fall 2026,N/A,2026-08-04T03:24:21.222Z
EVSC,9999,Course 9999,Kyle Haynes,—,—,—,Fall 2026,N/A,2026-08-04T03:24:21.222Z
EVSC,9999,Course 9999,Kevin Grise,—,—,—,Fall 2026,N/A,2026-08-04T03:24:21.222Z
EVSC,9999,Course 9999,Stephan Wekker,—,—,—,Fall 2026,N/A,2026-08-04T03:24:21.222Z
EVSC,9999,Course 9999,Sally Pusede,—,—,—,Fall 2026,N/A,2026-08-04T03:24:21.222Z
EVSC,9999,Course 9999,Xi Yang,—,—,—,Fall 2026,N/A,2026-08-04T03:24:21.222Z
EVSC,9999,Course 9999,Lawrence Band,—,—,—,Fall 2026,N/A,2026-08-04T03:24:21.222Z
EVSC,9999,Course 9999,Scott Doney,—,—,—,Fall 2026,N/A,2026-08-04T03:24:21.222Z
EVSC,9999,Course 9999,Lauren Simkins,—,—,—,Fall 2026,N/A,2026-08-04T03:24:21.222Z
EVSC,9999,Course 9999,Max Castorani,—,—,—,Fall 2026,N/A,2026-08-04T03:24:21.222Z
EVSC,9999,Course 9999,Ajay Limaye,—,—,—,Fall 2026,N/A,2026-08-04T03:24:21.222Z
EVSC,9999,Course 9999,Karen Mcglathery,—,—,—,Fall 2026,N/A,2026-08-04T03:24:21.223Z
EVSC,9999,Course 9999,T'ai Roulston,—,—,—,Fall 2026,N/A,2026-08-04T03:24:21.223Z
EVSC,9999,Course 9999,Kathleen Schiro,—,—,—,Fall 2026,N/A,2026-08-04T03:24:21.223Z
EVSC,9999,Course 9999,Charity Nyelele,—,—,—,Fall 2026,N/A,2026-08-04T03:24:21.223Z
EVSC,9999,Course 9999,Justin Richardson,—,—,—,Fall 2026,N/A,2026-08-04T03:24:21.223Z
EVSC,9999,Course 9999,Frederick Cheng,—,—,—,Fall 2026,N/A,2026-08-04T03:24:21.223Z
EVSC,9999,Course 9999,Meghan Blumstein,—,—,—,Fall 2026,N/A,2026-08-04T03:24:21.223Z
FREN,1010,Course 1010,Cecile Rey,3.47,4.7,2.9,Fall 2026,mowe 11:00am - 11:50am; tuth 11:00am - 12:15pm,2026-08-04T03:24:33.531Z
FREN,1010,Course 1010,Faculty Staff,—,—,—,Fall 2026,mowe 1:00pm - 1:50pm; tuth 12:30pm - 1:45pm; mowe 9:00am - 9:50am; tuth 9:30am - 10:45am,2026-08-04T03:24:33.531Z
FREN,1020,Course 1020,Faculty Staff,—,—,—,Fall 2026,mowe 12:00pm - 12:50pm; tuth 12:30pm - 1:45pm; mowe 9:00am - 9:50am; tuth 9:30am - 10:45am,2026-08-04T03:24:36.451Z
FREN,1050,Course 1050,Faculty Staff,—,4.7,4.0,Fall 2026,mowe 12:00pm - 12:50pm; tuth 12:30pm - 1:45pm,2026-08-04T03:24:39.369Z
FREN,2010,Course 2010,Spyridon Simotas,3.74,—,—,Fall 2026,mowefr 1:00pm - 1:50pm; mowefr 12:00pm - 12:50pm,2026-08-04T03:24:42.273Z
FREN,2010,Course 2010,Faculty Staff,—,4.0,3.0,Fall 2026,tuth 9:30am - 10:45am; mowefr 11:00am - 11:50am; tuth 12:30pm - 1:45pm; tuth 2:00pm - 3:15pm; mowefr 10:00am - 10:50am,2026-08-04T03:24:42.273Z
FREN,2020,Course 2020,Rachel Geer,3.67,4.5,2.6,Fall 2026,tuth 12:30pm - 1:45pm,2026-08-04T03:24:45.206Z
FREN,2020,Course 2020,Faculty Staff,—,—,—,Fall 2026,mowefr 1:00pm - 1:50pm; mowefr 11:00am - 11:50am; tuth 9:30am - 10:45am,2026-08-04T03:24:45.206Z
FREN,2020,Course 2020,Christopher Ice,3.95,—,—,Fall 2026,mowefr 10:00am - 10:50am,2026-08-04T03:24:45.206Z
FREN,3028,Course 3028,Faculty Staff,—,—,—,Fall 2026,N/A,2026-08-04T03:24:48.129Z
FREN,3031,Course 3031,Amy Ogden,3.37,3.3,3.0,Fall 2026,N/A,2026-08-04T03:24:51.047Z
FREN,3031,Course 3031,Rachel Geer,3.71,4.7,3.3,Fall 2026,N/A,2026-08-04T03:24:51.047Z
FREN,3031,Course 3031,Christopher Ice,—,—,—,Fall 2026,N/A,2026-08-04T03:24:51.047Z
FREN,3034,Course 3034,Christopher Ice,4.00,—,—,Fall 2026,mowefr 9:00am - 9:50am,2026-08-04T03:24:53.955Z
FREN,3035,Course 3035,Spyridon Simotas,3.81,—,—,Fall 2026,mowe 3:30pm - 4:45pm,2026-08-04T03:24:56.855Z
FREN,3140,Course 3140,Elizabeth Hall,—,—,—,Fall 2026,N/A,2026-08-04T03:24:59.772Z
FREN,3150,Course 3150,To Announced,—,—,—,Fall 2026,N/A,2026-08-04T03:25:02.716Z
FREN,3882,Course 3882,Cheryl Krueger,3.97,—,—,Fall 2026,tuth 2:00pm - 3:15pm,2026-08-04T03:25:08.556Z
FREN,4520,Course 4520,To Announced,—,—,—,Fall 2026,mowe 3:30pm - 4:45pm,2026-08-04T03:25:11.477Z
FREN,4585,Course 4585,Cheryl Krueger,3.91,5.0,3.0,Fall 2026,tuth 12:30pm - 1:45pm,2026-08-04T03:25:14.387Z
FREN,4854,Course 4854,Ferial Boutaghou,3.64,—,—,Fall 2026,tuth 9:30am - 10:45am,2026-08-04T03:25:17.285Z
FREN,4993,Course 4993,To Announced,—,—,—,Fall 2026,N/A,2026-08-04T03:25:20.204Z
FREN,4998,Course 4998,Jennifer Tsien,—,—,—,Fall 2026,N/A,2026-08-04T03:25:23.096Z
FREN,5011,Course 5011,Amy Ogden,4.00,—,—,Fall 2026,mo 1:00pm - 1:50pm,2026-08-04T03:25:26.006Z
FREN,5510,Course 5510,Amy Ogden,3.26,—,—,Fall 2026,N/A,2026-08-04T03:25:28.922Z
FREN,5540,Course 5540,Jennifer Tsien,3.81,—,—,Fall 2026,N/A,2026-08-04T03:25:31.845Z
FREN,5584,Course 5584,Ari Blatt,3.74,—,—,Fall 2026,N/A,2026-08-04T03:25:34.748Z
FREN,7040,Course 7040,Karen James,3.96,—,—,Fall 2026,tuth 2:00pm - 3:15pm,2026-08-04T03:25:37.663Z
FREN,8510,Course 8510,Amy Ogden,3.76,—,—,Fall 2026,mowe 2:00pm - 3:15pm,2026-08-04T03:25:40.574Z
FREN,8540,Course 8540,Jennifer Tsien,3.67,—,—,Fall 2026,N/A,2026-08-04T03:25:43.486Z
FREN,8584,Course 8584,Ari Blatt,3.88,—,—,Fall 2026,N/A,2026-08-04T03:25:46.388Z
FREN,9998,Course 9998,Ferial Boutaghou,—,—,—,Fall 2026,N/A,2026-08-04T03:25:49.325Z
FREN,9999,Course 9999,Amy Ogden,—,—,—,Fall 2026,N/A,2026-08-04T03:25:52.240Z
FREN,9999,Course 9999,Cheryl Krueger,—,—,—,Fall 2026,N/A,2026-08-04T03:25:52.240Z
FREN,9999,Course 9999,Alison Levine,—,—,—,Fall 2026,N/A,2026-08-04T03:25:52.240Z
FREN,9999,Course 9999,Claire Lyu,—,—,—,Fall 2026,N/A,2026-08-04T03:25:52.240Z
FREN,9999,Course 9999,Ari Blatt,—,—,—,Fall 2026,N/A,2026-08-04T03:25:52.240Z
FREN,9999,Course 9999,Jennifer Tsien,—,—,—,Fall 2026,N/A,2026-08-04T03:25:52.240Z
FREN,9999,Course 9999,Janet Horne,1.30,—,—,Fall 2026,N/A,2026-08-04T03:25:52.240Z
FREN,9999,Course 9999,Deborah McGrady,—,—,—,Fall 2026,N/A,2026-08-04T03:25:52.240Z
FREN,9999,Course 9999,Ferial Boutaghou,—,—,—,Fall 2026,N/A,2026-08-04T03:25:52.240Z
GERM,1010,Course 1010,Stefanie Parker,3.66,4.0,3.0,Fall 2026,mowefr 11:00am - 11:50am; mowefr 1:00pm - 1:50pm; mowefr 12:00pm - 12:50pm,2026-08-04T03:26:03.197Z
GERM,1015,Course 1015,Benjamin Bennett,—,—,—,Fall 2026,tuth 2:00pm - 3:15pm,2026-08-04T03:26:06.124Z
GERM,1020,Course 1020,Marcel Schmid,3.91,—,—,Fall 2026,mowefr 10:00am - 10:50am,2026-08-04T03:26:09.051Z
GERM,2010,Course 2010,Marcel Schmid,—,—,—,Fall 2026,mowefr 11:00am - 11:50am,2026-08-04T03:26:11.981Z
GERM,2020,Course 2020,Chrisann Zuerner,3.84,4.5,1.5,Fall 2026,mowefr 12:00pm - 12:50pm; mowefr 9:00am - 9:50am,2026-08-04T03:26:14.890Z
GERM,3000,Course 3000,Michael Wellmon,3.55,5.0,3.0,Fall 2026,N/A,2026-08-04T03:26:17.790Z
GERM,3300,Course 3300,Stefanie Parker,—,—,—,Fall 2026,tba,2026-08-04T03:26:20.701Z
GERM,3559,Course 3559,To Announced,—,—,—,Fall 2026,mowefr 1:00pm - 1:50pm,2026-08-04T03:26:23.635Z
GERM,3559,Course 3559,Chrisann Zuerner,3.92,—,—,Fall 2026,mowefr 10:00am - 10:50am,2026-08-04T03:26:23.635Z
GERM,4993,Course 4993,To Announced,—,—,—,Fall 2026,N/A,2026-08-04T03:26:26.558Z
GERM,4998,Course 4998,To Announced,—,—,—,Fall 2026,N/A,2026-08-04T03:26:29.467Z
GERM,5015,Course 5015,Benjamin Bennett,—,—,—,Fall 2026,tuth 2:00pm - 3:15pm,2026-08-04T03:26:32.386Z
HIST,1501,Course 1501,Penny Eschen,—,—,—,Fall 2026,N/A,2026-08-04T03:26:45.812Z
HIST,2011,Course 2011,Emily Burrill,3.64,2.0,3.6,Fall 2026,mowe 1:00pm - 1:50pm,2026-08-04T03:26:48.733Z
HIST,2011,Course 2011,To Announced,—,—,—,Fall 2026,N/A,2026-08-04T03:26:48.733Z
HIST,2212,Course 2212,S. Edelson,3.68,3.5,2.0,Fall 2026,mowe 2:00pm - 2:50pm,2026-08-04T03:26:51.646Z
HIST,2212,Course 2212,To Announced,—,—,—,Fall 2026,N/A,2026-08-04T03:26:51.646Z
HIST,2559,Course 2559,Penny Eschen,—,—,—,Fall 2026,tuth 2:00pm - 3:15pm,2026-08-04T03:26:54.558Z
HIST,3281,Course 3281,Jeffrey Rossman,3.30,3.9,3.2,Fall 2026,mowe 12:00pm - 12:50pm,2026-08-04T03:26:57.480Z
HIST,3281,Course 3281,To Announced,—,—,—,Fall 2026,N/A,2026-08-04T03:26:57.480Z
HIST,3501,Course 3501,Brian Owensby,3.72,—,—,Fall 2026,N/A,2026-08-04T03:27:00.390Z
HIST,4501,Course 4501,William Hitchcock,3.71,—,—,Fall 2026,N/A,2026-08-04T03:27:03.300Z
HIST,4501,Course 4501,Jeffrey Rossman,3.46,—,—,Fall 2026,N/A,2026-08-04T03:27:03.300Z
HIST,4990,Course 4990,Joshua White,3.89,—,—,Fall 2026,N/A,2026-08-04T03:27:06.226Z
HIST,7001,Course 7001,Erin Lambert,—,—,—,Fall 2026,N/A,2026-08-04T03:27:09.146Z
HIST,7001,Course 7001,Justene Edwards,—,—,—,Fall 2026,N/A,2026-08-04T03:27:09.146Z
HIST,8999,Course 8999,Claudrena Harold,—,—,—,Fall 2026,N/A,2026-08-04T03:27:12.072Z
HIST,8999,Course 8999,Grace Hale,—,—,—,Fall 2026,N/A,2026-08-04T03:27:12.072Z
HIST,8999,Course 8999,Cong Zhang,—,—,—,Fall 2026,N/A,2026-08-04T03:27:12.072Z
HIST,8999,Course 8999,Jon Lendon,—,—,—,Fall 2026,N/A,2026-08-04T03:27:12.072Z
HIST,8999,Course 8999,Paul Kershaw,1.30,—,—,Fall 2026,N/A,2026-08-04T03:27:12.072Z
HIST,8999,Course 8999,Paul Halliday,—,—,—,Fall 2026,N/A,2026-08-04T03:27:12.072Z
HIST,8999,Course 8999,Thomas Klubock,—,—,—,Fall 2026,N/A,2026-08-04T03:27:12.072Z
HIST,8999,Course 8999,Brian Owensby,—,—,—,Fall 2026,N/A,2026-08-04T03:27:12.072Z
HIST,8999,Course 8999,William Hitchcock,—,—,—,Fall 2026,N/A,2026-08-04T03:27:12.072Z
HIST,8999,Course 8999,Erin Lambert,—,—,—,Fall 2026,N/A,2026-08-04T03:27:12.072Z
HIST,8999,Course 8999,Elizabeth Meyer,—,—,—,Fall 2026,N/A,2026-08-04T03:27:12.072Z
HIST,8999,Course 8999,Xiaoyuan Liu,—,—,—,Fall 2026,N/A,2026-08-04T03:27:12.072Z
HIST,8999,Course 8999,Erik Linstrum,—,—,—,Fall 2026,N/A,2026-08-04T03:27:12.072Z
HIST,8999,Course 8999,Christa Dierksheide,—,—,—,Fall 2026,N/A,2026-08-04T03:27:12.072Z
HIST,8999,Course 8999,Andrew Kahrl,—,—,—,Fall 2026,N/A,2026-08-04T03:27:12.072Z
HIST,8999,Course 8999,Kyrill Kunakhovich,—,—,—,Fall 2026,N/A,2026-08-04T03:27:12.072Z
HIST,8999,Course 8999,Fahad Bishara,—,—,—,Fall 2026,N/A,2026-08-04T03:27:12.072Z
HIST,8999,Course 8999,Christopher Gratien,—,—,—,Fall 2026,N/A,2026-08-04T03:27:12.072Z
HIST,8999,Course 8999,Penny Eschen,—,—,—,Fall 2026,N/A,2026-08-04T03:27:12.072Z
HIST,8999,Course 8999,Caroline Janney,—,—,—,Fall 2026,N/A,2026-08-04T03:27:12.072Z
HIST,8999,Course 8999,Justene Edwards,—,—,—,Fall 2026,N/A,2026-08-04T03:27:12.072Z
HIST,8999,Course 8999,Indrani Chatterjee,—,—,—,Fall 2026,N/A,2026-08-04T03:27:12.072Z
HIST,9964,Course 9964,Cong Zhang,—,—,—,Fall 2026,N/A,2026-08-04T03:27:17.904Z
HIST,9964,Course 9964,Thomas Klubock,—,—,—,Fall 2026,N/A,2026-08-04T03:27:17.904Z
HIST,9964,Course 9964,Brian Owensby,—,—,—,Fall 2026,N/A,2026-08-04T03:27:17.904Z
HIST,9964,Course 9964,Neeti Nair,—,—,—,Fall 2026,N/A,2026-08-04T03:27:17.904Z
HIST,9964,Course 9964,William Hitchcock,—,—,—,Fall 2026,N/A,2026-08-04T03:27:17.904Z
HIST,9964,Course 9964,Erin Lambert,3.85,—,—,Fall 2026,N/A,2026-08-04T03:27:17.904Z
HIST,9964,Course 9964,Joshua White,—,—,—,Fall 2026,N/A,2026-08-04T03:27:17.904Z
HIST,9964,Course 9964,Sarah Milov,—,—,—,Fall 2026,N/A,2026-08-04T03:27:17.904Z
HIST,9964,Course 9964,Erik Linstrum,—,—,—,Fall 2026,N/A,2026-08-04T03:27:17.904Z
HIST,9964,Course 9964,Fahad Bishara,—,—,—,Fall 2026,N/A,2026-08-04T03:27:17.904Z
HIST,9964,Course 9964,Christopher Gratien,—,—,—,Fall 2026,N/A,2026-08-04T03:27:17.904Z
HIST,9964,Course 9964,Penny Eschen,—,—,—,Fall 2026,N/A,2026-08-04T03:27:17.904Z
HIST,9964,Course 9964,Caroline Janney,—,—,—,Fall 2026,N/A,2026-08-04T03:27:17.904Z
HIST,9964,Course 9964,Justene Edwards,—,—,—,Fall 2026,N/A,2026-08-04T03:27:17.904Z
HIST,9999,Course 9999,Claudrena Harold,—,—,—,Fall 2026,N/A,2026-08-04T03:27:23.717Z
HIST,9999,Course 9999,Grace Hale,—,—,—,Fall 2026,N/A,2026-08-04T03:27:23.717Z
HIST,9999,Course 9999,Cong Zhang,—,—,—,Fall 2026,N/A,2026-08-04T03:27:23.717Z
HIST,9999,Course 9999,James Loeffler,—,—,—,Fall 2026,N/A,2026-08-04T03:27:23.717Z
HIST,9999,Course 9999,Paul Halliday,—,—,—,Fall 2026,N/A,2026-08-04T03:27:23.717Z
HIST,9999,Course 9999,Thomas Klubock,—,—,—,Fall 2026,N/A,2026-08-04T03:27:23.717Z
HIST,9999,Course 9999,Brian Owensby,—,—,—,Fall 2026,N/A,2026-08-04T03:27:23.717Z
HIST,9999,Course 9999,Neeti Nair,—,—,—,Fall 2026,N/A,2026-08-04T03:27:23.717Z
HIST,9999,Course 9999,William Hitchcock,—,—,—,Fall 2026,N/A,2026-08-04T03:27:23.717Z
HIST,9999,Course 9999,Philip Zelikow,—,—,—,Fall 2026,N/A,2026-08-04T03:27:23.717Z
HIST,9999,Course 9999,Elizabeth Varon,—,—,—,Fall 2026,N/A,2026-08-04T03:27:23.717Z
HIST,9999,Course 9999,Erin Lambert,—,—,—,Fall 2026,N/A,2026-08-04T03:27:23.717Z
HIST,9999,Course 9999,Joshua White,—,—,—,Fall 2026,N/A,2026-08-04T03:27:23.717Z
HIST,9999,Course 9999,Elizabeth Meyer,—,—,—,Fall 2026,N/A,2026-08-04T03:27:23.717Z
HIST,9999,Course 9999,Xiaoyuan Liu,1.30,—,—,Fall 2026,N/A,2026-08-04T03:27:23.717Z
HIST,9999,Course 9999,Erik Linstrum,—,—,—,Fall 2026,N/A,2026-08-04T03:27:23.717Z
HIST,9999,Course 9999,Christa Dierksheide,—,—,—,Fall 2026,N/A,2026-08-04T03:27:23.717Z
HIST,9999,Course 9999,Andrew Kahrl,—,—,—,Fall 2026,N/A,2026-08-04T03:27:23.717Z
HIST,9999,Course 9999,Fahad Bishara,—,—,—,Fall 2026,N/A,2026-08-04T03:27:23.717Z
HIST,9999,Course 9999,Christopher Gratien,—,—,—,Fall 2026,N/A,2026-08-04T03:27:23.717Z
HIST,9999,Course 9999,Kevin Gaines,—,—,—,Fall 2026,N/A,2026-08-04T03:27:23.717Z
HIST,9999,Course 9999,Penny Eschen,—,—,—,Fall 2026,N/A,2026-08-04T03:27:23.717Z
HIST,9999,Course 9999,Caroline Janney,—,—,—,Fall 2026,N/A,2026-08-04T03:27:23.717Z
HIST,9999,Course 9999,S. Edelson,—,—,—,Fall 2026,N/A,2026-08-04T03:27:23.717Z
HIST,9999,Course 9999,Justene Edwards,—,—,—,Fall 2026,N/A,2026-08-04T03:27:23.717Z
HIAF,2001,Course 2001,James Fleur,3.50,4.5,3.1,Fall 2026,tuth 9:30am - 10:45am,2026-08-04T03:27:33.320Z
HIAF,2001,Course 2001,To Announced,—,—,—,Fall 2026,N/A,2026-08-04T03:27:33.320Z
HIAF,3011,Course 3011,Amir Syed,—,—,—,Fall 2026,tuth 11:00am - 12:15pm,2026-08-04T03:27:36.251Z
HIAF,3112,Course 3112,James Fleur,3.88,5.0,2.5,Fall 2026,tuth 2:00pm - 3:15pm,2026-08-04T03:27:39.170Z
HIAF,3501,Course 3501,James Fleur,3.98,—,—,Fall 2026,N/A,2026-08-04T03:27:42.091Z
HIAF,5559,Course 5559,Emily Burrill,—,—,—,Fall 2026,tu 2:00pm - 4:30pm,2026-08-04T03:27:45.007Z
HIAF,5559,Course 5559,Amir Syed,—,—,—,Fall 2026,tu 2:00pm - 4:30pm,2026-08-04T03:27:45.007Z
HIEU,1559,Course 1559,Glenn Dynner,—,—,—,Fall 2026,tuth 9:30am - 10:45am,2026-08-04T03:28:03.483Z
HIEU,2031,Course 2031,Jon Lendon,3.07,4.4,4.2,Fall 2026,mowe 11:00am - 11:50am,2026-08-04T03:28:06.419Z
HIEU,2031,Course 2031,To Announced,—,—,—,Fall 2026,N/A,2026-08-04T03:28:06.420Z
HIEU,2061,Course 2061,Paul Kershaw,3.27,3.9,3.2,Fall 2026,mowe 12:00pm - 12:50pm,2026-08-04T03:28:09.336Z
HIEU,2061,Course 2061,To Announced,—,—,—,Fall 2026,N/A,2026-08-04T03:28:09.336Z
HIEU,2071,Course 2071,Erin Lambert,3.72,4.4,2.3,Fall 2026,mowe 1:00pm - 1:50pm,2026-08-04T03:28:12.252Z
HIEU,2071,Course 2071,To Announced,—,—,—,Fall 2026,N/A,2026-08-04T03:28:12.252Z
HIEU,2101,Course 2101,Glenn Dynner,3.81,—,—,Fall 2026,tuth 12:30pm - 1:45pm,2026-08-04T03:28:15.166Z
HIEU,2350,Course 2350,Melissa Vise,—,—,—,Fall 2026,tuth 9:30am - 10:45am,2026-08-04T03:28:18.082Z
HIEU,3041,Course 3041,Elizabeth Meyer,3.06,4.8,4.5,Fall 2026,tuth 11:00am - 12:15pm,2026-08-04T03:28:20.977Z
HIEU,3312,Course 3312,William Hitchcock,3.77,4.9,2.0,Fall 2026,mowe 10:00am - 10:50am,2026-08-04T03:28:23.887Z
HIEU,3312,Course 3312,To Announced,—,—,—,Fall 2026,N/A,2026-08-04T03:28:23.887Z
HIEU,3471,Course 3471,Paul Halliday,3.37,4.1,4.3,Fall 2026,tuth 9:30am - 10:45am,2026-08-04T03:28:26.785Z
HIEU,4501,Course 4501,Faculty Staff,—,—,—,Fall 2026,N/A,2026-08-04T03:28:29.703Z
HIEU,5063,Course 5063,Faculty Staff,—,—,—,Fall 2026,N/A,2026-08-04T03:28:32.613Z
HIEU,9025,Course 9025,Elizabeth Meyer,3.73,—,—,Fall 2026,N/A,2026-08-04T03:28:35.522Z
HILA,1501,Course 1501,Lean Sweeney,3.78,—,—,Fall 2026,N/A,2026-08-04T03:28:48.549Z
HILA,2001,Course 2001,Thomas Klubock,3.41,3.7,2.3,Fall 2026,tuth 12:30pm - 1:45pm,2026-08-04T03:28:51.472Z
HILA,3051,Course 3051,Lean Sweeney,3.84,5.0,2.5,Fall 2026,tuth 11:00am - 12:15pm,2026-08-04T03:28:54.399Z
HILA,3501,Course 3501,Thomas Klubock,—,—,—,Fall 2026,N/A,2026-08-04T03:28:57.316Z
HIUS,1559,Course 1559,Christa Dierksheide,—,—,—,Fall 2026,N/A,2026-08-04T03:29:22.398Z
HIUS,2201,Course 2201,S. Kang,3.72,4.0,3.0,Fall 2026,tuth 12:30pm - 1:45pm,2026-08-04T03:29:25.306Z
HIUS,3071,Course 3071,Elizabeth Varon,3.39,4.4,3.3,Fall 2026,mowe 11:00am - 11:50am,2026-08-04T03:29:28.223Z
HIUS,3071,Course 3071,To Announced,—,—,—,Fall 2026,N/A,2026-08-04T03:29:28.223Z
HIUS,3501,Course 3501,S. Kang,3.80,—,—,Fall 2026,N/A,2026-08-04T03:29:34.061Z
HIUS,3559,Course 3559,Andrew Preston,—,—,—,Fall 2026,tuth 9:30am - 10:45am,2026-08-04T03:29:36.998Z
HIUS,3620,Course 3620,Andrew Kahrl,3.81,4.7,2.0,Fall 2026,mowe 2:00pm - 3:15pm,2026-08-04T03:29:39.895Z
HIUS,3853,Course 3853,Andrew Kahrl,3.75,4.5,3.3,Fall 2026,mowe 9:00am - 9:50am,2026-08-04T03:29:42.805Z
HIUS,3853,Course 3853,To Announced,—,—,—,Fall 2026,N/A,2026-08-04T03:29:42.805Z
HIUS,4501,Course 4501,Elizabeth Varon,3.77,3.7,4.5,Fall 2026,N/A,2026-08-04T03:29:45.722Z
HIUS,4501,Course 4501,Erica Sterling,3.86,—,—,Fall 2026,N/A,2026-08-04T03:29:45.722Z
HIUS,5000,Course 5000,Justene Edwards,—,—,—,Fall 2026,N/A,2026-08-04T03:29:48.646Z
HIUS,7031,Course 7031,S. Edelson,—,—,—,Fall 2026,N/A,2026-08-04T03:29:51.559Z
HIUS,7559,Course 7559,Andrew Preston,3.95,—,—,Fall 2026,N/A,2026-08-04T03:29:56.544Z
GETR,3393,Course 3393,Marcel Schmid,3.94,3.0,1.0,Fall 2026,mowe 3:30pm - 4:45pm,2026-08-04T03:30:14.137Z
GETR,3470,Course 3470,Jeffrey Grossman,3.76,—,—,Fall 2026,N/A,2026-08-04T03:30:17.073Z
GETR,3480,Course 3480,Paul Dobryden,—,—,—,Fall 2026,N/A,2026-08-04T03:30:22.064Z
GETR,3559,Course 3559,Benjamin Bennett,2.55,—,—,Fall 2026,tuth 5:00pm - 6:15pm,2026-08-04T03:30:25.000Z
GETR,3559,Course 3559,Paul Dobryden,3.67,—,—,Fall 2026,tuth 3:30pm - 4:45pm,2026-08-04T03:30:25.000Z
GETR,3559,Course 3559,Marcel Schmid,—,—,—,Fall 2026,mowe 5:00pm - 6:15pm,2026-08-04T03:30:25.000Z
GETR,3780,Course 3780,Lorna Martens,3.70,1.3,4.0,Fall 2026,N/A,2026-08-04T03:30:27.920Z
MDST,2000,Course 2000,Siva Vaidhyanathan,3.73,2.8,2.3,Fall 2026,mowe 9:00am - 9:50am,2026-08-04T03:30:40.354Z
MDST,2000,Course 2000,To Announced,—,—,—,Fall 2026,N/A,2026-08-04T03:30:40.354Z
MDST,2200,Course 2200,To Announced,—,—,—,Fall 2026,N/A,2026-08-04T03:30:43.305Z
MDST,2200,Course 2200,Julide Etem,3.63,2.0,2.7,Fall 2026,mowe 2:00pm - 3:15pm,2026-08-04T03:30:43.305Z
MDST,2508,Course 2508,Sean Duncan,3.43,—,—,Fall 2026,N/A,2026-08-04T03:30:46.229Z
MDST,2690,Course 2690,Anna Clay,3.72,5.0,2.0,Fall 2026,N/A,2026-08-04T03:30:49.153Z
MDST,2700,Course 2700,Kate Sweeney,—,5.0,1.0,Fall 2026,N/A,2026-08-04T03:30:52.071Z
MDST,2710,Course 2710,Matthew Marshall,3.82,3.7,1.5,Fall 2026,N/A,2026-08-04T03:30:54.982Z
MDST,2727,Course 2727,Robin Coleman,3.57,—,—,Fall 2026,we 4:00pm - 6:30pm,2026-08-04T03:30:57.893Z
MDST,3050,Course 3050,Keara Goin,3.69,3.3,2.9,Fall 2026,N/A,2026-08-04T03:31:00.814Z
MDST,3113,Course 3113,Robin Coleman,3.54,—,—,Fall 2026,N/A,2026-08-04T03:31:03.729Z
MDST,3281,Course 3281,Kate Sweeney,3.93,—,—,Fall 2026,N/A,2026-08-04T03:31:06.649Z
MDST,3402,Course 3402,Bruce Williams,3.54,3.1,3.4,Fall 2026,N/A,2026-08-04T03:31:09.581Z
MDST,3410,Course 3410,To Announced,—,—,—,Fall 2026,we 4:00pm - 6:30pm,2026-08-04T03:31:12.491Z
MDST,3490,Course 3490,Pallavi Rao,3.87,4.7,1.5,Fall 2026,N/A,2026-08-04T03:31:15.418Z
MDST,3501,Course 3501,Sean Duncan,3.45,—,—,Fall 2026,N/A,2026-08-04T03:31:18.327Z
MDST,3504,Course 3504,Keara Goin,3.86,—,—,Fall 2026,N/A,2026-08-04T03:31:21.248Z
MDST,3504,Course 3504,Francesca Borrione,3.83,5.0,2.0,Fall 2026,N/A,2026-08-04T03:31:21.248Z
MDST,3504,Course 3504,To Announced,—,—,—,Fall 2026,N/A,2026-08-04T03:31:21.248Z
MDST,3508,Course 3508,Kate Sweeney,3.94,—,—,Fall 2026,N/A,2026-08-04T03:31:24.166Z
MDST,3510,Course 3510,Bruce Williams,3.88,—,—,Fall 2026,N/A,2026-08-04T03:31:27.085Z
MDST,3510,Course 3510,Ashleigh Wade,3.92,—,—,Fall 2026,N/A,2026-08-04T03:31:27.085Z
MDST,3510,Course 3510,To Announced,—,—,—,Fall 2026,N/A,2026-08-04T03:31:27.085Z
MDST,3510,Course 3510,Lauren Bridges,3.70,5.0,3.0,Fall 2026,N/A,2026-08-04T03:31:27.085Z
MDST,3742,Course 3742,Anna Clay,3.77,—,—,Fall 2026,N/A,2026-08-04T03:31:32.949Z
MDST,3800,Course 3800,Kate Sweeney,—,—,—,Fall 2026,N/A,2026-08-04T03:31:35.878Z
MDST,3944,Course 3944,Francesca Borrione,—,—,—,Fall 2026,N/A,2026-08-04T03:31:38.817Z
MDST,4000,Course 4000,Pallavi Rao,—,—,—,Fall 2026,N/A,2026-08-04T03:31:41.739Z
MDST,4510,Course 4510,David Nemer,3.30,—,—,Fall 2026,N/A,2026-08-04T03:31:44.657Z
MDST,4510,Course 4510,Pallavi Rao,3.87,—,—,Fall 2026,N/A,2026-08-04T03:31:44.657Z
MDST,4510,Course 4510,To Announced,—,—,—,Fall 2026,N/A,2026-08-04T03:31:44.657Z
MDST,4510,Course 4510,Julide Etem,—,—,—,Fall 2026,N/A,2026-08-04T03:31:44.657Z
MDST,4960,Course 4960,Keara Goin,—,—,—,Fall 2026,N/A,2026-08-04T03:31:47.578Z
MDST,8000,Course 8000,Andre Cavalcante,3.98,—,—,Fall 2026,N/A,2026-08-04T03:31:53.409Z
MDST,8004,Course 8004,Lauren Bridges,—,—,—,Fall 2026,N/A,2026-08-04T03:31:56.320Z
MDST,8026,Course 8026,Siva Vaidhyanathan,—,—,—,Fall 2026,N/A,2026-08-04T03:32:01.295Z
MDST,8212,Course 8212,David Nemer,—,—,—,Fall 2026,N/A,2026-08-04T03:32:04.206Z
MDST,8600,Course 8600,Siva Vaidhyanathan,—,—,—,Fall 2026,N/A,2026-08-04T03:32:07.115Z
MDST,8998,Course 8998,Andre Cavalcante,—,—,—,Fall 2026,N/A,2026-08-04T03:32:10.028Z
MDST,9000,Course 9000,Andre Cavalcante,—,—,—,Fall 2026,N/A,2026-08-04T03:32:12.922Z
ARAB,1010,Course 1010,Bilal Maanaki,3.63,4.0,2.2,Fall 2026,motuweth 10:00am - 10:50am,2026-08-04T03:32:24.769Z
ARAB,1010,Course 1010,Suad Mohamed,3.52,4.2,3.1,Fall 2026,motuweth 11:00am - 11:50am; motuweth 12:00pm - 12:50pm,2026-08-04T03:32:24.769Z
ARAB,1010,Course 1010,Bilal Humeidan,3.67,4.5,3.5,Fall 2026,motuweth 1:00pm - 1:50pm,2026-08-04T03:32:24.769Z
ARAB,1060,Course 1060,Bilal Humeidan,3.54,—,—,Fall 2026,motuweth 10:00am - 10:50am,2026-08-04T03:32:27.715Z
ARAB,2010,Course 2010,Bilal Maanaki,3.49,4.7,2.2,Fall 2026,motuweth 12:00pm - 12:50pm; motuweth 1:00pm - 1:50pm,2026-08-04T03:32:30.651Z
ARAB,3010,Course 3010,Suad Mohamed,3.48,4.7,3.0,Fall 2026,tuth 2:00pm - 3:15pm,2026-08-04T03:32:33.586Z
ARAB,3430,Course 3430,Hanadi Al-Samman,—,—,—,Fall 2026,tuth 12:30pm - 1:45pm,2026-08-04T03:32:36.520Z
ARAB,3672,Course 3672,Bilal Humeidan,3.64,—,—,Fall 2026,tuth 11:00am - 12:15pm,2026-08-04T03:32:39.453Z
ARAB,5430,Course 5430,Hanadi Al-Samman,—,—,—,Fall 2026,tuth 12:30pm - 1:45pm,2026-08-04T03:32:42.389Z
ARAB,6672,Course 6672,Bilal Humeidan,—,—,—,Fall 2026,tuth 11:00am - 12:15pm,2026-08-04T03:32:45.326Z
HIND,1010,Course 1010,Abdul Nasir,3.73,4.7,2.5,Fall 2026,motuweth 10:00am - 10:50am,2026-08-04T03:32:54.769Z
HIND,2010,Course 2010,Abdul Nasir,3.81,4.0,3.0,Fall 2026,motuweth 11:00am - 11:50am,2026-08-04T03:32:57.719Z
PERS,1010,Course 1010,Mahshad Mohit,3.83,4.2,2.5,Fall 2026,motuwethfr 11:00am - 11:50am,2026-08-04T03:33:12.794Z
PERS,2010,Course 2010,Mahshad Mohit,3.76,3.3,4.0,Fall 2026,motuweth 9:00am - 9:50am,2026-08-04T03:33:15.723Z
PERS,3010,Course 3010,Mahshad Mohit,3.76,—,—,Fall 2026,mowe 2:00pm - 3:15pm,2026-08-04T03:33:18.633Z
SANS,1010,Course 1010,Robert Hueckstedt,3.53,4.0,3.8,Fall 2026,mowefr 9:00am - 9:50am,2026-08-04T03:33:30.987Z
URDU,1310,Course 1310,Griffith Chaussee,3.33,5.0,3.0,Fall 2026,motuweth 12:00pm - 12:50pm,2026-08-04T03:33:53.961Z
URDU,2010,Course 2010,Griffith Chaussee,3.56,3.7,3.5,Fall 2026,motuweth 1:00pm - 1:50pm,2026-08-04T03:33:56.893Z
MUSI,1310,Course 1310,Benjamin Rous,3.71,3.8,3.3,Fall 2026,mowefr 10:00am - 10:50am; mowefr 12:00pm - 12:50pm; mowefr 9:00am - 9:50am,2026-08-04T03:34:18.356Z
MUSI,2090,Course 2090,Noel Lobley,3.83,1.7,2.0,Fall 2026,N/A,2026-08-04T03:34:21.297Z
MUSI,2120,Course 2120,Scott DeVeaux,3.18,3.9,2.8,Fall 2026,mowe 1:00pm - 2:15pm,2026-08-04T03:34:24.228Z
MUSI,2120,Course 2120,To Announced,—,—,—,Fall 2026,N/A,2026-08-04T03:34:24.228Z
MUSI,2150,Course 2150,Nicole Gantt,—,—,—,Fall 2026,N/A,2026-08-04T03:34:27.158Z
MUSI,2302,Course 2302,Shelby Sender,—,5.0,2.0,Fall 2026,tuth 11:00am - 12:15pm; tuth 12:30pm - 1:45pm,2026-08-04T03:34:30.078Z
MUSI,2307,Course 2307,Michael Rosensky,3.67,—,—,Fall 2026,N/A,2026-08-04T03:34:33.002Z
MUSI,2308,Course 2308,Pamela Beasley,3.96,—,—,Fall 2026,N/A,2026-08-04T03:34:35.923Z
MUSI,2309,Course 2309,Patricia O'Brien,3.75,3.7,4.0,Fall 2026,N/A,2026-08-04T03:34:38.842Z
MUSI,2340,Course 2340,Robert Jospe,3.94,4.7,1.5,Fall 2026,mowe 10:00am - 10:50am; mowe 11:00am - 11:50am,2026-08-04T03:34:41.775Z
MUSI,2600,Course 2600,Sharel Cassity,4.00,4.3,1.0,Fall 2026,mowe 3:30pm - 5:00pm,2026-08-04T03:34:44.698Z
MUSI,3040,Course 3040,Jade Conlee,3.71,—,—,Fall 2026,tuth 11:00am - 12:15pm,2026-08-04T03:34:47.611Z
MUSI,3050,Course 3050,Fred Maus,3.72,3.9,2.9,Fall 2026,mowefr 11:00am - 11:50am,2026-08-04T03:34:50.536Z
MUSI,3050,Course 3050,Karl Miller,3.50,4.8,2.0,Fall 2026,mowefr 10:00am - 10:50am,2026-08-04T03:34:50.536Z
MUSI,3060,Course 3060,JoVia Armstrong,4.00,—,—,Fall 2026,tuth 11:00am - 12:15pm,2026-08-04T03:34:53.449Z
MUSI,3307,Course 3307,Michael Rosensky,3.82,4.3,4.0,Fall 2026,N/A,2026-08-04T03:34:56.358Z
MUSI,3310,Course 3310,Fred Maus,3.57,3.7,2.0,Fall 2026,mowefr 1:00pm - 1:50pm,2026-08-04T03:34:59.271Z
MUSI,3310,Course 3310,Scott DeVeaux,3.42,4.0,2.0,Fall 2026,mowefr 11:00am - 11:50am,2026-08-04T03:34:59.271Z
MUSI,3332,Course 3332,Adam Carter,3.52,4.1,2.7,Fall 2026,mowefr 12:00pm - 12:50pm,2026-08-04T03:35:05.092Z
MUSI,3334,Course 3334,Adam Carter,3.54,4.0,3.0,Fall 2026,mowefr 12:00pm - 12:50pm,2026-08-04T03:35:07.992Z
MUSI,3370,Course 3370,Ted Coffey,—,—,—,Fall 2026,tuth 2:00pm - 3:15pm,2026-08-04T03:35:10.907Z
MUSI,3370,Course 3370,To Announced,—,—,—,Fall 2026,N/A,2026-08-04T03:35:10.907Z
MUSI,3371,Course 3371,Nicole Gantt,—,—,—,Fall 2026,N/A,2026-08-04T03:35:13.820Z
MUSI,3376,Course 3376,JoVia Armstrong,—,—,—,Fall 2026,N/A,2026-08-04T03:35:16.732Z
MUSI,3390,Course 3390,Leah Reid,3.61,2.3,3.0,Fall 2026,tuth 3:30pm - 4:45pm,2026-08-04T03:35:19.644Z
MUSI,3390,Course 3390,To Announced,—,—,—,Fall 2026,N/A,2026-08-04T03:35:19.644Z
MUSI,3400,Course 3400,Matthew Burtner,—,—,—,Fall 2026,N/A,2026-08-04T03:35:22.558Z
MUSI,3410,Course 3410,Benjamin Rous,3.86,—,—,Fall 2026,N/A,2026-08-04T03:35:25.493Z
MUSI,3420,Course 3420,John Mayhood,—,—,—,Fall 2026,tuth 9:30am - 10:45am,2026-08-04T03:35:28.425Z
MUSI,3570,Course 3570,Noel Lobley,3.82,—,—,Fall 2026,mowe 2:00pm - 3:15pm,2026-08-04T03:35:31.343Z
MUSI,3993,Course 3993,Michael Slon,3.55,—,—,Fall 2026,N/A,2026-08-04T03:35:34.274Z
MUSI,3993,Course 3993,Andrew Koch,4.00,—,—,Fall 2026,N/A,2026-08-04T03:35:34.274Z
MUSI,3993,Course 3993,Fred Maus,4.00,—,—,Fall 2026,N/A,2026-08-04T03:35:34.274Z
MUSI,3993,Course 3993,A.D. Carson,—,—,—,Fall 2026,N/A,2026-08-04T03:35:34.274Z
MUSI,4509,Course 4509,Bonnie Gordon,3.15,—,—,Fall 2026,N/A,2026-08-04T03:35:37.191Z
MUSI,4533,Course 4533,Michael Slon,3.37,—,—,Fall 2026,mowe 2:00pm - 3:15pm,2026-08-04T03:35:40.118Z
MUSI,4545,Course 4545,Luke Dahl,3.58,—,—,Fall 2026,tuth 9:30am - 10:45am,2026-08-04T03:35:43.040Z
MUSI,4581,Course 4581,Leah Reid,3.63,—,—,Fall 2026,tuth 11:00am - 12:15pm,2026-08-04T03:35:45.958Z
MUSI,4723,Course 4723,Luke Dahl,—,—,—,Fall 2026,tuth 2:00pm - 3:15pm,2026-08-04T03:35:48.875Z
MUSI,4950,Course 4950,Daniel Sender,4.00,—,—,Fall 2026,N/A,2026-08-04T03:35:51.792Z
MUSI,4993,Course 4993,Ayn Balija,—,—,—,Fall 2026,N/A,2026-08-04T03:35:54.715Z
MUSI,4993,Course 4993,Michael Slon,3.91,—,—,Fall 2026,N/A,2026-08-04T03:35:54.715Z
MUSI,4993,Course 4993,John Mayhood,—,—,—,Fall 2026,N/A,2026-08-04T03:35:54.715Z
MUSI,4993,Course 4993,Robert Jospe,—,—,—,Fall 2026,N/A,2026-08-04T03:35:54.715Z
MUSI,4993,Course 4993,Fred Maus,4.00,—,—,Fall 2026,N/A,2026-08-04T03:35:54.715Z
MUSI,4993,Course 4993,Michael Puri,3.95,—,—,Fall 2026,N/A,2026-08-04T03:35:54.715Z
MUSI,4993,Course 4993,Richard Will,4.00,—,—,Fall 2026,N/A,2026-08-04T03:35:54.715Z
MUSI,4993,Course 4993,Daniel Sender,—,—,—,Fall 2026,N/A,2026-08-04T03:35:54.715Z
MUSI,4993,Course 4993,Karl Miller,4.00,—,—,Fall 2026,N/A,2026-08-04T03:35:54.715Z
MUSI,4993,Course 4993,Noel Lobley,4.00,—,—,Fall 2026,N/A,2026-08-04T03:35:54.715Z
MUSI,4993,Course 4993,Elizabeth Ozment,—,—,—,Fall 2026,N/A,2026-08-04T03:35:54.715Z
MUSI,4993,Course 4993,Leah Reid,3.63,—,—,Fall 2026,N/A,2026-08-04T03:35:54.715Z
MUSI,4993,Course 4993,Benjamin Rous,3.96,—,—,Fall 2026,N/A,2026-08-04T03:35:54.715Z
MUSI,4993,Course 4993,Ted Coffey,—,—,—,Fall 2026,N/A,2026-08-04T03:35:54.715Z
MUSI,4993,Course 4993,Matthew Burtner,—,—,—,Fall 2026,N/A,2026-08-04T03:35:54.715Z
MUSI,4993,Course 4993,A.D. Carson,—,—,—,Fall 2026,N/A,2026-08-04T03:35:54.715Z
MUSI,4993,Course 4993,Scott DeVeaux,—,—,—,Fall 2026,N/A,2026-08-04T03:35:54.715Z
MUSI,4993,Course 4993,To Announced,—,—,—,Fall 2026,N/A,2026-08-04T03:35:54.715Z
MUSI,4993,Course 4993,Nicole Gantt,—,—,—,Fall 2026,N/A,2026-08-04T03:35:54.715Z
MUSI,4993,Course 4993,JoVia Armstrong,—,—,—,Fall 2026,N/A,2026-08-04T03:35:54.715Z
MUSI,7509,Course 7509,Bonnie Gordon,4.00,—,—,Fall 2026,we 3:30pm - 6:00pm,2026-08-04T03:35:57.630Z
MUSI,7509,Course 7509,Jade Conlee,—,—,—,Fall 2026,tu 2:00pm - 4:30pm,2026-08-04T03:35:57.631Z
MUSI,7519,Course 7519,Michael Puri,—,—,—,Fall 2026,th 2:00pm - 4:30pm,2026-08-04T03:36:00.545Z
MUSI,7543,Course 7543,Ted Coffey,—,—,—,Fall 2026,th 5:00pm - 7:30pm,2026-08-04T03:36:03.456Z
MUSI,7547,Course 7547,Matthew Burtner,—,—,—,Fall 2026,tu 10:30am - 1:00pm,2026-08-04T03:36:06.389Z
MUSI,7582,Course 7582,Luke Dahl,4.00,—,—,Fall 2026,tba,2026-08-04T03:36:09.315Z
MUSI,7582,Course 7582,Leah Reid,4.00,—,—,Fall 2026,tba,2026-08-04T03:36:09.315Z
MUSI,7582,Course 7582,Ted Coffey,—,—,—,Fall 2026,tba,2026-08-04T03:36:09.315Z
MUSI,7582,Course 7582,Matthew Burtner,—,—,—,Fall 2026,tba,2026-08-04T03:36:09.315Z
MUSI,7582,Course 7582,Nicole Gantt,—,—,—,Fall 2026,tba,2026-08-04T03:36:09.315Z
MUSI,7582,Course 7582,JoVia Armstrong,—,—,—,Fall 2026,tba,2026-08-04T03:36:09.315Z
MUSI,8810,Course 8810,Luke Dahl,4.00,—,—,Fall 2026,N/A,2026-08-04T03:36:12.245Z
MUSI,8810,Course 8810,Leah Reid,4.00,—,—,Fall 2026,N/A,2026-08-04T03:36:12.245Z
MUSI,8810,Course 8810,Ted Coffey,—,—,—,Fall 2026,N/A,2026-08-04T03:36:12.245Z
MUSI,8810,Course 8810,Matthew Burtner,—,—,—,Fall 2026,N/A,2026-08-04T03:36:12.245Z
MUSI,8810,Course 8810,Nicole Gantt,—,—,—,Fall 2026,N/A,2026-08-04T03:36:12.245Z
MUSI,8810,Course 8810,JoVia Armstrong,—,—,—,Fall 2026,N/A,2026-08-04T03:36:12.245Z
MUSI,8910,Course 8910,Michelle Kisliuk,—,—,—,Fall 2026,N/A,2026-08-04T03:36:15.180Z
MUSI,8910,Course 8910,Fred Maus,—,—,—,Fall 2026,N/A,2026-08-04T03:36:15.180Z
MUSI,8910,Course 8910,Richard Will,—,—,—,Fall 2026,N/A,2026-08-04T03:36:15.180Z
MUSI,8910,Course 8910,Bonnie Gordon,—,—,—,Fall 2026,N/A,2026-08-04T03:36:15.180Z
MUSI,8910,Course 8910,Nomi Dave,—,—,—,Fall 2026,N/A,2026-08-04T03:36:15.180Z
MUSI,8910,Course 8910,Karl Miller,—,—,—,Fall 2026,N/A,2026-08-04T03:36:15.180Z
MUSI,8910,Course 8910,Noel Lobley,—,—,—,Fall 2026,N/A,2026-08-04T03:36:15.180Z
MUSI,8910,Course 8910,Luke Dahl,—,—,—,Fall 2026,N/A,2026-08-04T03:36:15.180Z
MUSI,8910,Course 8910,Leah Reid,—,—,—,Fall 2026,N/A,2026-08-04T03:36:15.180Z
MUSI,8910,Course 8910,Ted Coffey,—,—,—,Fall 2026,N/A,2026-08-04T03:36:15.180Z
MUSI,8910,Course 8910,Matthew Burtner,—,—,—,Fall 2026,N/A,2026-08-04T03:36:15.180Z
MUSI,8910,Course 8910,A.D. Carson,—,—,—,Fall 2026,N/A,2026-08-04T03:36:15.180Z
MUSI,8910,Course 8910,Scott DeVeaux,—,—,—,Fall 2026,N/A,2026-08-04T03:36:15.180Z
MUSI,8910,Course 8910,Nicole Gantt,—,—,—,Fall 2026,N/A,2026-08-04T03:36:15.180Z
MUSI,8910,Course 8910,JoVia Armstrong,—,—,—,Fall 2026,N/A,2026-08-04T03:36:15.180Z
MUSI,8998,Course 8998,Michelle Kisliuk,—,—,—,Fall 2026,N/A,2026-08-04T03:36:18.119Z
MUSI,8998,Course 8998,Fred Maus,—,—,—,Fall 2026,N/A,2026-08-04T03:36:18.119Z
MUSI,8998,Course 8998,Michael Puri,—,—,—,Fall 2026,N/A,2026-08-04T03:36:18.119Z
MUSI,8998,Course 8998,Richard Will,—,—,—,Fall 2026,N/A,2026-08-04T03:36:18.119Z
MUSI,8998,Course 8998,Bonnie Gordon,—,—,—,Fall 2026,N/A,2026-08-04T03:36:18.119Z
MUSI,8998,Course 8998,Nomi Dave,—,—,—,Fall 2026,N/A,2026-08-04T03:36:18.119Z
MUSI,8998,Course 8998,Karl Miller,—,—,—,Fall 2026,N/A,2026-08-04T03:36:18.119Z
MUSI,8998,Course 8998,Luke Dahl,—,—,—,Fall 2026,N/A,2026-08-04T03:36:18.119Z
MUSI,8998,Course 8998,Leah Reid,—,—,—,Fall 2026,N/A,2026-08-04T03:36:18.119Z
MUSI,8998,Course 8998,Ted Coffey,—,—,—,Fall 2026,N/A,2026-08-04T03:36:18.119Z
MUSI,8998,Course 8998,Matthew Burtner,—,—,—,Fall 2026,N/A,2026-08-04T03:36:18.119Z
MUSI,8998,Course 8998,A.D. Carson,—,—,—,Fall 2026,N/A,2026-08-04T03:36:18.119Z
MUSI,8998,Course 8998,Scott DeVeaux,—,—,—,Fall 2026,N/A,2026-08-04T03:36:18.119Z
MUSI,8998,Course 8998,Nicole Gantt,—,—,—,Fall 2026,N/A,2026-08-04T03:36:18.119Z
MUSI,8998,Course 8998,JoVia Armstrong,—,—,—,Fall 2026,N/A,2026-08-04T03:36:18.119Z
MUSI,9910,Course 9910,Michelle Kisliuk,—,—,—,Fall 2026,N/A,2026-08-04T03:36:21.065Z
MUSI,9910,Course 9910,Fred Maus,—,—,—,Fall 2026,N/A,2026-08-04T03:36:21.065Z
MUSI,9910,Course 9910,Michael Puri,—,—,—,Fall 2026,N/A,2026-08-04T03:36:21.065Z
MUSI,9910,Course 9910,Richard Will,—,—,—,Fall 2026,N/A,2026-08-04T03:36:21.065Z
MUSI,9910,Course 9910,Bonnie Gordon,—,—,—,Fall 2026,N/A,2026-08-04T03:36:21.065Z
MUSI,9910,Course 9910,Nomi Dave,—,—,—,Fall 2026,N/A,2026-08-04T03:36:21.065Z
MUSI,9910,Course 9910,Karl Miller,—,—,—,Fall 2026,N/A,2026-08-04T03:36:21.065Z
MUSI,9910,Course 9910,Noel Lobley,—,—,—,Fall 2026,N/A,2026-08-04T03:36:21.065Z
MUSI,9910,Course 9910,Luke Dahl,—,—,—,Fall 2026,N/A,2026-08-04T03:36:21.065Z
MUSI,9910,Course 9910,Leah Reid,—,—,—,Fall 2026,N/A,2026-08-04T03:36:21.065Z
MUSI,9910,Course 9910,Ted Coffey,—,—,—,Fall 2026,N/A,2026-08-04T03:36:21.065Z
MUSI,9910,Course 9910,Matthew Burtner,—,—,—,Fall 2026,N/A,2026-08-04T03:36:21.065Z
MUSI,9910,Course 9910,A.D. Carson,—,—,—,Fall 2026,N/A,2026-08-04T03:36:21.065Z
MUSI,9910,Course 9910,Scott DeVeaux,—,—,—,Fall 2026,N/A,2026-08-04T03:36:21.065Z
MUSI,9910,Course 9910,Nicole Gantt,—,—,—,Fall 2026,N/A,2026-08-04T03:36:21.065Z
MUSI,9910,Course 9910,JoVia Armstrong,—,—,—,Fall 2026,N/A,2026-08-04T03:36:21.065Z
MUSI,9930,Course 9930,Karl Miller,—,—,—,Fall 2026,N/A,2026-08-04T03:36:23.985Z
MUSI,9930,Course 9930,A.D. Carson,—,—,—,Fall 2026,N/A,2026-08-04T03:36:23.985Z
MUSI,9998,Course 9998,Matthew Hedstrom,—,—,—,Fall 2026,N/A,2026-08-04T03:36:26.902Z
MUSI,9998,Course 9998,Michelle Kisliuk,—,—,—,Fall 2026,N/A,2026-08-04T03:36:26.902Z
MUSI,9998,Course 9998,Fred Maus,—,—,—,Fall 2026,N/A,2026-08-04T03:36:26.902Z
MUSI,9998,Course 9998,Michael Puri,—,—,—,Fall 2026,N/A,2026-08-04T03:36:26.902Z
MUSI,9998,Course 9998,Richard Will,—,—,—,Fall 2026,N/A,2026-08-04T03:36:26.902Z
MUSI,9998,Course 9998,Bonnie Gordon,—,—,—,Fall 2026,N/A,2026-08-04T03:36:26.902Z
MUSI,9998,Course 9998,Nomi Dave,—,—,—,Fall 2026,N/A,2026-08-04T03:36:26.902Z
MUSI,9998,Course 9998,Karl Miller,—,—,—,Fall 2026,N/A,2026-08-04T03:36:26.902Z
MUSI,9998,Course 9998,Jack Hamilton,—,—,—,Fall 2026,N/A,2026-08-04T03:36:26.902Z
MUSI,9998,Course 9998,Noel Lobley,—,—,—,Fall 2026,N/A,2026-08-04T03:36:26.902Z
MUSI,9998,Course 9998,Luke Dahl,—,—,—,Fall 2026,N/A,2026-08-04T03:36:26.902Z
MUSI,9998,Course 9998,Samhita Sunya,—,—,—,Fall 2026,N/A,2026-08-04T03:36:26.902Z
MUSI,9998,Course 9998,Leah Reid,—,—,—,Fall 2026,N/A,2026-08-04T03:36:26.902Z
MUSI,9998,Course 9998,Ted Coffey,—,—,—,Fall 2026,N/A,2026-08-04T03:36:26.902Z
MUSI,9998,Course 9998,Matthew Burtner,—,—,—,Fall 2026,N/A,2026-08-04T03:36:26.902Z
MUSI,9998,Course 9998,A.D. Carson,—,—,—,Fall 2026,N/A,2026-08-04T03:36:26.902Z
MUSI,9998,Course 9998,Aswin Punathambekar,—,—,—,Fall 2026,N/A,2026-08-04T03:36:26.902Z
MUSI,9998,Course 9998,Scott DeVeaux,—,—,—,Fall 2026,N/A,2026-08-04T03:36:26.902Z
MUSI,9998,Course 9998,Nicole Gantt,—,—,—,Fall 2026,N/A,2026-08-04T03:36:26.902Z
MUSI,9998,Course 9998,JoVia Armstrong,—,—,—,Fall 2026,N/A,2026-08-04T03:36:26.902Z
MUSI,9999,Course 9999,Michelle Kisliuk,—,—,—,Fall 2026,N/A,2026-08-04T03:36:29.802Z
MUSI,9999,Course 9999,Fred Maus,—,—,—,Fall 2026,N/A,2026-08-04T03:36:29.802Z
MUSI,9999,Course 9999,Michael Puri,—,—,—,Fall 2026,N/A,2026-08-04T03:36:29.802Z
MUSI,9999,Course 9999,Richard Will,—,—,—,Fall 2026,N/A,2026-08-04T03:36:29.802Z
MUSI,9999,Course 9999,Bonnie Gordon,—,—,—,Fall 2026,N/A,2026-08-04T03:36:29.802Z
MUSI,9999,Course 9999,Nomi Dave,—,—,—,Fall 2026,N/A,2026-08-04T03:36:29.802Z
MUSI,9999,Course 9999,Karl Miller,—,—,—,Fall 2026,N/A,2026-08-04T03:36:29.802Z
MUSI,9999,Course 9999,Noel Lobley,—,—,—,Fall 2026,N/A,2026-08-04T03:36:29.802Z
MUSI,9999,Course 9999,Luke Dahl,—,—,—,Fall 2026,N/A,2026-08-04T03:36:29.802Z
MUSI,9999,Course 9999,Leah Reid,—,—,—,Fall 2026,N/A,2026-08-04T03:36:29.802Z
MUSI,9999,Course 9999,Ted Coffey,—,—,—,Fall 2026,N/A,2026-08-04T03:36:29.802Z
MUSI,9999,Course 9999,Matthew Burtner,—,—,—,Fall 2026,N/A,2026-08-04T03:36:29.802Z
MUSI,9999,Course 9999,A.D. Carson,—,—,—,Fall 2026,N/A,2026-08-04T03:36:29.802Z
MUSI,9999,Course 9999,Scott DeVeaux,—,—,—,Fall 2026,N/A,2026-08-04T03:36:29.802Z
MUSI,9999,Course 9999,Nicole Gantt,—,—,—,Fall 2026,N/A,2026-08-04T03:36:29.802Z
MUSI,9999,Course 9999,JoVia Armstrong,—,—,—,Fall 2026,N/A,2026-08-04T03:36:29.802Z
PHIL,1000,Course 1000,To Announced,—,—,—,Fall 2026,N/A,2026-08-04T03:36:44.602Z
PHIL,1000,Course 1000,Jordan MacKenzie,3.70,5.0,2.0,Fall 2026,mowe 9:00am - 9:50am,2026-08-04T03:36:44.602Z
PHIL,1410,Course 1410,To Announced,—,—,—,Fall 2026,N/A,2026-08-04T03:36:47.530Z
PHIL,1410,Course 1410,Trey Boone,3.63,3.8,2.6,Fall 2026,tuth 2:00pm - 2:50pm,2026-08-04T03:36:47.530Z
PHIL,1730,Course 1730,Rebecca Stangl,3.32,3.2,2.5,Fall 2026,tuth 3:30pm - 4:20pm,2026-08-04T03:36:50.453Z
PHIL,1730,Course 1730,To Announced,—,—,—,Fall 2026,N/A,2026-08-04T03:36:50.453Z
PHIL,1740,Course 1740,To Announced,—,—,—,Fall 2026,N/A,2026-08-04T03:36:53.380Z
PHIL,1740,Course 1740,Justin Bernstein,—,—,—,Fall 2026,mowe 12:00pm - 12:50pm,2026-08-04T03:36:53.380Z
PHIL,2060,Course 2060,To Announced,—,—,—,Fall 2026,N/A,2026-08-04T03:36:56.296Z
PHIL,2060,Course 2060,Alexander Motchoulski,3.57,4.2,2.0,Fall 2026,tuth 9:30am - 10:45am,2026-08-04T03:36:56.296Z
PHIL,2110,Course 2110,To Announced,—,—,—,Fall 2026,mowe 8:00am - 8:50am,2026-08-04T03:36:59.228Z
PHIL,2350,Course 2350,Zachary Irving,3.46,3.3,2.6,Fall 2026,tuth 5:00pm - 6:15pm,2026-08-04T03:37:02.148Z
PHIL,2350,Course 2350,To Announced,—,—,—,Fall 2026,N/A,2026-08-04T03:37:02.148Z
PHIL,2420,Course 2420,Ross Cameron,3.08,2.9,3.7,Fall 2026,tuth 8:00am - 9:15am,2026-08-04T03:37:05.059Z
PHIL,2500,Course 2500,To Announced,—,—,—,Fall 2026,N/A,2026-08-04T03:37:07.984Z
PHIL,2500,Course 2500,Kimberly Harris,3.66,—,—,Fall 2026,mowe 5:00pm - 6:15pm,2026-08-04T03:37:07.984Z
PHIL,2500,Course 2500,Justin Bernstein,3.63,—,—,Fall 2026,mowe 10:00am - 10:50am,2026-08-04T03:37:07.984Z
PHIL,2510,Course 2510,Alexander Motchoulski,—,—,—,Fall 2026,tuth 2:00pm - 3:15pm,2026-08-04T03:37:10.893Z
PHIL,2510,Course 2510,Jordan MacKenzie,—,—,—,Fall 2026,mowe 2:00pm - 3:15pm,2026-08-04T03:37:10.893Z
PHIL,2510,Course 2510,Mara Harrell,3.85,2.3,2.0,Fall 2026,tuth 12:30pm - 1:45pm,2026-08-04T03:37:10.893Z
PHIL,2820,Course 2820,Elizabeth Barnes,3.48,3.8,2.4,Fall 2026,tuth 8:00am - 8:50am,2026-08-04T03:37:13.803Z
PHIL,2820,Course 2820,To Announced,—,—,—,Fall 2026,N/A,2026-08-04T03:37:13.804Z
PHIL,3110,Course 3110,To Announced,—,—,—,Fall 2026,mowe 5:00pm - 6:15pm,2026-08-04T03:37:16.710Z
PHIL,3170,Course 3170,Walter Ott,—,—,—,Fall 2026,tuth 5:00pm - 6:15pm,2026-08-04T03:37:19.622Z
PHIL,3310,Course 3310,Trenton Merricks,3.35,4.7,4.4,Fall 2026,tuth 9:30am - 10:45am,2026-08-04T03:37:24.600Z
PHIL,3320,Course 3320,To Announced,—,—,—,Fall 2026,mowe 2:00pm - 3:15pm,2026-08-04T03:37:27.510Z
PHIL,3500,Course 3500,To Announced,—,—,—,Fall 2026,N/A,2026-08-04T03:37:32.498Z
PHIL,3500,Course 3500,Kimberly Harris,3.66,3.7,2.0,Fall 2026,N/A,2026-08-04T03:37:32.498Z
PHIL,3500,Course 3500,Trey Boone,—,—,—,Fall 2026,N/A,2026-08-04T03:37:32.498Z
PHIL,3520,Course 3520,Zachary Irving,—,—,—,Fall 2026,tuth 12:30pm - 1:45pm,2026-08-04T03:37:35.427Z
PHIL,3620,Course 3620,Mara Harrell,—,—,—,Fall 2026,N/A,2026-08-04T03:37:38.327Z
PHIL,3710,Course 3710,Talbot Brewer,3.34,4.3,3.7,Fall 2026,tuth 9:30am - 10:45am,2026-08-04T03:37:41.250Z
PHIL,3830,Course 3830,Elizabeth Barnes,3.55,—,—,Fall 2026,N/A,2026-08-04T03:37:44.170Z
PHIL,4410,Course 4410,Ross Cameron,—,—,—,Fall 2026,tuth 11:00am - 12:15pm,2026-08-04T03:37:47.096Z
PHIL,4993,Course 4993,Ross Cameron,—,—,—,Fall 2026,N/A,2026-08-04T03:37:50.015Z
PHIL,4995,Course 4995,Rebecca Stangl,—,—,—,Fall 2026,N/A,2026-08-04T03:37:52.939Z
PHIL,4995,Course 4995,Ross Cameron,3.85,—,—,Fall 2026,N/A,2026-08-04T03:37:52.939Z
PHIL,4995,Course 4995,Elizabeth Barnes,3.85,—,—,Fall 2026,N/A,2026-08-04T03:37:52.939Z
PHIL,4995,Course 4995,Nate Adams,—,—,—,Fall 2026,N/A,2026-08-04T03:37:52.939Z
PHIL,4995,Course 4995,Antonia LoLordo,—,—,—,Fall 2026,N/A,2026-08-04T03:37:52.939Z
PHIL,4995,Course 4995,To Announced,—,—,—,Fall 2026,N/A,2026-08-04T03:37:52.939Z
PHIL,4999,Course 4999,Elizabeth Barnes,4.00,—,—,Fall 2026,N/A,2026-08-04T03:37:55.859Z
PHIL,5540,Course 5540,Talbot Brewer,3.81,—,—,Fall 2026,N/A,2026-08-04T03:37:58.752Z
PHIL,5570,Course 5570,David Danks,—,—,—,Fall 2026,N/A,2026-08-04T03:38:01.650Z
PHIL,7995,Course 7995,Nate Adams,—,—,—,Fall 2026,N/A,2026-08-04T03:38:07.452Z
PHIL,8570,Course 8570,Trenton Merricks,3.82,—,—,Fall 2026,N/A,2026-08-04T03:38:10.363Z
PHIL,8995,Course 8995,Ross Cameron,—,—,—,Fall 2026,N/A,2026-08-04T03:38:13.277Z
PHIL,8995,Course 8995,Elizabeth Barnes,3.85,—,—,Fall 2026,N/A,2026-08-04T03:38:13.278Z
PHIL,8995,Course 8995,Alexander Motchoulski,—,—,—,Fall 2026,N/A,2026-08-04T03:38:13.278Z
PHIL,9998,Course 9998,Nate Adams,—,—,—,Fall 2026,N/A,2026-08-04T03:38:16.195Z
PHIL,9999,Course 9999,Jorge Secada,—,—,—,Fall 2026,N/A,2026-08-04T03:38:19.123Z
PHIL,9999,Course 9999,Rebecca Stangl,—,—,—,Fall 2026,N/A,2026-08-04T03:38:19.123Z
PHIL,9999,Course 9999,Brie Gertler,—,—,—,Fall 2026,N/A,2026-08-04T03:38:19.123Z
PHIL,9999,Course 9999,Trenton Merricks,—,—,—,Fall 2026,N/A,2026-08-04T03:38:19.123Z
PHIL,9999,Course 9999,Talbot Brewer,—,—,—,Fall 2026,N/A,2026-08-04T03:38:19.123Z
PHIL,9999,Course 9999,Walter Ott,—,—,—,Fall 2026,N/A,2026-08-04T03:38:19.123Z
PHIL,9999,Course 9999,Ross Cameron,—,—,—,Fall 2026,N/A,2026-08-04T03:38:19.123Z
PHIL,9999,Course 9999,Elizabeth Barnes,—,—,—,Fall 2026,N/A,2026-08-04T03:38:19.123Z
PHIL,9999,Course 9999,Zachary Irving,—,—,—,Fall 2026,N/A,2026-08-04T03:38:19.123Z
PHIL,9999,Course 9999,Antonia LoLordo,—,—,—,Fall 2026,N/A,2026-08-04T03:38:19.123Z
PHIL,9999,Course 9999,To Announced,—,—,—,Fall 2026,N/A,2026-08-04T03:38:19.123Z
PHYS,1050,Course 1050,Chris Neu,3.49,3.8,3.6,Fall 2026,mowefr 1:00pm - 1:50pm,2026-08-04T03:38:37.229Z
PHYS,1090,Course 1090,E Dukes,—,—,—,Fall 2026,mowefr 10:00am - 10:50am,2026-08-04T03:38:40.168Z
PHYS,1110,Course 1110,Gordon Cates,—,4.3,2.4,Fall 2026,tuth 9:30am - 10:45am,2026-08-04T03:38:43.081Z
PHYS,1425,Course 1425,To Announced,—,—,—,Fall 2026,tuth 12:30pm - 1:45pm,2026-08-04T03:38:48.872Z
PHYS,1429,Course 1429,Maksim Bychkov,3.84,2.0,3.4,Fall 2026,N/A,2026-08-04T03:38:51.783Z
PHYS,1655,Course 1655,Robert Group,3.59,4.3,4.2,Fall 2026,mowe 3:30pm - 4:45pm,2026-08-04T03:38:54.685Z
PHYS,1660,Course 1660,Bryan Wright,3.78,4.3,2.0,Fall 2026,tu 2:00pm - 2:50pm; th 2:00pm - 2:50pm,2026-08-04T03:38:57.587Z
PHYS,1930,Course 1930,Jongsoo Yoon,—,3.0,1.0,Fall 2026,mowe 11:00am - 11:50am,2026-08-04T03:39:02.598Z
PHYS,2010,Course 2010,To Announced,—,—,—,Fall 2026,mowefr 12:00pm - 12:50pm,2026-08-04T03:39:05.524Z
PHYS,2010,Course 2010,Jency Sundararajan,3.31,4.5,3.3,Fall 2026,mowefr 9:00am - 9:50am; mowefr 10:00am - 10:50am; mowefr 11:00am - 11:50am,2026-08-04T03:39:05.524Z
PHYS,2010,Course 2010,Rebecca Grouchy,3.22,4.3,3.0,Fall 2026,tuth 9:30am - 10:45am; tuth 11:00am - 12:15pm; tuth 2:00pm - 3:15pm,2026-08-04T03:39:05.524Z
PHYS,2030,Course 2030,Maksim Bychkov,—,1.5,4.1,Fall 2026,N/A,2026-08-04T03:39:08.437Z
PHYS,2410,Course 2410,Cristina Suarez,2.76,—,—,Fall 2026,mowefr 9:00am - 9:50am,2026-08-04T03:39:11.355Z
PHYS,2419,Course 2419,Faculty Staff,—,—,—,Fall 2026,N/A,2026-08-04T03:39:14.285Z
PHYS,2419,Course 2419,Maksim Bychkov,3.89,2.0,3.3,Fall 2026,N/A,2026-08-04T03:39:14.285Z
PHYS,3110,Course 3110,Bellave Shivaram,—,—,—,Fall 2026,tuth 12:30pm - 1:45pm,2026-08-04T03:39:17.201Z
PHYS,3150,Course 3150,Rick Marshall,—,—,—,Fall 2026,N/A,2026-08-04T03:39:20.116Z
PHYS,3170,Course 3170,Jongsoo Yoon,3.52,—,—,Fall 2026,N/A,2026-08-04T03:39:23.050Z
PHYS,3210,Course 3210,Julian Heeck,3.10,4.3,3.2,Fall 2026,mowefr 10:00am - 10:50am,2026-08-04T03:39:25.967Z
PHYS,3310,Course 3310,Tomoya Asaba,—,—,—,Fall 2026,tuth 11:00am - 12:15pm,2026-08-04T03:39:28.881Z
PHYS,3430,Course 3430,Kent Paschke,3.26,—,—,Fall 2026,mowefr 9:00am - 9:50am,2026-08-04T03:39:31.809Z
PHYS,3630,Course 3630,Gia-Wei Chern,—,—,—,Fall 2026,mowe 2:00pm - 3:15pm,2026-08-04T03:39:34.736Z
PHYS,3650,Course 3650,Diana Vaman,3.17,3.8,4.7,Fall 2026,mowefr 11:00am - 11:50am,2026-08-04T03:39:37.650Z
PHYS,3993,Course 3993,Olivier Pfister,4.00,—,—,Fall 2026,N/A,2026-08-04T03:39:40.561Z
PHYS,3993,Course 3993,Krishni Wijesooriya,3.94,—,—,Fall 2026,N/A,2026-08-04T03:39:40.561Z
PHYS,3993,Course 3993,Chris Neu,—,—,—,Fall 2026,N/A,2026-08-04T03:39:40.561Z
PHYS,3995,Course 3995,Mark Williams,3.84,—,—,Fall 2026,N/A,2026-08-04T03:39:43.498Z
PHYS,3995,Course 3995,Kevin Lehmann,4.00,—,—,Fall 2026,N/A,2026-08-04T03:39:43.498Z
PHYS,3995,Course 3995,Joseph Poon,4.00,—,—,Fall 2026,N/A,2026-08-04T03:39:43.498Z
PHYS,3995,Course 3995,Gordon Cates,—,—,—,Fall 2026,N/A,2026-08-04T03:39:43.498Z
PHYS,3995,Course 3995,Dinko Pocanic,4.00,—,—,Fall 2026,N/A,2026-08-04T03:39:43.498Z
PHYS,3995,Course 3995,Kent Paschke,3.20,—,—,Fall 2026,N/A,2026-08-04T03:39:43.498Z
PHYS,3995,Course 3995,Xiaochao Zheng,3.68,—,—,Fall 2026,N/A,2026-08-04T03:39:43.498Z
PHYS,3995,Course 3995,Stefan Baessler,3.40,—,—,Fall 2026,N/A,2026-08-04T03:39:43.498Z
PHYS,3995,Course 3995,Robert Jones,—,—,—,Fall 2026,N/A,2026-08-04T03:39:43.498Z
PHYS,3995,Course 3995,Diana Vaman,4.00,—,—,Fall 2026,N/A,2026-08-04T03:39:43.498Z
PHYS,3995,Course 3995,Peter Arnold,3.80,—,—,Fall 2026,N/A,2026-08-04T03:39:43.498Z
PHYS,3995,Course 3995,Robert Hirosky,2.10,—,—,Fall 2026,N/A,2026-08-04T03:39:43.498Z
PHYS,3995,Course 3995,Israel Klich,—,—,—,Fall 2026,N/A,2026-08-04T03:39:43.498Z
PHYS,3995,Course 3995,Eugene Kolomeisky,4.00,—,—,Fall 2026,N/A,2026-08-04T03:39:43.498Z
PHYS,3995,Course 3995,Seung-Hun Lee,4.00,—,—,Fall 2026,N/A,2026-08-04T03:39:43.498Z
PHYS,3995,Course 3995,Simonetta Liuti,4.00,—,—,Fall 2026,N/A,2026-08-04T03:39:43.498Z
PHYS,3995,Course 3995,Nilanga Liyanage,4.00,—,—,Fall 2026,N/A,2026-08-04T03:39:43.498Z
PHYS,3995,Course 3995,Olivier Pfister,3.90,—,—,Fall 2026,N/A,2026-08-04T03:39:43.498Z
PHYS,3995,Course 3995,Bellave Shivaram,2.90,—,—,Fall 2026,N/A,2026-08-04T03:39:43.498Z
PHYS,3995,Course 3995,Robert Group,3.60,—,—,Fall 2026,N/A,2026-08-04T03:39:43.498Z
PHYS,3995,Course 3995,E Dukes,—,—,—,Fall 2026,N/A,2026-08-04T03:39:43.498Z
PHYS,3995,Course 3995,Utpal Chatterjee,2.65,—,—,Fall 2026,N/A,2026-08-04T03:39:43.498Z
PHYS,3995,Course 3995,Krishni Wijesooriya,3.66,—,—,Fall 2026,N/A,2026-08-04T03:39:43.498Z
PHYS,3995,Course 3995,Chi Teo,3.77,—,—,Fall 2026,N/A,2026-08-04T03:39:43.498Z
PHYS,3995,Course 3995,Gia-Wei Chern,4.00,—,—,Fall 2026,N/A,2026-08-04T03:39:43.498Z
PHYS,3995,Course 3995,Marija Vucelja,4.00,—,—,Fall 2026,N/A,2026-08-04T03:39:43.498Z
PHYS,3995,Course 3995,Keivan Esfarjani,—,—,—,Fall 2026,N/A,2026-08-04T03:39:43.498Z
PHYS,3995,Course 3995,Kento Yagi,4.00,—,—,Fall 2026,N/A,2026-08-04T03:39:43.498Z
PHYS,3995,Course 3995,Xu Yi,—,—,—,Fall 2026,N/A,2026-08-04T03:39:43.498Z
PHYS,3995,Course 3995,Dmytro Pesin,—,—,—,Fall 2026,N/A,2026-08-04T03:39:43.498Z
PHYS,3995,Course 3995,Cass Sackett,—,—,—,Fall 2026,N/A,2026-08-04T03:39:43.498Z
PHYS,3995,Course 3995,Chris Neu,—,—,—,Fall 2026,N/A,2026-08-04T03:39:43.498Z
PHYS,3995,Course 3995,Despina Louca,—,—,—,Fall 2026,N/A,2026-08-04T03:39:43.498Z
PHYS,3995,Course 3995,David Nichols,3.70,—,—,Fall 2026,N/A,2026-08-04T03:39:43.498Z
PHYS,3995,Course 3995,D Keller,—,—,—,Fall 2026,N/A,2026-08-04T03:39:43.498Z
PHYS,3995,Course 3995,G Miller,—,—,—,Fall 2026,N/A,2026-08-04T03:39:43.498Z
PHYS,3995,Course 3995,Julian Heeck,—,—,—,Fall 2026,N/A,2026-08-04T03:39:43.498Z
PHYS,3995,Course 3995,Cristina Suarez,—,—,—,Fall 2026,N/A,2026-08-04T03:39:43.498Z
PHYS,3995,Course 3995,Tomoya Asaba,—,—,—,Fall 2026,N/A,2026-08-04T03:39:43.498Z
PHYS,3995,Course 3995,Ian Stevenson,—,—,—,Fall 2026,N/A,2026-08-04T03:39:43.498Z
PHYS,5000,Course 5000,Xiaochao Zheng,—,—,—,Fall 2026,N/A,2026-08-04T03:39:46.418Z
PHYS,5110,Course 5110,Robert Hirosky,—,—,—,Fall 2026,we 3:30pm - 5:00pm,2026-08-04T03:39:49.317Z
PHYS,5110,Course 5110,D Keller,—,—,—,Fall 2026,tu 3:30pm - 5:00pm,2026-08-04T03:39:49.318Z
PHYS,5110,Course 5110,Tomoya Asaba,—,—,—,Fall 2026,th 3:30pm - 5:00pm,2026-08-04T03:39:49.318Z
PHYS,5110,Course 5110,Ian Stevenson,—,—,—,Fall 2026,mo 3:30pm - 5:00pm,2026-08-04T03:39:49.318Z
PHYS,5170,Course 5170,Kento Yagi,—,—,—,Fall 2026,tuth 12:30pm - 1:45pm,2026-08-04T03:39:52.238Z
PHYS,5190,Course 5190,Rick Marshall,—,—,—,Fall 2026,N/A,2026-08-04T03:39:55.151Z
PHYS,5240,Course 5240,David Nichols,3.12,—,—,Fall 2026,tuth 9:30am - 10:45am,2026-08-04T03:39:58.069Z
PHYS,5250,Course 5250,Chi Teo,—,—,—,Fall 2026,mowefr 9:00am - 9:50am,2026-08-04T03:40:01.020Z
PHYS,5310,Course 5310,Cass Sackett,—,—,—,Fall 2026,tuth 2:00pm - 3:15pm,2026-08-04T03:40:03.915Z
PHYS,5620,Course 5620,Seung-Hun Lee,3.65,3.3,5.0,Fall 2026,tuth 11:00am - 12:15pm,2026-08-04T03:40:06.811Z
PHYS,5630,Course 5630,Gia-Wei Chern,3.55,—,—,Fall 2026,mowe 2:00pm - 3:15pm,2026-08-04T03:40:09.722Z
PHYS,5720,Course 5720,Nilanga Liyanage,—,—,—,Fall 2026,mowefr 2:00pm - 2:50pm,2026-08-04T03:40:12.624Z
PHYS,5880,Course 5880,Israel Klich,3.52,—,—,Fall 2026,mowefr 12:00pm - 12:50pm,2026-08-04T03:40:15.525Z
PHYS,7010,Course 7010,Dmytro Pesin,3.49,—,—,Fall 2026,mowefr 10:00am - 10:50am,2026-08-04T03:40:18.447Z
PHYS,7410,Course 7410,Marija Vucelja,—,—,—,Fall 2026,tuth 11:00am - 12:15pm,2026-08-04T03:40:21.364Z
PHYS,7610,Course 7610,Eugene Kolomeisky,3.35,—,—,Fall 2026,mowefr 11:00am - 11:50am,2026-08-04T03:40:24.289Z
PHYS,7995,Course 7995,Dinko Pocanic,—,—,—,Fall 2026,N/A,2026-08-04T03:40:27.203Z
PHYS,7995,Course 7995,Kent Paschke,4.00,—,—,Fall 2026,N/A,2026-08-04T03:40:27.203Z
PHYS,7995,Course 7995,Xiaochao Zheng,3.70,—,—,Fall 2026,N/A,2026-08-04T03:40:27.203Z
PHYS,7995,Course 7995,Nilanga Liyanage,—,—,—,Fall 2026,N/A,2026-08-04T03:40:27.203Z
PHYS,7995,Course 7995,Chris Neu,—,—,—,Fall 2026,N/A,2026-08-04T03:40:27.203Z
PHYS,7995,Course 7995,Cristina Suarez,—,—,—,Fall 2026,N/A,2026-08-04T03:40:27.203Z
PHYS,8630,Course 8630,Peter Arnold,3.45,—,—,Fall 2026,mowefr 10:00am - 10:50am,2026-08-04T03:40:30.117Z
PHYS,8880,Course 8880,Olivier Pfister,3.79,—,—,Fall 2026,mowefr 11:00am - 11:50am,2026-08-04T03:40:33.036Z
PHYS,8999,Course 8999,Kent Paschke,—,—,—,Fall 2026,N/A,2026-08-04T03:40:35.952Z
PHYS,8999,Course 8999,Gia-Wei Chern,—,—,—,Fall 2026,N/A,2026-08-04T03:40:35.952Z
PHYS,9010,Course 9010,Eugene Kolomeisky,—,—,—,Fall 2026,N/A,2026-08-04T03:40:38.856Z
PHYS,9998,Course 9998,Kent Paschke,—,—,—,Fall 2026,N/A,2026-08-04T03:40:41.770Z
PHYS,9998,Course 9998,Kento Yagi,—,—,—,Fall 2026,N/A,2026-08-04T03:40:41.770Z
PHYS,9998,Course 9998,Chris Neu,—,—,—,Fall 2026,N/A,2026-08-04T03:40:41.770Z
PHYS,9998,Course 9998,D Keller,—,—,—,Fall 2026,N/A,2026-08-04T03:40:41.770Z
PHYS,9999,Course 9999,Mark Williams,—,—,—,Fall 2026,N/A,2026-08-04T03:40:44.723Z
PHYS,9999,Course 9999,Kevin Lehmann,—,—,—,Fall 2026,N/A,2026-08-04T03:40:44.723Z
PHYS,9999,Course 9999,Avik Ghosh,—,—,—,Fall 2026,N/A,2026-08-04T03:40:44.723Z
PHYS,9999,Course 9999,Joseph Poon,—,—,—,Fall 2026,N/A,2026-08-04T03:40:44.723Z
PHYS,9999,Course 9999,Gordon Cates,—,—,—,Fall 2026,N/A,2026-08-04T03:40:44.723Z
PHYS,9999,Course 9999,Dinko Pocanic,1.30,—,—,Fall 2026,N/A,2026-08-04T03:40:44.723Z
PHYS,9999,Course 9999,Kent Paschke,—,—,—,Fall 2026,N/A,2026-08-04T03:40:44.723Z
PHYS,9999,Course 9999,Xiaochao Zheng,—,—,—,Fall 2026,N/A,2026-08-04T03:40:44.723Z
PHYS,9999,Course 9999,Jongsoo Yoon,—,—,—,Fall 2026,N/A,2026-08-04T03:40:44.723Z
PHYS,9999,Course 9999,Stefan Baessler,1.30,—,—,Fall 2026,N/A,2026-08-04T03:40:44.723Z
PHYS,9999,Course 9999,Robert Jones,—,—,—,Fall 2026,N/A,2026-08-04T03:40:44.723Z
PHYS,9999,Course 9999,Diana Vaman,—,—,—,Fall 2026,N/A,2026-08-04T03:40:44.723Z
PHYS,9999,Course 9999,Peter Arnold,1.30,—,—,Fall 2026,N/A,2026-08-04T03:40:44.723Z
PHYS,9999,Course 9999,Robert Hirosky,—,—,—,Fall 2026,N/A,2026-08-04T03:40:44.723Z
PHYS,9999,Course 9999,Israel Klich,—,—,—,Fall 2026,N/A,2026-08-04T03:40:44.723Z
PHYS,9999,Course 9999,Eugene Kolomeisky,—,—,—,Fall 2026,N/A,2026-08-04T03:40:44.723Z
PHYS,9999,Course 9999,Seung-Hun Lee,—,—,—,Fall 2026,N/A,2026-08-04T03:40:44.723Z
PHYS,9999,Course 9999,Simonetta Liuti,—,—,—,Fall 2026,N/A,2026-08-04T03:40:44.723Z
PHYS,9999,Course 9999,Nilanga Liyanage,—,—,—,Fall 2026,N/A,2026-08-04T03:40:44.723Z
PHYS,9999,Course 9999,Olivier Pfister,—,—,—,Fall 2026,N/A,2026-08-04T03:40:44.723Z
PHYS,9999,Course 9999,Bellave Shivaram,—,—,—,Fall 2026,N/A,2026-08-04T03:40:44.723Z
PHYS,9999,Course 9999,Robert Group,—,—,—,Fall 2026,N/A,2026-08-04T03:40:44.723Z
PHYS,9999,Course 9999,Patrick Hopkins,—,—,—,Fall 2026,N/A,2026-08-04T03:40:44.723Z
PHYS,9999,Course 9999,E Dukes,—,—,—,Fall 2026,N/A,2026-08-04T03:40:44.723Z
PHYS,9999,Course 9999,Utpal Chatterjee,—,—,—,Fall 2026,N/A,2026-08-04T03:40:44.723Z
PHYS,9999,Course 9999,Krishni Wijesooriya,—,—,—,Fall 2026,N/A,2026-08-04T03:40:44.723Z
PHYS,9999,Course 9999,Chi Teo,—,—,—,Fall 2026,N/A,2026-08-04T03:40:44.723Z
PHYS,9999,Course 9999,Gia-Wei Chern,—,—,—,Fall 2026,N/A,2026-08-04T03:40:44.723Z
PHYS,9999,Course 9999,Marija Vucelja,—,—,—,Fall 2026,N/A,2026-08-04T03:40:44.723Z
PHYS,9999,Course 9999,Mona Zebarjadi,—,—,—,Fall 2026,N/A,2026-08-04T03:40:44.723Z
PHYS,9999,Course 9999,Keivan Esfarjani,—,—,—,Fall 2026,N/A,2026-08-04T03:40:44.723Z
PHYS,9999,Course 9999,Kento Yagi,—,—,—,Fall 2026,N/A,2026-08-04T03:40:44.723Z
PHYS,9999,Course 9999,Xu Yi,—,—,—,Fall 2026,N/A,2026-08-04T03:40:44.723Z
PHYS,9999,Course 9999,Dmytro Pesin,—,—,—,Fall 2026,N/A,2026-08-04T03:40:44.723Z
PHYS,9999,Course 9999,Cass Sackett,—,—,—,Fall 2026,N/A,2026-08-04T03:40:44.723Z
PHYS,9999,Course 9999,Chris Neu,—,—,—,Fall 2026,N/A,2026-08-04T03:40:44.723Z
PHYS,9999,Course 9999,Despina Louca,—,—,—,Fall 2026,N/A,2026-08-04T03:40:44.723Z
PHYS,9999,Course 9999,David Nichols,—,—,—,Fall 2026,N/A,2026-08-04T03:40:44.723Z
PHYS,9999,Course 9999,D Keller,—,—,—,Fall 2026,N/A,2026-08-04T03:40:44.723Z
PHYS,9999,Course 9999,G Miller,—,—,—,Fall 2026,N/A,2026-08-04T03:40:44.723Z
PHYS,9999,Course 9999,Julian Heeck,—,—,—,Fall 2026,N/A,2026-08-04T03:40:44.723Z
PHYS,9999,Course 9999,Cristina Suarez,—,—,—,Fall 2026,N/A,2026-08-04T03:40:44.723Z
PHYS,9999,Course 9999,Tomoya Asaba,—,—,—,Fall 2026,N/A,2026-08-04T03:40:44.723Z
PHYS,9999,Course 9999,Ian Stevenson,—,—,—,Fall 2026,N/A,2026-08-04T03:40:44.723Z
PLAP,2250,Course 2250,Daniel Blinderman,3.22,—,—,Fall 2026,tuth 11:00am - 12:15pm,2026-08-04T03:40:55.962Z
PLAP,2250,Course 2250,Samuel Rosenblum,3.74,—,—,Fall 2026,tuth 12:30pm - 1:45pm,2026-08-04T03:40:55.962Z
PLAP,3140,Course 3140,Paul Freedman,3.31,4.2,2.8,Fall 2026,mowe 10:00am - 10:50am,2026-08-04T03:40:58.916Z
PLAP,3140,Course 3140,To Announced,—,—,—,Fall 2026,N/A,2026-08-04T03:40:58.916Z
PLAP,3370,Course 3370,Kenneth Stroupe,3.88,4.5,2.1,Fall 2026,N/A,2026-08-04T03:41:01.841Z
PLAP,3370,Course 3370,Larry Sabato,3.79,4.8,1.6,Fall 2026,N/A,2026-08-04T03:41:01.841Z
PLAP,3500,Course 3500,Carah Whaley,—,—,—,Fall 2026,we 4:30pm - 7:00pm,2026-08-04T03:41:07.691Z
PLAP,3810,Course 3810,Holly Vradenburgh,3.62,4.9,3.7,Fall 2026,tu 4:30pm - 7:00pm,2026-08-04T03:41:10.627Z
PLAP,4180,Course 4180,Paul Freedman,3.67,4.7,1.0,Fall 2026,N/A,2026-08-04T03:41:13.559Z
PLAP,4360,Course 4360,Kenneth Stroupe,3.89,4.9,2.0,Fall 2026,N/A,2026-08-04T03:41:16.498Z
PLAP,4360,Course 4360,Larry Sabato,3.62,4.6,3.3,Fall 2026,N/A,2026-08-04T03:41:16.498Z
PLAP,4500,Course 4500,Charles Kromkowski,3.59,2.7,3.0,Fall 2026,N/A,2026-08-04T03:41:19.435Z
PLAP,4500,Course 4500,Paul Begala,3.87,—,—,Fall 2026,N/A,2026-08-04T03:41:19.435Z
PLAP,4920,Course 4920,Albert Rivero,3.70,—,—,Fall 2026,tuth 11:00am - 12:15pm,2026-08-04T03:41:22.369Z
PLAP,4990,Course 4990,Jennifer Lawless,—,—,—,Fall 2026,N/A,2026-08-04T03:41:25.303Z
PLAP,7000,Course 7000,Albert Rivero,3.84,—,—,Fall 2026,we 2:00pm - 4:30pm,2026-08-04T03:41:31.229Z
PLAP,7500,Course 7500,Nicholas Winter,3.81,—,—,Fall 2026,N/A,2026-08-04T03:41:34.162Z
PLAP,8998,Course 8998,Justin Kirkland,—,—,—,Fall 2026,N/A,2026-08-04T03:41:37.091Z
PLAP,8999,Course 8999,Justin Kirkland,—,—,—,Fall 2026,N/A,2026-08-04T03:41:40.023Z
PLAP,9998,Course 9998,Justin Kirkland,—,—,—,Fall 2026,N/A,2026-08-04T03:41:42.954Z
PLAP,9999,Course 9999,Justin Kirkland,—,—,—,Fall 2026,N/A,2026-08-04T03:41:45.893Z
PST,4850,Course 4850,Angel Parham,—,—,—,Fall 2026,N/A,2026-08-04T03:41:56.098Z
PST,4980,Course 4980,Angel Parham,—,—,—,Fall 2026,N/A,2026-08-04T03:41:59.066Z
PST,4993,Course 4993,George Mentore,—,—,—,Fall 2026,N/A,2026-08-04T03:42:02.048Z
PST,4993,Course 4993,Stephen Cushman,—,—,—,Fall 2026,N/A,2026-08-04T03:42:02.048Z
PST,4993,Course 4993,Angel Parham,—,—,—,Fall 2026,N/A,2026-08-04T03:42:02.048Z
PST,4998,Course 4998,Angel Parham,—,—,—,Fall 2026,N/A,2026-08-04T03:42:04.968Z
PLCP,1010,Course 1010,David Waldner,3.38,3.6,3.5,Fall 2026,mowe 11:00am - 11:50am,2026-08-04T03:42:15.697Z
PLCP,1010,Course 1010,To Announced,—,—,—,Fall 2026,N/A,2026-08-04T03:42:15.697Z
PLCP,3500,Course 3500,To Announced,—,—,—,Fall 2026,N/A,2026-08-04T03:42:18.634Z
PLCP,3500,Course 3500,Sophia Solomon,3.79,—,—,Fall 2026,mowe 3:00pm - 3:50pm,2026-08-04T03:42:18.634Z
PLCP,4500,Course 4500,Gerard Alexander,3.56,—,—,Fall 2026,N/A,2026-08-04T03:42:21.556Z
PLCP,8500,Course 8500,Daniel Gingerich,—,—,—,Fall 2026,N/A,2026-08-04T03:42:27.409Z
PLCP,8998,Course 8998,Justin Kirkland,—,—,—,Fall 2026,N/A,2026-08-04T03:42:30.328Z
PLCP,8999,Course 8999,Justin Kirkland,—,—,—,Fall 2026,N/A,2026-08-04T03:42:33.237Z
PLCP,9998,Course 9998,Justin Kirkland,—,—,—,Fall 2026,N/A,2026-08-04T03:42:36.151Z
PLCP,9999,Course 9999,Justin Kirkland,—,—,—,Fall 2026,N/A,2026-08-04T03:42:39.065Z
PLIR,1010,Course 1010,Peter Furia,3.58,3.2,2.2,Fall 2026,mowe 12:00pm - 12:50pm,2026-08-04T03:42:50.790Z
PLIR,1010,Course 1010,To Announced,—,—,—,Fall 2026,N/A,2026-08-04T03:42:50.790Z
PLIR,2050,Course 2050,Sonal Pandya,3.30,2.7,2.3,Fall 2026,mowe 1:00pm - 1:50pm,2026-08-04T03:42:53.699Z
PLIR,2050,Course 2050,To Announced,—,—,—,Fall 2026,N/A,2026-08-04T03:42:53.699Z
PLIR,2050,Course 2050,Angela Ro,—,—,—,Fall 2026,N/A,2026-08-04T03:42:53.699Z
PLIR,2050,Course 2050,Claire Oto,—,—,—,Fall 2026,N/A,2026-08-04T03:42:53.699Z
PLIR,3060,Course 3060,Dale Copeland,3.28,4.0,3.8,Fall 2026,mowe 1:00pm - 1:50pm,2026-08-04T03:42:56.622Z
PLIR,3060,Course 3060,To Announced,—,—,—,Fall 2026,N/A,2026-08-04T03:42:56.622Z
PLIR,3400,Course 3400,John Owen,3.17,3.7,3.3,Fall 2026,mowe 11:00am - 11:50am,2026-08-04T03:42:59.618Z
PLIR,3400,Course 3400,To Announced,—,—,—,Fall 2026,N/A,2026-08-04T03:42:59.618Z
PLIR,4320,Course 4320,Peter Furia,3.61,—,—,Fall 2026,N/A,2026-08-04T03:43:02.540Z
PLIR,4410,Course 4410,Sonal Pandya,3.24,3.7,2.0,Fall 2026,N/A,2026-08-04T03:43:05.455Z
PLIR,4450,Course 4450,John Owen,3.54,—,—,Fall 2026,N/A,2026-08-04T03:43:08.376Z
PLIR,4500,Course 4500,Dale Copeland,—,—,—,Fall 2026,N/A,2026-08-04T03:43:11.299Z
PLIR,4500,Course 4500,Gerard Alexander,—,—,—,Fall 2026,N/A,2026-08-04T03:43:11.299Z
PLIR,4500,Course 4500,Joseph Ruggiero,—,—,—,Fall 2026,N/A,2026-08-04T03:43:11.299Z
PLIR,7010,Course 7010,Sonal Pandya,3.77,—,—,Fall 2026,N/A,2026-08-04T03:43:14.218Z
PLIR,8998,Course 8998,Justin Kirkland,—,—,—,Fall 2026,N/A,2026-08-04T03:43:17.140Z
PLIR,8999,Course 8999,Justin Kirkland,—,—,—,Fall 2026,N/A,2026-08-04T03:43:20.053Z
PLIR,9998,Course 9998,Justin Kirkland,—,—,—,Fall 2026,N/A,2026-08-04T03:43:22.970Z
PLIR,9999,Course 9999,Justin Kirkland,—,—,—,Fall 2026,N/A,2026-08-04T03:43:25.889Z
PLPT,1010,Course 1010,To Announced,—,—,—,Fall 2026,N/A,2026-08-04T03:43:37.143Z
PLPT,1010,Course 1010,Tom Donahue-Ochoa,—,—,—,Fall 2026,mowe 8:00am - 8:50am,2026-08-04T03:43:37.143Z
PLPT,3010,Course 3010,Colin Bird,3.34,2.9,4.0,Fall 2026,mowe 9:00am - 9:50am,2026-08-04T03:43:40.074Z
PLPT,3010,Course 3010,To Announced,—,—,—,Fall 2026,N/A,2026-08-04T03:43:40.074Z
PLPT,3200,Course 3200,Lawrie Balfour,3.56,4.8,2.5,Fall 2026,mowe 12:00pm - 12:50pm,2026-08-04T03:43:42.998Z
PLPT,3200,Course 3200,To Announced,—,—,—,Fall 2026,N/A,2026-08-04T03:43:42.998Z
PLPT,4060,Course 4060,Lawrie Balfour,3.77,—,—,Fall 2026,N/A,2026-08-04T03:43:45.920Z
PLPT,4500,Course 4500,Jennifer Rubenstein,3.57,4.2,3.5,Fall 2026,N/A,2026-08-04T03:43:48.838Z
PLPT,4500,Course 4500,Paulina Espejo,—,—,—,Fall 2026,N/A,2026-08-04T03:43:48.838Z
PLPT,7000,Course 7000,Jennifer Rubenstein,3.84,—,—,Fall 2026,tu 4:30pm - 7:00pm,2026-08-04T03:43:54.666Z
PLPT,7000,Course 7000,Paulina Espejo,—,—,—,Fall 2026,tu 4:30pm - 7:00pm,2026-08-04T03:43:54.666Z
PLPT,8500,Course 8500,Colin Bird,—,—,—,Fall 2026,N/A,2026-08-04T03:43:57.578Z
PLPT,8998,Course 8998,Justin Kirkland,—,—,—,Fall 2026,N/A,2026-08-04T03:44:00.487Z
PLPT,8999,Course 8999,Justin Kirkland,—,—,—,Fall 2026,N/A,2026-08-04T03:44:03.402Z
PLPT,9998,Course 9998,Justin Kirkland,—,—,—,Fall 2026,N/A,2026-08-04T03:44:06.304Z
PLPT,9999,Course 9999,Justin Kirkland,—,—,—,Fall 2026,N/A,2026-08-04T03:44:09.218Z
PHS,3050,Course 3050,Paige Hornsby,3.69,4.1,2.6,Fall 2026,tuth 12:30pm - 1:45pm,2026-08-04T03:44:25.658Z
PHS,3102,Course 3102,Rajesh Balkrishnan,3.95,4.1,2.7,Fall 2026,th 6:00pm - 8:30pm,2026-08-04T03:44:28.573Z
PHS,3104,Course 3104,Jean Eby,3.95,—,—,Fall 2026,mowe 2:00pm - 3:15pm,2026-08-04T03:44:31.481Z
PHS,3130,Course 3130,Aaron Pannone,3.95,4.3,1.4,Fall 2026,tuth 9:30am - 10:45am,2026-08-04T03:44:34.399Z
PHS,3620,Course 3620,Schaeffer Somers,3.90,2.3,2.2,Fall 2026,N/A,2026-08-04T03:44:37.317Z
PHS,3825,Course 3825,Chris Colvin,3.98,1.7,1.5,Fall 2026,tu 2:00pm - 4:30pm,2026-08-04T03:44:40.238Z
PHS,4050,Course 4050,Kathryn Quissell,3.95,4.3,2.4,Fall 2026,tuth 11:00am - 12:15pm,2026-08-04T03:44:43.161Z
PHS,4186,Course 4186,Kathryn Quissell,3.99,—,—,Fall 2026,mowefr 2:00pm - 2:50pm,2026-08-04T03:44:46.078Z
PHS,5015,Course 5015,Kelsie Kelly,3.42,1.0,5.0,Fall 2026,we 2:00pm - 4:20pm,2026-08-04T03:44:49.000Z
PHS,5620,Course 5620,Schaeffer Somers,3.90,—,—,Fall 2026,tuth 8:00am - 9:15am,2026-08-04T03:44:51.910Z
PHS,5960,Course 5960,Rupa Valdez,4.00,—,—,Fall 2026,N/A,2026-08-04T03:44:56.926Z
PHS,5960,Course 5960,Kathryn Quissell,—,—,—,Fall 2026,N/A,2026-08-04T03:44:56.926Z
PHS,7000,Course 7000,Soutik Ghosal,3.85,—,—,Fall 2026,we 4:30pm - 7:00pm,2026-08-04T03:44:59.834Z
PHS,7010,Course 7010,Jean Eby,3.69,—,—,Fall 2026,mowe 10:30am - 11:45am,2026-08-04T03:45:02.746Z
PHS,7010,Course 7010,Kara Wiseman,—,—,—,Fall 2026,mo 3:00pm - 5:30pm,2026-08-04T03:45:02.746Z
PHS,7051,Course 7051,Heather Zelle,3.90,—,—,Fall 2026,fr 10:00am - 12:30pm,2026-08-04T03:45:05.676Z
PHS,7051,Course 7051,Rajesh Balkrishnan,3.92,—,—,Fall 2026,tu 3:30pm - 6:00pm,2026-08-04T03:45:05.676Z
PHS,7060,Course 7060,Aaron Pannone,3.97,—,—,Fall 2026,th 2:00pm - 4:30pm,2026-08-04T03:45:08.581Z
PHS,7090,Course 7090,Tanya Wanchek,3.92,—,—,Fall 2026,tuth 2:00pm - 3:15pm,2026-08-04T03:45:11.501Z
PHS,7100,Course 7100,Tanya Wanchek,3.97,—,—,Fall 2026,tuth 1:00pm - 1:50pm,2026-08-04T03:45:14.417Z
PHS,7170,Course 7170,Genevieve Lyons,3.93,—,—,Fall 2026,we 1:00pm - 1:50pm,2026-08-04T03:45:17.342Z
PHS,7180,Course 7180,Ruth Bernheim,3.99,—,—,Fall 2026,we 9:30am - 10:20am,2026-08-04T03:45:20.257Z
PHS,7200,Course 7200,M Oliver,3.84,—,—,Fall 2026,mo 4:00pm - 6:30pm,2026-08-04T03:45:23.172Z
PHS,7385,Course 7385,Kristen Wells,3.95,—,—,Fall 2026,N/A,2026-08-04T03:45:26.095Z
PHS,7450,Course 7450,Jason Lyman,3.83,—,—,Fall 2026,we 8:30am - 10:50am,2026-08-04T03:45:29.017Z
PHS,7470,Course 7470,M Oliver,3.98,—,—,Fall 2026,mo 1:30pm - 3:50pm,2026-08-04T03:45:31.937Z
PHS,8880,Course 8880,Kristen Wells,4.00,—,—,Fall 2026,N/A,2026-08-04T03:45:37.767Z
PHS,8880,Course 8880,Tanya Wanchek,3.85,—,—,Fall 2026,N/A,2026-08-04T03:45:37.767Z
PHS,8880,Course 8880,Aaron Pannone,4.00,—,—,Fall 2026,N/A,2026-08-04T03:45:37.767Z
PHS,8880,Course 8880,Jean Eby,—,—,—,Fall 2026,N/A,2026-08-04T03:45:37.767Z
PHS,8880,Course 8880,Wendy Novicoff,4.00,—,—,Fall 2026,N/A,2026-08-04T03:45:37.767Z
PHS,8880,Course 8880,Schaeffer Somers,—,—,—,Fall 2026,N/A,2026-08-04T03:45:37.767Z
PHS,8880,Course 8880,Heather Zelle,4.00,—,—,Fall 2026,N/A,2026-08-04T03:45:37.767Z
PHS,8880,Course 8880,Rajesh Balkrishnan,4.00,—,—,Fall 2026,N/A,2026-08-04T03:45:37.767Z
PHS,8880,Course 8880,Chris Colvin,—,—,—,Fall 2026,N/A,2026-08-04T03:45:37.767Z
PHS,8881,Course 8881,Kristen Wells,4.00,—,—,Fall 2026,N/A,2026-08-04T03:45:40.700Z
PHS,8881,Course 8881,Tanya Wanchek,3.81,—,—,Fall 2026,N/A,2026-08-04T03:45:40.700Z
PHS,8881,Course 8881,Aaron Pannone,4.00,—,—,Fall 2026,N/A,2026-08-04T03:45:40.700Z
PHS,8881,Course 8881,Jean Eby,4.00,—,—,Fall 2026,N/A,2026-08-04T03:45:40.700Z
PHS,8881,Course 8881,Wendy Cohn,—,—,—,Fall 2026,N/A,2026-08-04T03:45:40.700Z
PHS,8881,Course 8881,Wendy Novicoff,3.93,—,—,Fall 2026,N/A,2026-08-04T03:45:40.700Z
PHS,8881,Course 8881,Schaeffer Somers,—,—,—,Fall 2026,N/A,2026-08-04T03:45:40.700Z
PHS,8881,Course 8881,Rupa Valdez,—,—,—,Fall 2026,N/A,2026-08-04T03:45:40.700Z
PHS,8881,Course 8881,Heather Zelle,3.88,—,—,Fall 2026,N/A,2026-08-04T03:45:40.700Z
PHS,8881,Course 8881,Rajesh Balkrishnan,—,—,—,Fall 2026,N/A,2026-08-04T03:45:40.700Z
PHS,8881,Course 8881,Kelsie Kelly,—,—,—,Fall 2026,N/A,2026-08-04T03:45:40.700Z
PHS,8881,Course 8881,Chris Colvin,—,—,—,Fall 2026,N/A,2026-08-04T03:45:40.700Z
PHS,8900,Course 8900,Antionette McFarlane,—,—,—,Fall 2026,N/A,2026-08-04T03:45:43.608Z
PHS,8901,Course 8901,Antionette McFarlane,—,—,—,Fall 2026,N/A,2026-08-04T03:45:46.511Z
PHS,8902,Course 8902,Antionette McFarlane,—,—,—,Fall 2026,N/A,2026-08-04T03:45:49.436Z
PHS,8930,Course 8930,Kristen Wells,4.00,—,—,Fall 2026,N/A,2026-08-04T03:45:52.346Z
PHS,8930,Course 8930,Aaron Pannone,4.00,—,—,Fall 2026,N/A,2026-08-04T03:45:52.346Z
PHS,8930,Course 8930,Jean Eby,—,—,—,Fall 2026,N/A,2026-08-04T03:45:52.346Z
PHS,8931,Course 8931,Kristen Wells,4.00,—,—,Fall 2026,N/A,2026-08-04T03:45:55.282Z
PHS,8931,Course 8931,Tanya Wanchek,3.90,—,—,Fall 2026,N/A,2026-08-04T03:45:55.282Z
PHS,8931,Course 8931,Heather Zelle,3.88,—,—,Fall 2026,N/A,2026-08-04T03:45:55.282Z
PHS,8931,Course 8931,Rajesh Balkrishnan,—,—,—,Fall 2026,N/A,2026-08-04T03:45:55.282Z
PHS,8950,Course 8950,Wendy Novicoff,—,—,—,Fall 2026,N/A,2026-08-04T03:45:58.208Z
PHS,8951,Course 8951,Wendy Novicoff,—,—,—,Fall 2026,N/A,2026-08-04T03:46:01.133Z
PHS,8960,Course 8960,Ruth Bernheim,—,—,—,Fall 2026,tba,2026-08-04T03:46:04.048Z
PHS,8960,Course 8960,Aaron Pannone,—,—,—,Fall 2026,tba,2026-08-04T03:46:04.048Z
PHS,8960,Course 8960,Wendy Novicoff,—,—,—,Fall 2026,tba,2026-08-04T03:46:04.048Z
PHS,8960,Course 8960,Matthew Gurka,—,—,—,Fall 2026,tba,2026-08-04T03:46:04.048Z
PHS,8999,Course 8999,Ruth Bernheim,—,—,—,Fall 2026,N/A,2026-08-04T03:46:06.972Z
PHS,8999,Course 8999,Sarah Ratcliffe,—,—,—,Fall 2026,N/A,2026-08-04T03:46:06.972Z
PSYC,1010,Course 1010,Christopher Mazurek,3.23,3.9,2.8,Fall 2026,tuth 8:00am - 9:15am,2026-08-04T03:46:34.042Z
PSYC,1020,Course 1020,Alison Nagel,—,4.2,1.0,Fall 2026,N/A,2026-08-04T03:46:36.979Z
PSYC,2005,Course 2005,Hudson Golino,—,—,—,Fall 2026,tuth 9:30am - 10:45am,2026-08-04T03:46:39.912Z
PSYC,2005,Course 2005,Eric Shuman,3.74,2.6,2.7,Fall 2026,tuth 3:30pm - 4:45pm,2026-08-04T03:46:39.912Z
PSYC,2150,Course 2150,Daniel Willingham,3.01,3.9,3.8,Fall 2026,tuth 11:00am - 12:15pm,2026-08-04T03:46:42.840Z
PSYC,2200,Course 2200,Erin Clabough,3.39,2.6,4.2,Fall 2026,tba,2026-08-04T03:46:45.758Z
PSYC,2410,Course 2410,Elise Clerkin,3.85,5.0,1.3,Fall 2026,tuth 8:00am - 9:15am,2026-08-04T03:46:48.676Z
PSYC,2600,Course 2600,Christopher Mazurek,3.33,3.7,2.5,Fall 2026,tuth 12:30pm - 1:45pm,2026-08-04T03:46:51.598Z
PSYC,2600,Course 2600,Jennifer MacCormack,3.94,4.3,1.9,Fall 2026,mowe 2:00pm - 3:15pm,2026-08-04T03:46:51.598Z
PSYC,2700,Course 2700,Amrisha Vaish,3.63,4.0,2.1,Fall 2026,tuth 11:00am - 12:15pm,2026-08-04T03:46:54.526Z
PSYC,3006,Course 3006,Karen Schmidt,3.21,2.7,3.2,Fall 2026,tu 2:00pm - 4:30pm,2026-08-04T03:46:57.441Z
PSYC,3006,Course 3006,M. Meyer,3.83,3.8,3.3,Fall 2026,mowe 2:00pm - 3:15pm,2026-08-04T03:46:57.441Z
PSYC,3100,Course 3100,Cedric Williams,2.86,2.7,3.8,Fall 2026,tuth 8:00am - 9:15am,2026-08-04T03:47:00.357Z
PSYC,3160,Course 3160,Nicole Long,3.15,3.4,3.8,Fall 2026,tuth 3:30pm - 4:45pm,2026-08-04T03:47:03.291Z
PSYC,3200,Course 3200,Alev Erisir,3.36,2.7,4.6,Fall 2026,mowe 2:00pm - 3:15pm,2026-08-04T03:47:06.203Z
PSYC,3235,Course 3235,Meghan Puglia,—,—,—,Fall 2026,N/A,2026-08-04T03:47:09.117Z
PSYC,3310,Course 3310,M. Meyer,3.82,3.3,1.2,Fall 2026,mo 4:30pm - 5:45pm,2026-08-04T03:47:12.032Z
PSYC,3439,Course 3439,Jazmin Brown-Iannuzzi,3.99,4.7,3.0,Fall 2026,we 2:00pm - 4:30pm; th 2:00pm - 4:30pm,2026-08-04T03:47:14.959Z
PSYC,3440,Course 3440,Stefanie Sequeira,3.81,4.7,1.0,Fall 2026,tuth 11:00am - 12:15pm,2026-08-04T03:47:17.889Z
PSYC,3500,Course 3500,Angeline Lillard,3.52,—,—,Fall 2026,N/A,2026-08-04T03:47:20.815Z
PSYC,3560,Course 3560,Erin Clabough,—,—,—,Fall 2026,N/A,2026-08-04T03:47:23.739Z
PSYC,3590,Course 3590,Barry Condron,—,—,—,Fall 2026,N/A,2026-08-04T03:47:26.675Z
PSYC,3590,Course 3590,Steven Boker,—,—,—,Fall 2026,N/A,2026-08-04T03:47:26.675Z
PSYC,3590,Course 3590,James Coan,1.30,—,—,Fall 2026,N/A,2026-08-04T03:47:26.675Z
PSYC,3590,Course 3590,Chad Dodson,1.30,—,—,Fall 2026,N/A,2026-08-04T03:47:26.675Z
PSYC,3590,Course 3590,Alev Erisir,—,—,—,Fall 2026,N/A,2026-08-04T03:47:26.675Z
PSYC,3590,Course 3590,Vikram Jaswal,—,—,—,Fall 2026,N/A,2026-08-04T03:47:26.675Z
PSYC,3590,Course 3590,Angeline Lillard,1.30,—,—,Fall 2026,N/A,2026-08-04T03:47:26.675Z
PSYC,3590,Course 3590,James Morris,1.30,—,—,Fall 2026,N/A,2026-08-04T03:47:26.675Z
PSYC,3590,Course 3590,Cedric Williams,—,—,—,Fall 2026,N/A,2026-08-04T03:47:26.675Z
PSYC,3590,Course 3590,Beverly Adams,4.00,—,—,Fall 2026,N/A,2026-08-04T03:47:26.675Z
PSYC,3590,Course 3590,Filip Loncke,4.00,—,—,Fall 2026,N/A,2026-08-04T03:47:26.675Z
PSYC,3590,Course 3590,Jessica Connelly,—,—,—,Fall 2026,N/A,2026-08-04T03:47:26.675Z
PSYC,3590,Course 3590,Karen Schmidt,—,—,—,Fall 2026,N/A,2026-08-04T03:47:26.675Z
PSYC,3590,Course 3590,Sophie Trawalter,1.30,—,—,Fall 2026,N/A,2026-08-04T03:47:26.675Z
PSYC,3590,Course 3590,Brian Nosek,1.30,—,—,Fall 2026,N/A,2026-08-04T03:47:26.675Z
PSYC,3590,Course 3590,Joseph Allen,—,—,—,Fall 2026,N/A,2026-08-04T03:47:26.675Z
PSYC,3590,Course 3590,Bethany Teachman,—,—,—,Fall 2026,N/A,2026-08-04T03:47:26.675Z
PSYC,3590,Course 3590,Eric Turkheimer,—,—,—,Fall 2026,N/A,2026-08-04T03:47:26.675Z
PSYC,3590,Course 3590,Benjamin Converse,—,—,—,Fall 2026,N/A,2026-08-04T03:47:26.675Z
PSYC,3590,Course 3590,Eileen Chou,—,—,—,Fall 2026,N/A,2026-08-04T03:47:26.675Z
PSYC,3590,Course 3590,Noelle Hurd,1.30,—,—,Fall 2026,N/A,2026-08-04T03:47:26.675Z
PSYC,3590,Course 3590,Tobias Grossmann,—,—,—,Fall 2026,N/A,2026-08-04T03:47:26.675Z
PSYC,3590,Course 3590,Amrisha Vaish,—,—,—,Fall 2026,N/A,2026-08-04T03:47:26.675Z
PSYC,3590,Course 3590,Xin Tong,—,—,—,Fall 2026,N/A,2026-08-04T03:47:26.675Z
PSYC,3590,Course 3590,Jamie Jirout,—,—,—,Fall 2026,N/A,2026-08-04T03:47:26.675Z
PSYC,3590,Course 3590,Lanice Avery,—,—,—,Fall 2026,N/A,2026-08-04T03:47:26.675Z
PSYC,3590,Course 3590,Xiaorong Liu,—,—,—,Fall 2026,N/A,2026-08-04T03:47:26.675Z
PSYC,3590,Course 3590,Christopher Mazurek,—,—,—,Fall 2026,N/A,2026-08-04T03:47:26.675Z
PSYC,3590,Course 3590,Per Sederberg,—,—,—,Fall 2026,N/A,2026-08-04T03:47:26.675Z
PSYC,3590,Course 3590,Hudson Golino,—,—,—,Fall 2026,N/A,2026-08-04T03:47:26.675Z
PSYC,3590,Course 3590,Nicole Long,—,—,—,Fall 2026,N/A,2026-08-04T03:47:26.675Z
PSYC,3590,Course 3590,Gabrielle Adams,—,—,—,Fall 2026,N/A,2026-08-04T03:47:26.675Z
PSYC,3590,Course 3590,Tanya Evans,—,—,—,Fall 2026,N/A,2026-08-04T03:47:26.675Z
PSYC,3590,Course 3590,Daniel Meliza,—,—,—,Fall 2026,N/A,2026-08-04T03:47:26.675Z
PSYC,3590,Course 3590,M. Meyer,—,—,—,Fall 2026,N/A,2026-08-04T03:47:26.675Z
PSYC,3590,Course 3590,Adrienne Wood,—,—,—,Fall 2026,N/A,2026-08-04T03:47:26.675Z
PSYC,3590,Course 3590,Jazmin Brown-Iannuzzi,—,—,—,Fall 2026,N/A,2026-08-04T03:47:26.675Z
PSYC,3590,Course 3590,Adema Ribic,—,—,—,Fall 2026,N/A,2026-08-04T03:47:26.675Z
PSYC,3590,Course 3590,Meghan Puglia,—,—,—,Fall 2026,N/A,2026-08-04T03:47:26.675Z
PSYC,3590,Course 3590,Gerald Higginbotham,—,—,—,Fall 2026,N/A,2026-08-04T03:47:26.675Z
PSYC,3590,Course 3590,Kevin Pelphrey,—,—,—,Fall 2026,N/A,2026-08-04T03:47:26.675Z
PSYC,3590,Course 3590,Zhihao Zhang,—,—,—,Fall 2026,N/A,2026-08-04T03:47:26.675Z
PSYC,3590,Course 3590,Paul Perrin,—,—,—,Fall 2026,N/A,2026-08-04T03:47:26.675Z
PSYC,3590,Course 3590,Channing Mathews,—,—,—,Fall 2026,N/A,2026-08-04T03:47:26.675Z
PSYC,3590,Course 3590,Jennifer MacCormack,—,—,—,Fall 2026,N/A,2026-08-04T03:47:26.675Z
PSYC,3590,Course 3590,Abigail Scholer,—,—,—,Fall 2026,N/A,2026-08-04T03:47:26.675Z
PSYC,3590,Course 3590,Stefanie Sequeira,—,—,—,Fall 2026,N/A,2026-08-04T03:47:26.675Z
PSYC,3590,Course 3590,Eric Shuman,—,—,—,Fall 2026,N/A,2026-08-04T03:47:26.675Z
PSYC,3990,Course 3990,Alison Nagel,3.94,4.2,1.0,Fall 2026,N/A,2026-08-04T03:47:29.594Z
PSYC,3991,Course 3991,Alison Nagel,—,5.0,1.5,Fall 2026,N/A,2026-08-04T03:47:32.523Z
PSYC,4100,Course 4100,Cedric Williams,3.43,4.3,3.3,Fall 2026,N/A,2026-08-04T03:47:35.439Z
PSYC,4310,Course 4310,Mariana Golino,3.72,3.7,2.0,Fall 2026,N/A,2026-08-04T03:47:38.364Z
PSYC,4420,Course 4420,John Horn,—,4.3,4.0,Fall 2026,N/A,2026-08-04T03:47:41.283Z
PSYC,4500,Course 4500,Patricia Llewellyn,3.96,—,—,Fall 2026,N/A,2026-08-04T03:47:44.201Z
PSYC,4500,Course 4500,Tobias Grossmann,3.95,4.7,1.0,Fall 2026,N/A,2026-08-04T03:47:44.201Z
PSYC,4500,Course 4500,Hudson Golino,3.94,—,—,Fall 2026,N/A,2026-08-04T03:47:44.201Z
PSYC,4500,Course 4500,Mariana Golino,3.95,4.7,1.0,Fall 2026,N/A,2026-08-04T03:47:44.201Z
PSYC,4500,Course 4500,To Announced,—,—,—,Fall 2026,N/A,2026-08-04T03:47:44.201Z
PSYC,4640,Course 4640,Adrienne Wood,3.82,—,—,Fall 2026,N/A,2026-08-04T03:47:47.127Z
PSYC,4970,Course 4970,Chad Dodson,4.00,—,—,Fall 2026,N/A,2026-08-04T03:47:50.136Z
PSYC,7120,Course 7120,Daniel Willingham,3.76,—,—,Fall 2026,N/A,2026-08-04T03:47:53.061Z
PSYC,7401,Course 7401,Chad Dodson,—,—,—,Fall 2026,tu 12:30pm - 1:45pm,2026-08-04T03:47:58.911Z
PSYC,7402,Course 7402,Jianhua Cang,—,—,—,Fall 2026,we 12:30pm - 1:45pm,2026-08-04T03:48:01.801Z
PSYC,7403,Course 7403,Noelle Hurd,—,—,—,Fall 2026,we 12:30pm - 1:45pm,2026-08-04T03:48:04.715Z
PSYC,7405,Course 7405,Amrisha Vaish,—,—,—,Fall 2026,tu 12:30pm - 1:45pm,2026-08-04T03:48:09.716Z
PSYC,7406,Course 7406,Eric Shuman,—,—,—,Fall 2026,we 12:30pm - 1:45pm,2026-08-04T03:48:12.643Z
PSYC,7407,Course 7407,Steven Boker,—,—,—,Fall 2026,th 12:30pm - 1:45pm,2026-08-04T03:48:15.566Z
PSYC,7420,Course 7420,Bethany Teachman,3.95,—,—,Fall 2026,tuth 9:30am - 10:45am,2026-08-04T03:48:18.484Z
PSYC,7420,Course 7420,To Announced,—,—,—,Fall 2026,N/A,2026-08-04T03:48:18.484Z
PSYC,7430,Course 7430,Aaron Reuben,4.00,—,—,Fall 2026,mo 2:00pm - 4:30pm,2026-08-04T03:48:21.401Z
PSYC,7470,Course 7470,Elise Clerkin,—,—,—,Fall 2026,tu 9:30am - 12:00pm,2026-08-04T03:48:24.331Z
PSYC,7480,Course 7480,Noelle Hurd,—,—,—,Fall 2026,N/A,2026-08-04T03:48:27.256Z
PSYC,7559,Course 7559,Adrienne Wood,—,—,—,Fall 2026,mo 2:00pm - 2:50pm,2026-08-04T03:48:30.174Z
PSYC,7559,Course 7559,Lauren DiNicola,—,—,—,Fall 2026,mo 2:00pm - 4:30pm,2026-08-04T03:48:30.174Z
PSYC,7651,Course 7651,Karen Schmidt,4.00,—,—,Fall 2026,N/A,2026-08-04T03:48:33.091Z
PSYC,7710,Course 7710,Teague Henry,—,—,—,Fall 2026,tuth 2:00pm - 3:15pm,2026-08-04T03:48:36.005Z
PSYC,7725,Course 7725,Bethany Teachman,4.00,—,—,Fall 2026,N/A,2026-08-04T03:48:38.919Z
PSYC,7730,Course 7730,Bethany Teachman,4.00,—,—,Fall 2026,N/A,2026-08-04T03:48:41.835Z
PSYC,7745,Course 7745,Bethany Teachman,—,—,—,Fall 2026,N/A,2026-08-04T03:48:44.754Z
PSYC,8650,Course 8650,Amrisha Vaish,3.91,—,—,Fall 2026,we 2:00pm - 4:30pm,2026-08-04T03:48:47.669Z
PSYC,8730,Course 8730,Steven Boker,4.00,—,—,Fall 2026,N/A,2026-08-04T03:48:50.588Z
PSYC,8998,Course 8998,Steven Boker,—,—,—,Fall 2026,N/A,2026-08-04T03:48:53.512Z
PSYC,8998,Course 8998,James Coan,—,—,—,Fall 2026,N/A,2026-08-04T03:48:53.512Z
PSYC,8998,Course 8998,Chad Dodson,—,—,—,Fall 2026,N/A,2026-08-04T03:48:53.512Z
PSYC,8998,Course 8998,Alev Erisir,—,—,—,Fall 2026,N/A,2026-08-04T03:48:53.512Z
PSYC,8998,Course 8998,Vikram Jaswal,—,—,—,Fall 2026,N/A,2026-08-04T03:48:53.512Z
PSYC,8998,Course 8998,Angeline Lillard,—,—,—,Fall 2026,N/A,2026-08-04T03:48:53.512Z
PSYC,8998,Course 8998,James Morris,—,—,—,Fall 2026,N/A,2026-08-04T03:48:53.512Z
PSYC,8998,Course 8998,Cedric Williams,—,—,—,Fall 2026,N/A,2026-08-04T03:48:53.512Z
PSYC,8998,Course 8998,Daniel Willingham,—,—,—,Fall 2026,N/A,2026-08-04T03:48:53.512Z
PSYC,8998,Course 8998,Jessica Connelly,—,—,—,Fall 2026,N/A,2026-08-04T03:48:53.512Z
PSYC,8998,Course 8998,Karen Schmidt,—,—,—,Fall 2026,N/A,2026-08-04T03:48:53.512Z
PSYC,8998,Course 8998,Sophie Trawalter,—,—,—,Fall 2026,N/A,2026-08-04T03:48:53.512Z
PSYC,8998,Course 8998,Brian Nosek,—,—,—,Fall 2026,N/A,2026-08-04T03:48:53.512Z
PSYC,8998,Course 8998,Joseph Allen,—,—,—,Fall 2026,N/A,2026-08-04T03:48:53.512Z
PSYC,8998,Course 8998,Patricia Llewellyn,—,—,—,Fall 2026,N/A,2026-08-04T03:48:53.512Z
PSYC,8998,Course 8998,Bethany Teachman,—,—,—,Fall 2026,N/A,2026-08-04T03:48:53.512Z
PSYC,8998,Course 8998,Eric Turkheimer,—,—,—,Fall 2026,N/A,2026-08-04T03:48:53.512Z
PSYC,8998,Course 8998,Benjamin Converse,—,—,—,Fall 2026,N/A,2026-08-04T03:48:53.512Z
PSYC,8998,Course 8998,Noelle Hurd,—,—,—,Fall 2026,N/A,2026-08-04T03:48:53.512Z
PSYC,8998,Course 8998,Tobias Grossmann,—,—,—,Fall 2026,N/A,2026-08-04T03:48:53.512Z
PSYC,8998,Course 8998,Amrisha Vaish,—,—,—,Fall 2026,N/A,2026-08-04T03:48:53.512Z
PSYC,8998,Course 8998,Xin Tong,—,—,—,Fall 2026,N/A,2026-08-04T03:48:53.512Z
PSYC,8998,Course 8998,Lanice Avery,—,—,—,Fall 2026,N/A,2026-08-04T03:48:53.512Z
PSYC,8998,Course 8998,Jianhua Cang,—,—,—,Fall 2026,N/A,2026-08-04T03:48:53.512Z
PSYC,8998,Course 8998,Xiaorong Liu,—,—,—,Fall 2026,N/A,2026-08-04T03:48:53.512Z
PSYC,8998,Course 8998,Per Sederberg,—,—,—,Fall 2026,N/A,2026-08-04T03:48:53.512Z
PSYC,8998,Course 8998,Hudson Golino,—,—,—,Fall 2026,N/A,2026-08-04T03:48:53.512Z
PSYC,8998,Course 8998,Daniel Meliza,—,—,—,Fall 2026,N/A,2026-08-04T03:48:53.512Z
PSYC,8998,Course 8998,John Horn,—,—,—,Fall 2026,N/A,2026-08-04T03:48:53.512Z
PSYC,8998,Course 8998,Kevin Pelphrey,—,—,—,Fall 2026,N/A,2026-08-04T03:48:53.512Z
PSYC,8998,Course 8998,Channing Mathews,—,—,—,Fall 2026,N/A,2026-08-04T03:48:53.512Z
PSYC,9501,Course 9501,James Coan,—,—,—,Fall 2026,N/A,2026-08-04T03:48:56.435Z
PSYC,9501,Course 9501,Chad Dodson,—,—,—,Fall 2026,N/A,2026-08-04T03:48:56.435Z
PSYC,9501,Course 9501,Alev Erisir,—,—,—,Fall 2026,N/A,2026-08-04T03:48:56.435Z
PSYC,9501,Course 9501,Vikram Jaswal,—,—,—,Fall 2026,N/A,2026-08-04T03:48:56.435Z
PSYC,9501,Course 9501,Angeline Lillard,—,—,—,Fall 2026,N/A,2026-08-04T03:48:56.435Z
PSYC,9501,Course 9501,James Morris,—,—,—,Fall 2026,N/A,2026-08-04T03:48:56.435Z
PSYC,9501,Course 9501,Daniel Willingham,—,—,—,Fall 2026,N/A,2026-08-04T03:48:56.435Z
PSYC,9501,Course 9501,Jessica Connelly,—,—,—,Fall 2026,N/A,2026-08-04T03:48:56.435Z
PSYC,9501,Course 9501,Karen Schmidt,—,—,—,Fall 2026,N/A,2026-08-04T03:48:56.435Z
PSYC,9501,Course 9501,Sophie Trawalter,—,—,—,Fall 2026,N/A,2026-08-04T03:48:56.435Z
PSYC,9501,Course 9501,Bethany Teachman,—,—,—,Fall 2026,N/A,2026-08-04T03:48:56.435Z
PSYC,9501,Course 9501,Eric Turkheimer,—,—,—,Fall 2026,N/A,2026-08-04T03:48:56.435Z
PSYC,9501,Course 9501,Benjamin Converse,—,—,—,Fall 2026,N/A,2026-08-04T03:48:56.435Z
PSYC,9501,Course 9501,Noelle Hurd,—,—,—,Fall 2026,N/A,2026-08-04T03:48:56.435Z
PSYC,9501,Course 9501,Tobias Grossmann,—,—,—,Fall 2026,N/A,2026-08-04T03:48:56.435Z
PSYC,9501,Course 9501,Amrisha Vaish,—,—,—,Fall 2026,N/A,2026-08-04T03:48:56.435Z
PSYC,9501,Course 9501,Xin Tong,—,—,—,Fall 2026,N/A,2026-08-04T03:48:56.435Z
PSYC,9501,Course 9501,Lanice Avery,—,—,—,Fall 2026,N/A,2026-08-04T03:48:56.435Z
PSYC,9501,Course 9501,Jianhua Cang,—,—,—,Fall 2026,N/A,2026-08-04T03:48:56.435Z
PSYC,9501,Course 9501,Xiaorong Liu,—,—,—,Fall 2026,N/A,2026-08-04T03:48:56.435Z
PSYC,9501,Course 9501,Per Sederberg,—,—,—,Fall 2026,N/A,2026-08-04T03:48:56.435Z
PSYC,9501,Course 9501,Hudson Golino,—,—,—,Fall 2026,N/A,2026-08-04T03:48:56.435Z
PSYC,9501,Course 9501,Nicole Long,—,—,—,Fall 2026,N/A,2026-08-04T03:48:56.435Z
PSYC,9501,Course 9501,Daniel Meliza,—,—,—,Fall 2026,N/A,2026-08-04T03:48:56.435Z
PSYC,9501,Course 9501,M. Meyer,—,—,—,Fall 2026,N/A,2026-08-04T03:48:56.435Z
PSYC,9501,Course 9501,Adrienne Wood,—,—,—,Fall 2026,N/A,2026-08-04T03:48:56.435Z
PSYC,9501,Course 9501,Jazmin Brown-Iannuzzi,—,—,—,Fall 2026,N/A,2026-08-04T03:48:56.435Z
PSYC,9501,Course 9501,John Horn,—,—,—,Fall 2026,N/A,2026-08-04T03:48:56.435Z
PSYC,9501,Course 9501,Adema Ribic,—,—,—,Fall 2026,N/A,2026-08-04T03:48:56.435Z
PSYC,9501,Course 9501,Teague Henry,—,—,—,Fall 2026,N/A,2026-08-04T03:48:56.435Z
PSYC,9501,Course 9501,Paul Perrin,—,—,—,Fall 2026,N/A,2026-08-04T03:48:56.435Z
PSYC,9501,Course 9501,Channing Mathews,—,—,—,Fall 2026,N/A,2026-08-04T03:48:56.435Z
PSYC,9501,Course 9501,Jennifer MacCormack,—,—,—,Fall 2026,N/A,2026-08-04T03:48:56.435Z
PSYC,9501,Course 9501,Abigail Scholer,—,—,—,Fall 2026,N/A,2026-08-04T03:48:56.435Z
PSYC,9501,Course 9501,Stefanie Sequeira,—,—,—,Fall 2026,N/A,2026-08-04T03:48:56.435Z
PSYC,9502,Course 9502,James Coan,—,—,—,Fall 2026,N/A,2026-08-04T03:48:59.371Z
PSYC,9502,Course 9502,Chad Dodson,4.00,—,—,Fall 2026,N/A,2026-08-04T03:48:59.371Z
PSYC,9502,Course 9502,Alev Erisir,4.00,—,—,Fall 2026,N/A,2026-08-04T03:48:59.371Z
PSYC,9502,Course 9502,Vikram Jaswal,4.00,—,—,Fall 2026,N/A,2026-08-04T03:48:59.371Z
PSYC,9502,Course 9502,Angeline Lillard,4.00,—,—,Fall 2026,N/A,2026-08-04T03:48:59.371Z
PSYC,9502,Course 9502,Cedric Williams,—,—,—,Fall 2026,N/A,2026-08-04T03:48:59.371Z
PSYC,9502,Course 9502,Bethany Teachman,—,—,—,Fall 2026,N/A,2026-08-04T03:48:59.371Z
PSYC,9502,Course 9502,Eric Turkheimer,—,—,—,Fall 2026,N/A,2026-08-04T03:48:59.371Z
PSYC,9502,Course 9502,Benjamin Converse,4.00,—,—,Fall 2026,N/A,2026-08-04T03:48:59.371Z
PSYC,9502,Course 9502,Tobias Grossmann,4.00,—,—,Fall 2026,N/A,2026-08-04T03:48:59.371Z
PSYC,9502,Course 9502,Xin Tong,4.00,—,—,Fall 2026,N/A,2026-08-04T03:48:59.371Z
PSYC,9502,Course 9502,Jianhua Cang,—,—,—,Fall 2026,N/A,2026-08-04T03:48:59.371Z
PSYC,9502,Course 9502,Xiaorong Liu,—,—,—,Fall 2026,N/A,2026-08-04T03:48:59.371Z
PSYC,9502,Course 9502,Per Sederberg,4.00,—,—,Fall 2026,N/A,2026-08-04T03:48:59.371Z
PSYC,9502,Course 9502,Hudson Golino,4.00,—,—,Fall 2026,N/A,2026-08-04T03:48:59.371Z
PSYC,9502,Course 9502,Nicole Long,4.00,—,—,Fall 2026,N/A,2026-08-04T03:48:59.371Z
PSYC,9502,Course 9502,Adrienne Wood,—,—,—,Fall 2026,N/A,2026-08-04T03:48:59.371Z
PSYC,9502,Course 9502,Jazmin Brown-Iannuzzi,4.00,—,—,Fall 2026,N/A,2026-08-04T03:48:59.371Z
PSYC,9502,Course 9502,Adema Ribic,—,—,—,Fall 2026,N/A,2026-08-04T03:48:59.371Z
PSYC,9502,Course 9502,Teague Henry,—,—,—,Fall 2026,N/A,2026-08-04T03:48:59.371Z
PSYC,9502,Course 9502,Zhihao Zhang,—,—,—,Fall 2026,N/A,2026-08-04T03:48:59.371Z
PSYC,9502,Course 9502,Paul Perrin,—,—,—,Fall 2026,N/A,2026-08-04T03:48:59.371Z
PSYC,9502,Course 9502,Jennifer MacCormack,—,—,—,Fall 2026,N/A,2026-08-04T03:48:59.371Z
PSYC,9502,Course 9502,Abigail Scholer,—,—,—,Fall 2026,N/A,2026-08-04T03:48:59.371Z
PSYC,9502,Course 9502,Lauren DiNicola,—,—,—,Fall 2026,N/A,2026-08-04T03:48:59.371Z
PSYC,9980,Course 9980,Stefanie Sequeira,—,—,—,Fall 2026,N/A,2026-08-04T03:49:02.309Z
PSYC,9998,Course 9998,Steven Boker,—,—,—,Fall 2026,N/A,2026-08-04T03:49:05.246Z
PSYC,9998,Course 9998,James Coan,—,—,—,Fall 2026,N/A,2026-08-04T03:49:05.246Z
PSYC,9998,Course 9998,Chad Dodson,—,—,—,Fall 2026,N/A,2026-08-04T03:49:05.246Z
PSYC,9998,Course 9998,Alev Erisir,—,—,—,Fall 2026,N/A,2026-08-04T03:49:05.246Z
PSYC,9998,Course 9998,Vikram Jaswal,—,—,—,Fall 2026,N/A,2026-08-04T03:49:05.246Z
PSYC,9998,Course 9998,Angeline Lillard,—,—,—,Fall 2026,N/A,2026-08-04T03:49:05.246Z
PSYC,9998,Course 9998,James Morris,—,—,—,Fall 2026,N/A,2026-08-04T03:49:05.246Z
PSYC,9998,Course 9998,Cedric Williams,—,—,—,Fall 2026,N/A,2026-08-04T03:49:05.246Z
PSYC,9998,Course 9998,Daniel Willingham,—,—,—,Fall 2026,N/A,2026-08-04T03:49:05.246Z
PSYC,9998,Course 9998,Jessica Connelly,—,—,—,Fall 2026,N/A,2026-08-04T03:49:05.246Z
PSYC,9998,Course 9998,Karen Schmidt,—,—,—,Fall 2026,N/A,2026-08-04T03:49:05.246Z
PSYC,9998,Course 9998,Sophie Trawalter,—,—,—,Fall 2026,N/A,2026-08-04T03:49:05.246Z
PSYC,9998,Course 9998,Brian Nosek,—,—,—,Fall 2026,N/A,2026-08-04T03:49:05.246Z
PSYC,9998,Course 9998,Timothy Wilson,—,—,—,Fall 2026,N/A,2026-08-04T03:49:05.246Z
PSYC,9998,Course 9998,Joseph Allen,—,—,—,Fall 2026,N/A,2026-08-04T03:49:05.246Z
PSYC,9998,Course 9998,Robert Emery,—,—,—,Fall 2026,N/A,2026-08-04T03:49:05.246Z
PSYC,9998,Course 9998,Patricia Llewellyn,—,—,—,Fall 2026,N/A,2026-08-04T03:49:05.246Z
PSYC,9998,Course 9998,Bethany Teachman,—,—,—,Fall 2026,N/A,2026-08-04T03:49:05.246Z
PSYC,9998,Course 9998,Eric Turkheimer,—,—,—,Fall 2026,N/A,2026-08-04T03:49:05.246Z
PSYC,9998,Course 9998,Benjamin Converse,—,—,—,Fall 2026,N/A,2026-08-04T03:49:05.246Z
PSYC,9998,Course 9998,Noelle Hurd,—,—,—,Fall 2026,N/A,2026-08-04T03:49:05.246Z
PSYC,9998,Course 9998,Tobias Grossmann,—,—,—,Fall 2026,N/A,2026-08-04T03:49:05.246Z
PSYC,9998,Course 9998,Amrisha Vaish,—,—,—,Fall 2026,N/A,2026-08-04T03:49:05.246Z
PSYC,9998,Course 9998,Xin Tong,—,—,—,Fall 2026,N/A,2026-08-04T03:49:05.246Z
PSYC,9998,Course 9998,Lanice Avery,—,—,—,Fall 2026,N/A,2026-08-04T03:49:05.246Z
PSYC,9998,Course 9998,Jianhua Cang,—,—,—,Fall 2026,N/A,2026-08-04T03:49:05.246Z
PSYC,9998,Course 9998,Xiaorong Liu,—,—,—,Fall 2026,N/A,2026-08-04T03:49:05.246Z
PSYC,9998,Course 9998,Per Sederberg,—,—,—,Fall 2026,N/A,2026-08-04T03:49:05.246Z
PSYC,9998,Course 9998,Hudson Golino,—,—,—,Fall 2026,N/A,2026-08-04T03:49:05.246Z
PSYC,9998,Course 9998,Nicole Long,—,—,—,Fall 2026,N/A,2026-08-04T03:49:05.246Z
PSYC,9998,Course 9998,Daniel Meliza,—,—,—,Fall 2026,N/A,2026-08-04T03:49:05.246Z
PSYC,9998,Course 9998,Adrienne Wood,—,—,—,Fall 2026,N/A,2026-08-04T03:49:05.246Z
PSYC,9998,Course 9998,Jazmin Brown-Iannuzzi,—,—,—,Fall 2026,N/A,2026-08-04T03:49:05.246Z
PSYC,9998,Course 9998,Adema Ribic,—,—,—,Fall 2026,N/A,2026-08-04T03:49:05.246Z
PSYC,9998,Course 9998,Teague Henry,—,—,—,Fall 2026,N/A,2026-08-04T03:49:05.246Z
PSYC,9998,Course 9998,Kevin Pelphrey,—,—,—,Fall 2026,N/A,2026-08-04T03:49:05.246Z
PSYC,9998,Course 9998,Channing Mathews,—,—,—,Fall 2026,N/A,2026-08-04T03:49:05.246Z
PSYC,9998,Course 9998,Stefanie Sequeira,—,—,—,Fall 2026,N/A,2026-08-04T03:49:05.246Z
RELA,2750,Course 2750,Cynthia Hoehler-Fatton,3.24,4.1,3.3,Fall 2026,tuth 12:30pm - 1:45pm,2026-08-04T03:49:14.627Z
RELA,3890,Course 3890,Cynthia Hoehler-Fatton,3.28,4.6,2.7,Fall 2026,mowe 2:00pm - 3:15pm,2026-08-04T03:49:17.568Z
RELA,5620,Course 5620,Jalane Schmidt,4.00,—,—,Fall 2026,N/A,2026-08-04T03:49:20.492Z
RELA,5750,Course 5750,Cynthia Hoehler-Fatton,—,—,—,Fall 2026,tuth 12:30pm - 1:45pm,2026-08-04T03:49:23.407Z
RELC,1210,Course 1210,Martien Halvorson-Taylor,3.10,4.1,3.3,Fall 2026,mowe 10:00am - 10:50am,2026-08-04T03:49:33.942Z
RELC,1210,Course 1210,To Announced,—,—,—,Fall 2026,N/A,2026-08-04T03:49:33.942Z
RELC,2215,Course 2215,To Announced,—,5.0,3.0,Fall 2026,tuth 12:30pm - 1:45pm,2026-08-04T03:49:36.877Z
RELC,3043,Course 3043,James Henry,3.75,4.7,3.0,Fall 2026,N/A,2026-08-04T03:49:42.708Z
RELC,3115,Course 3115,James Henry,3.79,4.8,3.0,Fall 2026,tuth 9:30am - 10:45am,2026-08-04T03:49:45.631Z
RELC,3115,Course 3115,To Announced,—,—,—,Fall 2026,N/A,2026-08-04T03:49:45.631Z
RELC,8702,Course 8702,Janet Spittler,—,—,—,Fall 2026,N/A,2026-08-04T03:49:56.468Z
RELG,1000,Course 1000,Jalane Schmidt,3.54,—,—,Fall 2026,N/A,2026-08-04T03:50:07.557Z
RELG,1000,Course 1000,Kai Parker,3.80,—,—,Fall 2026,N/A,2026-08-04T03:50:07.557Z
RELG,1010,Course 1010,Karl Shuve,—,—,—,Fall 2026,mowe 10:00am - 10:50am,2026-08-04T03:50:10.493Z
RELG,1010,Course 1010,To Announced,—,—,—,Fall 2026,N/A,2026-08-04T03:50:10.493Z
RELG,2210,Course 2210,To Announced,—,—,—,Fall 2026,tuth 3:30pm - 4:45pm; tuth 2:00pm - 3:15pm,2026-08-04T03:50:16.321Z
RELG,2266,Course 2266,Nichole Flores,3.72,4.7,1.5,Fall 2026,N/A,2026-08-04T03:50:19.240Z
RELG,2266,Course 2266,To Announced,—,—,—,Fall 2026,N/A,2026-08-04T03:50:19.240Z
RELG,2630,Course 2630,Charles Mathewes,3.66,2.8,3.5,Fall 2026,N/A,2026-08-04T03:50:24.235Z
RELG,2630,Course 2630,To Announced,—,—,—,Fall 2026,N/A,2026-08-04T03:50:24.235Z
RELG,3200,Course 3200,Kai Parker,—,—,—,Fall 2026,N/A,2026-08-04T03:50:27.217Z
RELG,3300,Course 3300,To Announced,—,—,—,Fall 2026,N/A,2026-08-04T03:50:31.833Z
RELG,3730,Course 3730,Ashon Crawley,—,—,—,Fall 2026,N/A,2026-08-04T03:50:34.805Z
RELG,4500,Course 4500,To Announced,—,—,—,Fall 2026,N/A,2026-08-04T03:50:37.719Z
RELG,4800,Course 4800,Elizabeth Alexander,3.88,—,—,Fall 2026,N/A,2026-08-04T03:50:40.641Z
RELG,5801,Course 5801,Elizabeth Alexander,3.73,—,—,Fall 2026,N/A,2026-08-04T03:50:46.500Z
RELG,5835,Course 5835,Julie Cassaniti,—,—,—,Fall 2026,N/A,2026-08-04T03:50:49.412Z
RELG,7360,Course 7360,Nichole Flores,—,—,—,Fall 2026,N/A,2026-08-04T03:50:52.321Z
RELG,8762,Course 8762,Kai Parker,—,—,—,Fall 2026,N/A,2026-08-04T03:50:58.163Z
SLAV,2360,Course 2360,Stanley Stepanic,3.78,4.6,1.6,Fall 2026,mowe 3:30pm - 4:45pm,2026-08-04T03:51:08.160Z
SLAV,9999,Course 9999,David Herman,—,—,—,Fall 2026,N/A,2026-08-04T03:51:11.086Z
RUSS,1010,Course 1010,Anna Borovskaya-Ellis,3.79,4.8,3.0,Fall 2026,tuth 3:30pm - 4:20pm; tuth 9:30am - 10:20am,2026-08-04T03:51:21.181Z
RUSS,1010,Course 1010,Mira Nikolova,—,—,—,Fall 2026,N/A,2026-08-04T03:51:21.181Z
RUSS,2010,Course 2010,Madelyn Stuart,3.63,—,—,Fall 2026,tuth 11:00am - 12:15pm,2026-08-04T03:51:24.108Z
RUSS,2010,Course 2010,Jason Schultz,—,—,—,Fall 2026,N/A,2026-08-04T03:51:24.108Z
RUSS,2010,Course 2010,Mira Nikolova,—,—,—,Fall 2026,tuth 9:30am - 10:45am,2026-08-04T03:51:24.108Z
RUSS,3000,Course 3000,Anna Borovskaya-Ellis,—,—,—,Fall 2026,N/A,2026-08-04T03:51:27.033Z
RUSS,3010,Course 3010,Anna Borovskaya-Ellis,3.77,—,—,Fall 2026,mowefr 10:00am - 10:50am,2026-08-04T03:51:29.944Z
RUSS,3010,Course 3010,Bryant Beadles,—,—,—,Fall 2026,mowefr 10:00am - 10:50am,2026-08-04T03:51:29.944Z
RUSS,3030,Course 3030,Anna Borovskaya-Ellis,—,—,—,Fall 2026,N/A,2026-08-04T03:51:32.871Z
RUSS,4010,Course 4010,Katia Dianina,3.86,5.0,3.0,Fall 2026,tuth 12:30pm - 1:45pm,2026-08-04T03:51:35.775Z
RUSS,5050,Course 5050,Anna Borovskaya-Ellis,—,—,—,Fall 2026,mowe 1:00pm - 1:50pm; mowe 2:00pm - 2:50pm,2026-08-04T03:51:38.690Z
RUSS,9999,Course 9999,David Herman,—,—,—,Fall 2026,N/A,2026-08-04T03:51:41.597Z
NESC,3960,Course 3960,Barry Condron,4.00,—,—,Fall 2026,N/A,2026-08-04T03:52:05.593Z
NESC,3960,Course 3960,George Bloom,3.92,—,—,Fall 2026,N/A,2026-08-04T03:52:05.593Z
NESC,3960,Course 3960,Christopher Deppmann,3.98,—,—,Fall 2026,N/A,2026-08-04T03:52:05.593Z
NESC,3960,Course 3960,Jay Hirsh,4.00,—,—,Fall 2026,N/A,2026-08-04T03:52:05.593Z
NESC,3960,Course 3960,Sarah Kucenas,4.00,—,—,Fall 2026,N/A,2026-08-04T03:52:05.593Z
NESC,3960,Course 3960,Alev Erisir,3.81,—,—,Fall 2026,N/A,2026-08-04T03:52:05.593Z
NESC,3960,Course 3960,Cedric Williams,—,—,—,Fall 2026,N/A,2026-08-04T03:52:05.593Z
NESC,3960,Course 3960,Roger Abounader,—,—,—,Fall 2026,N/A,2026-08-04T03:52:05.593Z
NESC,3960,Course 3960,Jessica Connelly,4.00,—,—,Fall 2026,N/A,2026-08-04T03:52:05.593Z
NESC,3960,Course 3960,Bradford Worrall,—,—,—,Fall 2026,N/A,2026-08-04T03:52:05.593Z
NESC,3960,Course 3960,Bettina Winckler,4.00,—,—,Fall 2026,N/A,2026-08-04T03:52:05.593Z
NESC,3960,Course 3960,Douglas Bayliss,4.00,—,—,Fall 2026,N/A,2026-08-04T03:52:05.593Z
NESC,3960,Course 3960,Noelle Dwyer,4.00,—,—,Fall 2026,N/A,2026-08-04T03:52:05.593Z
NESC,3960,Course 3960,Jaideep Kapur,4.00,—,—,Fall 2026,N/A,2026-08-04T03:52:05.593Z
NESC,3960,Course 3960,Manoj Patel,4.00,—,—,Fall 2026,N/A,2026-08-04T03:52:05.593Z
NESC,3960,Course 3960,Edward Perez-Reyes,4.00,—,—,Fall 2026,N/A,2026-08-04T03:52:05.593Z
NESC,3960,Course 3960,Benjamin Purow,3.85,—,—,Fall 2026,N/A,2026-08-04T03:52:05.593Z
NESC,3960,Course 3960,Scott Zeitlin,—,—,—,Fall 2026,N/A,2026-08-04T03:52:05.593Z
NESC,3960,Course 3960,Zhiyi Zuo,—,—,—,Fall 2026,N/A,2026-08-04T03:52:05.593Z
NESC,3960,Course 3960,Wendy Lynch,4.00,—,—,Fall 2026,N/A,2026-08-04T03:52:05.593Z
NESC,3960,Course 3960,Hui Li,—,—,—,Fall 2026,N/A,2026-08-04T03:52:05.593Z
NESC,3960,Course 3960,Jung-Bum Shin,4.00,—,—,Fall 2026,N/A,2026-08-04T03:52:05.593Z
NESC,3960,Course 3960,Mark Beenhakker,4.00,—,—,Fall 2026,N/A,2026-08-04T03:52:05.593Z
NESC,3960,Course 3960,John Campbell,—,—,—,Fall 2026,N/A,2026-08-04T03:52:05.593Z
NESC,3960,Course 3960,Hui Zong,4.00,—,—,Fall 2026,N/A,2026-08-04T03:52:05.593Z
NESC,3960,Course 3960,David Kashatus,—,—,—,Fall 2026,N/A,2026-08-04T03:52:05.593Z
NESC,3960,Course 3960,Bimal Desai,—,—,—,Fall 2026,N/A,2026-08-04T03:52:05.593Z
NESC,3960,Course 3960,Alban Gaultier,3.94,—,—,Fall 2026,N/A,2026-08-04T03:52:05.593Z
NESC,3960,Course 3960,Sarah Siegrist,3.00,—,—,Fall 2026,N/A,2026-08-04T03:52:05.593Z
NESC,3960,Course 3960,Ali Guler,4.00,—,—,Fall 2026,N/A,2026-08-04T03:52:05.593Z
NESC,3960,Course 3960,Tajie Harris,—,—,—,Fall 2026,N/A,2026-08-04T03:52:05.593Z
NESC,3960,Course 3960,Rebecca Pompano,—,—,—,Fall 2026,N/A,2026-08-04T03:52:05.593Z
NESC,3960,Course 3960,Tobias Grossmann,4.00,—,—,Fall 2026,N/A,2026-08-04T03:52:05.593Z
NESC,3960,Course 3960,John Lukens,4.00,—,—,Fall 2026,N/A,2026-08-04T03:52:05.593Z
NESC,3960,Course 3960,Daniel Gioeli,—,—,—,Fall 2026,N/A,2026-08-04T03:52:05.593Z
NESC,3960,Course 3960,Jianhua Cang,—,—,—,Fall 2026,N/A,2026-08-04T03:52:05.593Z
NESC,3960,Course 3960,Xiaorong Liu,4.00,—,—,Fall 2026,N/A,2026-08-04T03:52:05.593Z
NESC,3960,Course 3960,Tracy Larson,—,—,—,Fall 2026,N/A,2026-08-04T03:52:05.593Z
NESC,3960,Course 3960,Sarah Ewald,—,—,—,Fall 2026,N/A,2026-08-04T03:52:05.593Z
NESC,3960,Course 3960,Chia-Yi Kuan,—,—,—,Fall 2026,N/A,2026-08-04T03:52:05.593Z
NESC,3960,Course 3960,Nicole Long,—,—,—,Fall 2026,N/A,2026-08-04T03:52:05.593Z
NESC,3960,Course 3960,Ukpong Eyo,4.00,—,—,Fall 2026,N/A,2026-08-04T03:52:05.593Z
NESC,3960,Course 3960,Tanya Evans,—,—,—,Fall 2026,N/A,2026-08-04T03:52:05.593Z
NESC,3960,Course 3960,Sara Riggs,—,—,—,Fall 2026,N/A,2026-08-04T03:52:05.593Z
NESC,3960,Course 3960,Adema Ribic,—,—,—,Fall 2026,N/A,2026-08-04T03:52:05.593Z
NESC,3960,Course 3960,Meghan Puglia,4.00,—,—,Fall 2026,N/A,2026-08-04T03:52:05.593Z
NESC,3960,Course 3960,Cirle Warren,—,—,—,Fall 2026,N/A,2026-08-04T03:52:05.593Z
NESC,3960,Course 3960,Stephen Abbott,—,—,—,Fall 2026,N/A,2026-08-04T03:52:05.593Z
NESC,3960,Course 3960,Andrew Southerland,—,—,—,Fall 2026,N/A,2026-08-04T03:52:05.593Z
NESC,3960,Course 3960,Harald Sontheimer,—,—,—,Fall 2026,N/A,2026-08-04T03:52:05.593Z
NESC,3960,Course 3960,Teague Henry,—,—,—,Fall 2026,N/A,2026-08-04T03:52:05.593Z
NESC,3960,Course 3960,Sanja Arandjelovic,—,—,—,Fall 2026,N/A,2026-08-04T03:52:05.593Z
NESC,3960,Course 3960,Jaeda Coutinho-Budd,—,—,—,Fall 2026,N/A,2026-08-04T03:52:05.593Z
NESC,3960,Course 3960,Kevin Pelphrey,—,—,—,Fall 2026,N/A,2026-08-04T03:52:05.593Z
NESC,3960,Course 3960,Jeff Liu,—,—,—,Fall 2026,N/A,2026-08-04T03:52:05.593Z
NESC,3960,Course 3960,Jennifer MacCormack,—,—,—,Fall 2026,N/A,2026-08-04T03:52:05.593Z
NESC,3960,Course 3960,Elise Cope,—,—,—,Fall 2026,N/A,2026-08-04T03:52:05.593Z
NESC,3960,Course 3960,Todd Bauer,—,—,—,Fall 2026,N/A,2026-08-04T03:52:05.593Z
NESC,3960,Course 3960,Sarah Flowers,—,—,—,Fall 2026,N/A,2026-08-04T03:52:05.593Z
NESC,3960,Course 3960,Lulu Jiang,—,—,—,Fall 2026,N/A,2026-08-04T03:52:05.593Z
NESC,3960,Course 3960,Xudong Li,—,—,—,Fall 2026,N/A,2026-08-04T03:52:05.593Z
NESC,3960,Course 3960,Joshua Wythe,—,—,—,Fall 2026,N/A,2026-08-04T03:52:05.593Z
NESC,3960,Course 3960,Xin Ma,—,—,—,Fall 2026,N/A,2026-08-04T03:52:05.593Z
NESC,3960,Course 3960,Edward Nieh,—,—,—,Fall 2026,N/A,2026-08-04T03:52:05.593Z
NESC,3960,Course 3960,Virginia Gallagher,—,—,—,Fall 2026,N/A,2026-08-04T03:52:05.593Z
NESC,3960,Course 3960,Ian Wenker,—,—,—,Fall 2026,N/A,2026-08-04T03:52:05.593Z
NESC,3960,Course 3960,Patrick Finan,—,—,—,Fall 2026,N/A,2026-08-04T03:52:05.593Z
NESC,3960,Course 3960,Lily Cheng,—,—,—,Fall 2026,N/A,2026-08-04T03:52:05.593Z
NESC,3960,Course 3960,Jenna Leclerc,—,—,—,Fall 2026,N/A,2026-08-04T03:52:05.593Z
NESC,3960,Course 3960,Yingtang Shi,—,—,—,Fall 2026,N/A,2026-08-04T03:52:05.593Z
NESC,3960,Course 3960,Ashley Brandebura,—,—,—,Fall 2026,N/A,2026-08-04T03:52:05.593Z
NESC,3960,Course 3960,Madhusmita Misra,—,—,—,Fall 2026,N/A,2026-08-04T03:52:05.593Z
NESC,3980,Course 3980,Jay Hirsh,3.94,—,—,Fall 2026,tu 3:30pm - 5:50pm; tba,2026-08-04T03:52:08.527Z
NESC,3995,Course 3995,Christopher Deppmann,—,—,—,Fall 2026,N/A,2026-08-04T03:52:11.454Z
NESC,3995,Course 3995,Jay Hirsh,—,—,—,Fall 2026,N/A,2026-08-04T03:52:11.454Z
NESC,3995,Course 3995,Sarah Kucenas,—,—,—,Fall 2026,N/A,2026-08-04T03:52:11.454Z
NESC,3995,Course 3995,Alev Erisir,—,—,—,Fall 2026,N/A,2026-08-04T03:52:11.454Z
NESC,3995,Course 3995,Jessica Connelly,—,—,—,Fall 2026,N/A,2026-08-04T03:52:11.454Z
NESC,3995,Course 3995,Douglas Bayliss,—,—,—,Fall 2026,N/A,2026-08-04T03:52:11.454Z
NESC,3995,Course 3995,Jaideep Kapur,—,—,—,Fall 2026,N/A,2026-08-04T03:52:11.454Z
NESC,3995,Course 3995,Manoj Patel,—,—,—,Fall 2026,N/A,2026-08-04T03:52:11.454Z
NESC,3995,Course 3995,Wendy Lynch,—,—,—,Fall 2026,N/A,2026-08-04T03:52:11.454Z
NESC,3995,Course 3995,Mark Beenhakker,—,—,—,Fall 2026,N/A,2026-08-04T03:52:11.454Z
NESC,3995,Course 3995,John Campbell,—,—,—,Fall 2026,N/A,2026-08-04T03:52:11.454Z
NESC,3995,Course 3995,Bimal Desai,—,—,—,Fall 2026,N/A,2026-08-04T03:52:11.454Z
NESC,3995,Course 3995,Alban Gaultier,—,—,—,Fall 2026,N/A,2026-08-04T03:52:11.454Z
NESC,3995,Course 3995,Tobias Grossmann,—,—,—,Fall 2026,N/A,2026-08-04T03:52:11.454Z
NESC,3995,Course 3995,Tracy Larson,—,—,—,Fall 2026,N/A,2026-08-04T03:52:11.454Z
NESC,3995,Course 3995,Heather Ferris,—,—,—,Fall 2026,N/A,2026-08-04T03:52:11.454Z
NESC,3995,Course 3995,Chia-Yi Kuan,—,—,—,Fall 2026,N/A,2026-08-04T03:52:11.454Z
NESC,3995,Course 3995,Ukpong Eyo,—,—,—,Fall 2026,N/A,2026-08-04T03:52:11.454Z
NESC,3995,Course 3995,Daniel Meliza,—,—,—,Fall 2026,N/A,2026-08-04T03:52:11.454Z
NESC,3995,Course 3995,Adema Ribic,—,—,—,Fall 2026,N/A,2026-08-04T03:52:11.454Z
NESC,3995,Course 3995,Meghan Puglia,—,—,—,Fall 2026,N/A,2026-08-04T03:52:11.454Z
NESC,3995,Course 3995,Stephen Abbott,—,—,—,Fall 2026,N/A,2026-08-04T03:52:11.454Z
NESC,3995,Course 3995,Harald Sontheimer,—,—,—,Fall 2026,N/A,2026-08-04T03:52:11.454Z
NESC,3995,Course 3995,Jaeda Coutinho-Budd,—,—,—,Fall 2026,N/A,2026-08-04T03:52:11.454Z
NESC,3995,Course 3995,Bhanu Tewari,—,—,—,Fall 2026,N/A,2026-08-04T03:52:11.454Z
NESC,3995,Course 3995,Jeff Liu,—,—,—,Fall 2026,N/A,2026-08-04T03:52:11.454Z
NESC,3995,Course 3995,Jennifer MacCormack,—,—,—,Fall 2026,N/A,2026-08-04T03:52:11.454Z
NESC,3995,Course 3995,Todd Bauer,—,—,—,Fall 2026,N/A,2026-08-04T03:52:11.454Z
NESC,3995,Course 3995,Sarah Flowers,—,—,—,Fall 2026,N/A,2026-08-04T03:52:11.454Z
NESC,3995,Course 3995,Lulu Jiang,—,—,—,Fall 2026,N/A,2026-08-04T03:52:11.454Z
NESC,3995,Course 3995,Joshua Wythe,—,—,—,Fall 2026,N/A,2026-08-04T03:52:11.454Z
NESC,3995,Course 3995,Patrick Finan,—,—,—,Fall 2026,N/A,2026-08-04T03:52:11.454Z
NESC,4030,Course 4030,Gwendolyn Lewis,3.65,—,—,Fall 2026,fr 2:00pm - 3:15pm,2026-08-04T03:52:14.365Z
NESC,4265,Course 4265,Xiaorong Liu,3.74,5.0,3.7,Fall 2026,mowefr 10:00am - 10:50am,2026-08-04T03:52:19.375Z
NESC,4970,Course 4970,Barry Condron,—,—,—,Fall 2026,N/A,2026-08-04T03:52:22.315Z
NESC,4970,Course 4970,Christopher Deppmann,4.00,—,—,Fall 2026,N/A,2026-08-04T03:52:22.315Z
NESC,4970,Course 4970,Jay Hirsh,4.00,—,—,Fall 2026,N/A,2026-08-04T03:52:22.315Z
NESC,4970,Course 4970,Sarah Kucenas,4.00,—,—,Fall 2026,N/A,2026-08-04T03:52:22.315Z
NESC,4970,Course 4970,Alev Erisir,3.96,—,—,Fall 2026,N/A,2026-08-04T03:52:22.315Z
NESC,4970,Course 4970,James Morris,4.00,—,—,Fall 2026,N/A,2026-08-04T03:52:22.315Z
NESC,4970,Course 4970,Jessica Connelly,4.00,—,—,Fall 2026,N/A,2026-08-04T03:52:22.315Z
NESC,4970,Course 4970,Jaideep Kapur,—,—,—,Fall 2026,N/A,2026-08-04T03:52:22.315Z
NESC,4970,Course 4970,Manoj Patel,4.00,—,—,Fall 2026,N/A,2026-08-04T03:52:22.315Z
NESC,4970,Course 4970,Benjamin Purow,3.70,—,—,Fall 2026,N/A,2026-08-04T03:52:22.315Z
NESC,4970,Course 4970,Wendy Lynch,4.00,—,—,Fall 2026,N/A,2026-08-04T03:52:22.315Z
NESC,4970,Course 4970,Mark Beenhakker,3.94,—,—,Fall 2026,N/A,2026-08-04T03:52:22.315Z
NESC,4970,Course 4970,Alban Gaultier,4.00,—,—,Fall 2026,N/A,2026-08-04T03:52:22.315Z
NESC,4970,Course 4970,Sarah Siegrist,—,—,—,Fall 2026,N/A,2026-08-04T03:52:22.315Z
NESC,4970,Course 4970,Ali Guler,4.00,—,—,Fall 2026,N/A,2026-08-04T03:52:22.315Z
NESC,4970,Course 4970,Tajie Harris,—,—,—,Fall 2026,N/A,2026-08-04T03:52:22.315Z
NESC,4970,Course 4970,Rebecca Pompano,—,—,—,Fall 2026,N/A,2026-08-04T03:52:22.315Z
NESC,4970,Course 4970,John Lukens,4.00,—,—,Fall 2026,N/A,2026-08-04T03:52:22.315Z
NESC,4970,Course 4970,Jianhua Cang,—,—,—,Fall 2026,N/A,2026-08-04T03:52:22.315Z
NESC,4970,Course 4970,Tracy Larson,—,—,—,Fall 2026,N/A,2026-08-04T03:52:22.315Z
NESC,4970,Course 4970,Per Sederberg,—,—,—,Fall 2026,N/A,2026-08-04T03:52:22.315Z
NESC,4970,Course 4970,Nicole Long,—,—,—,Fall 2026,N/A,2026-08-04T03:52:22.315Z
NESC,4970,Course 4970,Ukpong Eyo,—,—,—,Fall 2026,N/A,2026-08-04T03:52:22.315Z
NESC,4970,Course 4970,Tanya Evans,—,—,—,Fall 2026,N/A,2026-08-04T03:52:22.315Z
NESC,4970,Course 4970,John Horn,—,—,—,Fall 2026,N/A,2026-08-04T03:52:22.315Z
NESC,4970,Course 4970,Meghan Puglia,—,—,—,Fall 2026,N/A,2026-08-04T03:52:22.315Z
NESC,4970,Course 4970,Stephen Abbott,—,—,—,Fall 2026,N/A,2026-08-04T03:52:22.315Z
NESC,4970,Course 4970,Sanja Arandjelovic,—,—,—,Fall 2026,N/A,2026-08-04T03:52:22.315Z
NESC,4970,Course 4970,Jaeda Coutinho-Budd,—,—,—,Fall 2026,N/A,2026-08-04T03:52:22.315Z
NESC,4970,Course 4970,Kevin Pelphrey,—,—,—,Fall 2026,N/A,2026-08-04T03:52:22.315Z
NESC,4970,Course 4970,Jennifer MacCormack,—,—,—,Fall 2026,N/A,2026-08-04T03:52:22.315Z
NESC,4970,Course 4970,Elise Cope,—,—,—,Fall 2026,N/A,2026-08-04T03:52:22.315Z
NESC,4970,Course 4970,Jianjie Ma,—,—,—,Fall 2026,N/A,2026-08-04T03:52:22.315Z
NESC,4970,Course 4970,Lulu Jiang,—,—,—,Fall 2026,N/A,2026-08-04T03:52:22.315Z
NESC,4970,Course 4970,Ian Wenker,—,—,—,Fall 2026,N/A,2026-08-04T03:52:22.315Z
NESC,4970,Course 4970,Tsai-Yi Lu,—,—,—,Fall 2026,N/A,2026-08-04T03:52:22.315Z
NESC,7010,Course 7010,Tajie Harris,3.95,—,—,Fall 2026,tuth 1:00pm - 3:00pm,2026-08-04T03:52:25.231Z
NESC,8010,Course 8010,John Campbell,3.91,—,—,Fall 2026,tu 4:00pm - 5:00pm,2026-08-04T03:52:28.162Z
NESC,8030,Course 8030,Jung-Bum Shin,—,—,—,Fall 2026,N/A,2026-08-04T03:52:31.084Z
NESC,8040,Course 8040,Mark Beenhakker,—,—,—,Fall 2026,N/A,2026-08-04T03:52:33.978Z
NESC,8050,Course 8050,Ian Wenker,—,—,—,Fall 2026,N/A,2026-08-04T03:52:36.883Z
NESC,8080,Course 8080,Edward Nieh,3.92,—,—,Fall 2026,tu 3:00pm - 4:00pm,2026-08-04T03:52:39.799Z
NESC,8080,Course 8080,Tsai-Yi Lu,—,—,—,Fall 2026,tu 3:00pm - 4:00pm,2026-08-04T03:52:39.799Z
NESC,9998,Course 9998,Mark Beenhakker,—,—,—,Fall 2026,N/A,2026-08-04T03:52:42.718Z
NESC,9999,Course 9999,Barry Condron,—,—,—,Fall 2026,N/A,2026-08-04T03:52:45.657Z
NESC,9999,Course 9999,George Bloom,—,—,—,Fall 2026,N/A,2026-08-04T03:52:45.657Z
NESC,9999,Course 9999,Christopher Deppmann,—,—,—,Fall 2026,N/A,2026-08-04T03:52:45.657Z
NESC,9999,Course 9999,Jay Hirsh,—,—,—,Fall 2026,N/A,2026-08-04T03:52:45.657Z
NESC,9999,Course 9999,Sarah Kucenas,—,—,—,Fall 2026,N/A,2026-08-04T03:52:45.657Z
NESC,9999,Course 9999,Xiaowei Lu,—,—,—,Fall 2026,N/A,2026-08-04T03:52:45.657Z
NESC,9999,Course 9999,Alev Erisir,—,—,—,Fall 2026,N/A,2026-08-04T03:52:45.657Z
NESC,9999,Course 9999,Jessica Connelly,—,—,—,Fall 2026,N/A,2026-08-04T03:52:45.657Z
NESC,9999,Course 9999,William Petri,—,—,—,Fall 2026,N/A,2026-08-04T03:52:45.657Z
NESC,9999,Course 9999,Bettina Winckler,—,—,—,Fall 2026,N/A,2026-08-04T03:52:45.657Z
NESC,9999,Course 9999,Douglas Bayliss,—,—,—,Fall 2026,N/A,2026-08-04T03:52:45.657Z
NESC,9999,Course 9999,Noelle Dwyer,—,—,—,Fall 2026,N/A,2026-08-04T03:52:45.657Z
NESC,9999,Course 9999,Jaideep Kapur,—,—,—,Fall 2026,N/A,2026-08-04T03:52:45.657Z
NESC,9999,Course 9999,Manoj Patel,—,—,—,Fall 2026,N/A,2026-08-04T03:52:45.657Z
NESC,9999,Course 9999,Edward Perez-Reyes,—,—,—,Fall 2026,N/A,2026-08-04T03:52:45.657Z
NESC,9999,Course 9999,Benjamin Purow,—,—,—,Fall 2026,N/A,2026-08-04T03:52:45.657Z
NESC,9999,Course 9999,Scott Zeitlin,—,—,—,Fall 2026,N/A,2026-08-04T03:52:45.657Z
NESC,9999,Course 9999,Zhiyi Zuo,—,—,—,Fall 2026,N/A,2026-08-04T03:52:45.657Z
NESC,9999,Course 9999,Wendy Lynch,—,—,—,Fall 2026,N/A,2026-08-04T03:52:45.657Z
NESC,9999,Course 9999,Jung-Bum Shin,—,—,—,Fall 2026,N/A,2026-08-04T03:52:45.657Z
NESC,9999,Course 9999,Mark Beenhakker,—,—,—,Fall 2026,N/A,2026-08-04T03:52:45.657Z
NESC,9999,Course 9999,John Campbell,—,—,—,Fall 2026,N/A,2026-08-04T03:52:45.657Z
NESC,9999,Course 9999,Richard Price,—,—,—,Fall 2026,N/A,2026-08-04T03:52:45.657Z
NESC,9999,Course 9999,Hui Zong,—,—,—,Fall 2026,N/A,2026-08-04T03:52:45.657Z
NESC,9999,Course 9999,Alban Gaultier,—,—,—,Fall 2026,N/A,2026-08-04T03:52:45.657Z
NESC,9999,Course 9999,Sarah Siegrist,—,—,—,Fall 2026,N/A,2026-08-04T03:52:45.657Z
NESC,9999,Course 9999,Ali Guler,—,—,—,Fall 2026,N/A,2026-08-04T03:52:45.657Z
NESC,9999,Course 9999,Kyle Lampe,—,—,—,Fall 2026,N/A,2026-08-04T03:52:45.657Z
NESC,9999,Course 9999,Tajie Harris,—,—,—,Fall 2026,N/A,2026-08-04T03:52:45.657Z
NESC,9999,Course 9999,John Lukens,—,—,—,Fall 2026,N/A,2026-08-04T03:52:45.657Z
NESC,9999,Course 9999,Eli Zunder,—,—,—,Fall 2026,N/A,2026-08-04T03:52:45.657Z
NESC,9999,Course 9999,Jose Provencio,—,—,—,Fall 2026,N/A,2026-08-04T03:52:45.657Z
NESC,9999,Course 9999,Jianhua Cang,—,—,—,Fall 2026,N/A,2026-08-04T03:52:45.657Z
NESC,9999,Course 9999,Xiaorong Liu,—,—,—,Fall 2026,N/A,2026-08-04T03:52:45.657Z
NESC,9999,Course 9999,Sarah Ewald,—,—,—,Fall 2026,N/A,2026-08-04T03:52:45.657Z
NESC,9999,Course 9999,Heather Ferris,—,—,—,Fall 2026,N/A,2026-08-04T03:52:45.657Z
NESC,9999,Course 9999,Chia-Yi Kuan,—,—,—,Fall 2026,N/A,2026-08-04T03:52:45.657Z
NESC,9999,Course 9999,Petr Tvrdik,—,—,—,Fall 2026,N/A,2026-08-04T03:52:45.657Z
NESC,9999,Course 9999,Nicole Long,—,—,—,Fall 2026,N/A,2026-08-04T03:52:45.657Z
NESC,9999,Course 9999,Ukpong Eyo,—,—,—,Fall 2026,N/A,2026-08-04T03:52:45.657Z
NESC,9999,Course 9999,Nadia Lunardi,—,—,—,Fall 2026,N/A,2026-08-04T03:52:45.657Z
NESC,9999,Course 9999,Jill Venton,—,—,—,Fall 2026,N/A,2026-08-04T03:52:45.657Z
NESC,9999,Course 9999,Daniel Meliza,—,—,—,Fall 2026,N/A,2026-08-04T03:52:45.657Z
NESC,9999,Course 9999,John Horn,—,—,—,Fall 2026,N/A,2026-08-04T03:52:45.657Z
NESC,9999,Course 9999,Adema Ribic,—,—,—,Fall 2026,N/A,2026-08-04T03:52:45.657Z
NESC,9999,Course 9999,ANNA CLIFFE,—,—,—,Fall 2026,N/A,2026-08-04T03:52:45.657Z
NESC,9999,Course 9999,Harald Sontheimer,—,—,—,Fall 2026,N/A,2026-08-04T03:52:45.657Z
NESC,9999,Course 9999,Natasha Sheybani,—,—,—,Fall 2026,N/A,2026-08-04T03:52:45.657Z
NESC,9999,Course 9999,Jaeda Coutinho-Budd,—,—,—,Fall 2026,N/A,2026-08-04T03:52:45.657Z
NESC,9999,Course 9999,Kevin Pelphrey,—,—,—,Fall 2026,N/A,2026-08-04T03:52:45.657Z
NESC,9999,Course 9999,Elise Cope,—,—,—,Fall 2026,N/A,2026-08-04T03:52:45.657Z
NESC,9999,Course 9999,Sarah Flowers,—,—,—,Fall 2026,N/A,2026-08-04T03:52:45.657Z
NESC,9999,Course 9999,Lulu Jiang,—,—,—,Fall 2026,N/A,2026-08-04T03:52:45.657Z
NESC,9999,Course 9999,Joshua Wythe,—,—,—,Fall 2026,N/A,2026-08-04T03:52:45.657Z
NESC,9999,Course 9999,Edward Nieh,—,—,—,Fall 2026,N/A,2026-08-04T03:52:45.657Z
NESC,9999,Course 9999,Ian Wenker,—,—,—,Fall 2026,N/A,2026-08-04T03:52:45.657Z
NESC,9999,Course 9999,Roxann Roberson-Nay,—,—,—,Fall 2026,N/A,2026-08-04T03:52:45.657Z
NESC,9999,Course 9999,Tsai-Yi Lu,—,—,—,Fall 2026,N/A,2026-08-04T03:52:45.657Z
NESC,9999,Course 9999,Xin Li,—,—,—,Fall 2026,N/A,2026-08-04T03:52:45.657Z
COMM,1800,Course 1800,Elaine Costa,3.38,4.0,2.4,Fall 2026,tuth 9:30am - 10:45am; tuth 2:00pm - 3:15pm,2026-08-04T03:52:58.576Z
COMM,1800,Course 1800,David Costanza,3.50,4.1,2.7,Fall 2026,tuth 11:00am - 12:15pm; tuth 12:30pm - 1:45pm; tuth 3:30pm - 4:45pm,2026-08-04T03:52:58.576Z
COMM,2001,Course 2001,Roger Martin,3.26,3.7,5.0,Fall 2026,tuth 8:00am - 9:15am; tuth 9:30am - 10:45am; tuth 11:00am - 12:15pm,2026-08-04T03:53:01.487Z
COMM,2001,Course 2001,Faculty Staff,—,—,—,Fall 2026,N/A,2026-08-04T03:53:01.487Z
COMM,2001,Course 2001,Jill Mitchell,3.40,3.6,2.7,Fall 2026,tuth 12:30pm - 1:45pm; tuth 2:00pm - 3:15pm; tuth 3:30pm - 4:45pm,2026-08-04T03:53:01.487Z
COMM,2002,Course 2002,William McCartney,3.37,4.3,4.0,Fall 2026,tuth 8:00am - 9:15am; tuth 9:30am - 10:45am; tuth 2:00pm - 3:15pm,2026-08-04T03:53:04.410Z
COMM,2002,Course 2002,Gretchen Gamrat,3.13,—,—,Fall 2026,tuth 11:00am - 12:15pm,2026-08-04T03:53:04.410Z
COMM,2003,Course 2003,Adam Kerpelman,3.52,—,—,Fall 2026,tuth 12:30pm - 1:45pm; tuth 3:30pm - 4:45pm,2026-08-04T03:53:07.325Z
COMM,2730,Course 2730,Dorothy Kelly,3.81,3.6,1.9,Fall 2026,mowe 8:00am - 9:15am; mowe 11:00am - 12:15pm,2026-08-04T03:53:13.158Z
COMM,3200,Course 3200,To Announced,—,—,—,Fall 2026,tuth 9:30am - 10:45am,2026-08-04T03:53:16.077Z
COMM,3200,Course 3200,Abby Mandell,3.95,—,—,Fall 2026,mowe 9:30am - 10:45am; mowe 12:30pm - 1:45pm,2026-08-04T03:53:16.077Z
COMM,3220,Course 3220,Stefano Grazioli,3.62,2.8,2.3,Fall 2026,tuth 12:30pm - 1:45pm; tuth 2:00pm - 3:15pm,2026-08-04T03:53:19.000Z
COMM,3220,Course 3220,Kara Henderson,—,—,—,Fall 2026,mowe 2:00pm - 3:15pm,2026-08-04T03:53:19.000Z
COMM,3230,Course 3230,To Announced,—,—,—,Fall 2026,mowe 11:00am - 12:15pm; mowe 12:30pm - 1:45pm,2026-08-04T03:53:21.934Z
COMM,3330,Course 3330,Reeves Johnson,—,—,—,Fall 2026,mowe 11:00am - 12:15pm; mowe 12:30pm - 1:45pm,2026-08-04T03:53:24.832Z
COMM,3410,Course 3410,Sherri Moore,3.42,4.3,2.8,Fall 2026,tuth 11:00am - 12:15pm; tuth 12:30pm - 1:45pm,2026-08-04T03:53:27.840Z
COMM,3420,Course 3420,Sherri Moore,3.63,4.3,2.3,Fall 2026,tuth 2:00pm - 3:15pm,2026-08-04T03:53:30.767Z
COMM,3559,Course 3559,Craig Lefanowicz,—,—,—,Fall 2026,tuth 2:00pm - 3:15pm,2026-08-04T03:53:33.703Z
COMM,3700,Course 3700,Robert Webb,—,—,—,Fall 2026,tuth 3:30pm - 4:45pm,2026-08-04T03:53:36.622Z
COMM,3720,Course 3720,Carola Schenone,3.30,3.2,3.4,Fall 2026,mowe 12:30pm - 1:45pm; mowe 2:00pm - 3:15pm,2026-08-04T03:53:39.542Z
COMM,3880,Course 3880,Phoebe Crisman,3.55,—,—,Fall 2026,tuth 2:00pm - 3:15pm,2026-08-04T03:53:42.457Z
COMM,4211,Course 4211,Dorothy Leidner,3.71,2.9,1.3,Fall 2026,tuth 2:00pm - 3:15pm,2026-08-04T03:53:45.373Z
COMM,4259,Course 4259,To Announced,—,—,—,Fall 2026,tuth 12:30pm - 1:45pm,2026-08-04T03:53:48.308Z
COMM,4260,Course 4260,Jingjing Li,3.66,3.8,3.0,Fall 2026,mowe 11:00am - 12:15pm; mowe 2:00pm - 3:15pm,2026-08-04T03:53:51.236Z
COMM,4310,Course 4310,Irina Kozlenkova,3.63,4.0,3.0,Fall 2026,tuth 9:30am - 10:45am; tuth 12:30pm - 1:45pm,2026-08-04T03:53:54.158Z
COMM,4371,Course 4371,Derick Davis,3.99,—,—,Fall 2026,tuth 11:00am - 12:15pm,2026-08-04T03:53:57.083Z
COMM,4373,Course 4373,Derick Davis,—,—,—,Fall 2026,N/A,2026-08-04T03:53:59.999Z
COMM,4380,Course 4380,Amar Cheema,3.42,4.6,2.8,Fall 2026,tuth 11:00am - 12:15pm,2026-08-04T03:54:02.917Z
COMM,4450,Course 4450,Harry Franks,3.45,2.5,5.0,Fall 2026,mowe 9:30am - 10:45am; mowe 11:00am - 12:15pm,2026-08-04T03:54:05.835Z
COMM,4620,Course 4620,Kisha Lashley,—,—,—,Fall 2026,mowe 9:30am - 10:45am; mowe 11:00am - 12:15pm,2026-08-04T03:54:08.750Z
COMM,4641,Course 4641,Robert Patterson,3.87,4.7,1.5,Fall 2026,tuth 12:30pm - 1:45pm,2026-08-04T03:54:11.666Z
COMM,4643,Course 4643,Marcia Pentz,3.88,5.0,3.0,Fall 2026,tuth 3:30pm - 4:45pm,2026-08-04T03:54:14.590Z
COMM,4644,Course 4644,Kiera Allison,3.64,—,—,Fall 2026,mowe 11:00am - 12:15pm,2026-08-04T03:54:17.499Z
COMM,4660,Course 4660,Paul Seaborn,3.57,2.6,2.6,Fall 2026,tuth 11:00am - 12:15pm,2026-08-04T03:54:20.420Z
COMM,4680,Course 4680,Charles Ransler,3.68,3.9,2.3,Fall 2026,mowe 11:00am - 12:15pm; mowe 2:00pm - 3:15pm,2026-08-04T03:54:23.334Z
COMM,4681,Course 4681,Charles Ransler,—,—,—,Fall 2026,tu 2:00pm - 4:45pm,2026-08-04T03:54:26.247Z
COMM,4690,Course 4690,Kisha Lashley,—,—,—,Fall 2026,mowe 2:00pm - 3:15pm,2026-08-04T03:54:29.158Z
COMM,4710,Course 4710,Patrik Sandas,3.41,2.3,3.8,Fall 2026,tuth 12:30pm - 1:45pm; tuth 11:00am - 12:15pm; mowe 11:00am - 12:15pm,2026-08-04T03:54:32.088Z
COMM,4710,Course 4710,Sheisha Kulkarni,3.69,3.6,3.8,Fall 2026,mowe 9:30am - 10:45am; mowe 12:30pm - 1:45pm; mowe 2:00pm - 3:15pm,2026-08-04T03:54:32.088Z
COMM,4720,Course 4720,Felicia Marston,3.47,4.1,3.6,Fall 2026,tuth 11:00am - 12:15pm; tuth 12:30pm - 1:45pm,2026-08-04T03:54:34.996Z
COMM,4720,Course 4720,Carola Schenone,3.55,4.6,3.0,Fall 2026,mowe 9:30am - 10:45am,2026-08-04T03:54:34.997Z
COMM,4741,Course 4741,Peter Maillet,3.51,4.1,3.7,Fall 2026,tuth 9:30am - 10:45am; tuth 12:30pm - 1:45pm,2026-08-04T03:54:37.918Z
COMM,4780,Course 4780,Larry Kochard,3.63,—,—,Fall 2026,tuth 2:00pm - 3:15pm,2026-08-04T03:54:40.844Z
COMM,4790,Course 4790,To Announced,—,—,—,Fall 2026,mowe 9:30am - 10:45am; mowe 12:30pm - 1:45pm; mowe 2:00pm - 3:15pm,2026-08-04T03:54:43.777Z
COMM,4821,Course 4821,Mark White,3.71,—,—,Fall 2026,mowe 11:00am - 12:15pm,2026-08-04T03:54:46.695Z
COMM,4840,Course 4840,Dorothy Leidner,—,—,—,Fall 2026,N/A,2026-08-04T03:54:49.626Z
COMM,4899,Course 4899,Daniel Steeper,—,—,—,Fall 2026,N/A,2026-08-04T03:54:52.534Z
COMM,5130,Course 5130,Yingri YU,3.40,1.3,4.0,Fall 2026,tuth 12:30pm - 1:45pm; tuth 2:00pm - 3:15pm,2026-08-04T03:54:55.449Z
COMM,5140,Course 5140,Andrea Roberts,3.56,4.3,1.9,Fall 2026,mowe 9:30am - 10:45am; mowe 11:00am - 12:15pm,2026-08-04T03:54:58.386Z
COMM,5559,Course 5559,Yi Liang,—,—,—,Fall 2026,tuth 3:30pm - 4:45pm,2026-08-04T03:55:01.312Z
COMM,5700,Course 5700,Robert Webb,3.62,4.1,2.1,Fall 2026,tuth 12:30pm - 1:45pm,2026-08-04T03:55:04.234Z
CGBM,2110,Course 2110,To Announced,—,—,—,Fall 2026,tuth 8:00am - 9:15am; tuth 8:00am - 9:15am; tuth 9:30am - 10:45am,2026-08-04T03:55:13.643Z
CGBM,2210,Course 2210,To Announced,—,—,—,Fall 2026,tuth 8:00am - 9:15am; tuth 8:00am - 9:15am; tuth 3:30pm - 4:45pm; tuth 3:30pm - 4:45pm,2026-08-04T03:55:16.561Z
CGBM,2310,Course 2310,To Announced,—,5.0,2.0,Fall 2026,tuth 3:30pm - 4:45pm; tuth 3:30pm - 4:45pm; tuth 5:00pm - 6:15pm; tuth 5:00pm - 6:15pm,2026-08-04T03:55:19.476Z
CGBM,2710,Course 2710,Larry Murphy,3.51,4.3,3.0,Fall 2026,tuth 9:30am - 10:45am; tuth 3:30pm - 4:45pm; tuth 3:30pm - 4:45pm,2026-08-04T03:55:22.408Z
ENTP,1010,Course 1010,Bevin Etienne,3.83,3.4,1.1,Fall 2026,mowe 9:30am - 10:45am; mowe 11:00am - 12:15pm; mowe 12:30pm - 1:45pm,2026-08-04T03:56:28.563Z
ENTP,1010,Course 1010,Charles Ransler,3.73,4.8,2.5,Fall 2026,mowe 3:30pm - 4:45pm,2026-08-04T03:56:28.563Z
ENTP,1010,Course 1010,Paul Cherukuri,—,—,—,Fall 2026,tuth 2:00pm - 3:15pm,2026-08-04T03:56:28.563Z
ENTP,1501,Course 1501,Jeremy Marcel,—,—,—,Fall 2026,tba,2026-08-04T03:56:31.497Z
ENTP,1501,Course 1501,Mark White,—,—,—,Fall 2026,tba,2026-08-04T03:56:31.497Z
ENTP,1501,Course 1501,Adam Koch,—,—,—,Fall 2026,tba,2026-08-04T03:56:31.497Z
ENTP,1501,Course 1501,Roger Martin,—,—,—,Fall 2026,tba; tba; tba; tba,2026-08-04T03:56:31.497Z
ENTP,1501,Course 1501,Kiera Allison,—,—,—,Fall 2026,tba,2026-08-04T03:56:31.497Z
ENTP,1501,Course 1501,Saras Sarasvathy,—,—,—,Fall 2026,tba,2026-08-04T03:56:31.497Z
ENTP,1501,Course 1501,George Geis,—,—,—,Fall 2026,tba,2026-08-04T03:56:31.497Z
ENTP,1501,Course 1501,Jingjing Li,—,—,—,Fall 2026,tba,2026-08-04T03:56:31.497Z
ENTP,1501,Course 1501,Steven Johnson,—,—,—,Fall 2026,tba,2026-08-04T03:56:31.497Z
ENTP,1501,Course 1501,Matthew Wheelock,—,—,—,Fall 2026,tba,2026-08-04T03:56:31.497Z
ENTP,1501,Course 1501,Charles Ransler,—,—,—,Fall 2026,tba,2026-08-04T03:56:31.497Z
ENTP,1501,Course 1501,Chad Ratliff,—,—,—,Fall 2026,tba,2026-08-04T03:56:31.497Z
ENTP,1501,Course 1501,Adam Kerpelman,—,—,—,Fall 2026,tba,2026-08-04T03:56:31.497Z
ENTP,1501,Course 1501,Jim Zuffoletti,—,—,—,Fall 2026,tba,2026-08-04T03:56:31.497Z
ENTP,1501,Course 1501,Peter Kaye,—,—,—,Fall 2026,tba,2026-08-04T03:56:31.497Z
ENTP,1501,Course 1501,Zack Kass,—,—,—,Fall 2026,tba,2026-08-04T03:56:31.497Z
